Name,Release date,Estimated owners,Price,DLC count,Header image,Median playtime forever,Categories,Genres,Tags,Game age,Website,Estimated yearly revenue,Bayesian votes,Characteristics
The WereCleaner,2024-05-07,0.6780830971139326,0.0,1,https://shared.akamai.steamstatic.com/store_item_assets/steam/apps/2795000/header.jpg?t=1743640867,0,"Single-player,Steam Achievements,Full controller support","Action,Casual,Indie,Strategy,Free To Play","Stealth,Casual,Cartoony,Dark Humor,Strategy,Cute,Arcade,Singleplayer,Tactical,Free to Play,Retro,Action-Adventure,Colorful,Werewolves,3D,Comedy,Top-Down,Indie,Action,Controller",2.0,https://store.steampowered.com/app/2795000/,0.0,0.9940342613964286,casual controller tactical werewolves actionadventure singleplayer colorful cartoon arcade action indie darkhumor 3d freetoplay retro stealth cute comedy topdown strategy
HoloCure - Save the Fans!,2023-08-16,0.755384370197392,0.0,0,https://shared.akamai.steamstatic.com/store_item_assets/steam/apps/2420510/header.jpg?t=1740642230,0,"Single-player,Steam Achievements,Partial Controller Support,Steam Cloud","Action,Adventure,Casual,Indie","Pixel Graphics,Bullet Hell,Anime,Action Roguelike,Cute,Rogue-lite,2D,Action,Top-Down Shooter,Singleplayer,Casual,Female Protagonist,Arcade,Colorful,Fishing,Farming,Score Attack,Fantasy,Free to Play,Comedy",2.72,https://store.steampowered.com/app/2420510/,0.0,0.990355879527814,casual fantasy pixelgraphics actionroguelike fishing femaleprotagonist controller roguelite adventure singleplayer anime colorful arcade 2d scoreattack farming action indie bullethell freetoplay topdownshooter cute comedy
Buy a Croquette!,2024-04-27,0.6330768564718121,0.0,2,https://shared.akamai.steamstatic.com/store_item_assets/steam/apps/2167960/a0356eadf036626e2187ee90ede2b46fa85cb115/header.jpg?t=1758256758,230,"Single-player,Steam Achievements,Full controller support,Steam Cloud","Adventure,Casual,Indie,RPG,Strategy,Free To Play","RPGMaker,Mystery,Sci-fi,Puzzle,Psychological Horror,Funny,Multiple Endings,Female Protagonist,Exploration,Strategy,JRPG,Interactive Fiction,Pixel Graphics,Strategy RPG,Casual,Drama,RPG,Adventure,Visual Novel,Anime",2.02,https://store.steampowered.com/app/2167960/,0.0,0.9896891305404716,casual controller pixelgraphics funny femaleprotagonist jrpg interactivefiction puzzle adventure anime rpgmaker visualnovel psychologicalhorror drama strategyrpg indie rpg freetoplay exploration mystery singleplayer scifi multipleendings strategy
Our Life: Beginnings & Always,2020-11-16,0.7185660793429937,0.0,9,https://shared.akamai.steamstatic.com/store_item_assets/steam/apps/1129190/header.jpg?t=1745249279,461,"Single-player,Steam Achievements","Casual,Indie,Free To Play","Visual Novel,Romance,LGBTQ+,Character Customization,Dating Sim,Choices Matter,Free to Play,Choose Your Own Adventure,Cute,Relaxing,Multiple Endings,Otome,Interactive Fiction,Replay Value,Singleplayer,Indie,Casual,Funny,Drama,Comedy",5.47,https://store.steampowered.com/app/1129190/,0.0,0.9880079405169144,casual romance otome funny relaxing charactercustomization interactivefiction replayvalue singleplayer visualnovel datingsim chooseyourownadventure drama indie freetoplay lgbtq+ choicesmatter cute multipleendings comedy
Word Game: Episode 0,2021-01-14,0.6330768564718121,0.0,0,https://shared.akamai.steamstatic.com/store_item_assets/steam/apps/1507970/header.jpg?t=1734721449,36,Single-player,"Adventure,Indie,RPG,Strategy","Minimalist,Indie,Pixel Graphics,Puzzle,Free to Play,RPG,Choose Your Own Adventure,2D Platformer,Adventure,Exploration,JRPG,Strategy,2D,Noir,Story Rich,Linear,Narration,Stylized,Magic,Atmospheric",5.31,https://store.steampowered.com/app/1507970/,0.0,0.9869286976678188,pixelgraphics jrpg storyrich puzzle adventure minimalist narration 2d noir stylized chooseyourownadventure linear indie rpg 2dplatformer freetoplay magic exploration singleplayer atmospheric strategy
NOeSIS02_羽化,2021-11-08,0.5962588843196084,0.0,0,https://shared.akamai.steamstatic.com/store_item_assets/steam/apps/1423370/header.jpg?t=1653380493,0,Single-player,"Adventure,Casual,Free To Play,Indie,RPG,Simulation","RPG,2D,Anime,Cute,Casual,Horror,Singleplayer,Interactive Fiction,Story Rich,Strategy,Dating Sim,Psychological Horror,FPS,Mystery,Sexual Content,Free to Play,Romance,Hentai,Indie,Gore",4.49,https://store.steampowered.com/app/1423370/,0.0,0.9865967676641546,casual romance simulation interactivefiction storyrich adventure singleplayer anime gore 2d datingsim psychologicalhorror fps indie rpg freetoplay horror mystery sexualcontent cute hentai strategy
DOTOKOI / 像素男友,2019-12-23,0.5962588843196084,0.0,0,https://shared.akamai.steamstatic.com/store_item_assets/steam/apps/1198320/header.jpg?t=1577155964,0,"Single-player,Steam Cloud","Casual,Indie,RPG","Casual,RPG,Indie,Female Protagonist,Pixel Graphics,Visual Novel,Otome,Free to Play,Anime",6.37,https://store.steampowered.com/app/1198320/,0.0,0.9861678015262448,casual singleplayer pixelgraphics indie rpg otome anime femaleprotagonist visualnovel freetoplay
Grimm's Hollow,2019-10-30,0.7185660793429937,0.0,1,https://shared.akamai.steamstatic.com/store_item_assets/steam/apps/1170880/header.jpg?t=1630243141,88,"Single-player,Partial Controller Support,Steam Cloud","Adventure,Free To Play,Indie,RPG","Free to Play,Pixel Graphics,RPG,Indie,Singleplayer,Story Rich,Adventure,Cute,Multiple Endings,RPGMaker,Turn-Based,2D,Great Soundtrack,Female Protagonist,Emotional,Short,Turn-Based Combat,Atmospheric,JRPG,Horror",6.52,https://store.steampowered.com/app/1170880/,0.0,0.9857876840100962,pixelgraphics turnbased femaleprotagonist jrpg controller emotional storyrich greatsoundtrack turnbasedcombat adventure singleplayer rpgmaker 2d short indie rpg freetoplay horror cute multipleendings atmospheric
The Supper,2020-01-28,0.6330768564718121,0.0,2,https://shared.akamai.steamstatic.com/store_item_assets/steam/apps/1171370/header.jpg?t=1741430422,0,Single-player,"Adventure,Casual,Indie,Free To Play","Cooking,Point & Click,Adventure,Dark Humor,Female Protagonist,Story Rich,Pixel Graphics,Horror,Gore,Psychological Horror,Puzzle,Mystery,Dark,Free to Play,Indie,Surreal,Hidden Object,Singleplayer,Casual,Short",6.27,https://store.steampowered.com/app/1171370/,0.0,0.9853660200824216,casual cooking pixelgraphics surreal femaleprotagonist hiddenobject storyrich puzzle adventure singleplayer gore psychologicalhorror short indie darkhumor dark freetoplay horror mystery pointandclick
Batman: Arkham City,2011-11-15,0.5962588843196084,0.0,5,https://shared.akamai.steamstatic.com/store_item_assets/steam/apps/57400/header.jpg?t=1684482795,1067,"Single-player,Steam Achievements,Partial Controller Support,Steam Cloud","Action,Adventure","Action,Adventure,Open World,Third Person,Superhero,Singleplayer,Stealth",14.47,https://store.steampowered.com/app/57400/,0.0,0.9837155375770168,singleplayer action adventure thirdperson controller superhero stealth openworld
A Date with Death,2023-12-07,0.7185660793429937,0.0,4,https://shared.akamai.steamstatic.com/store_item_assets/steam/apps/2415010/header.jpg?t=1760661830,212,"Single-player,Steam Achievements","Indie,Simulation,Free To Play","Dating Sim,Visual Novel,LGBTQ+,Romance,Otome,Character Customization,Free to Play,Choices Matter,Multiple Endings,Anime,Supernatural,Funny,Text-Based,Interactive Fiction,Story Rich,Choose Your Own Adventure,Comedy,Dark Fantasy,Immersive Sim,Life Sim",2.41,https://store.steampowered.com/app/2415010/,0.0,0.9824204891229968,supernatural romance otome funny simulation charactercustomization interactivefiction storyrich immersivesim anime visualnovel textbased datingsim chooseyourownadventure indie freetoplay darkfantasy lgbtq+ singleplayer choicesmatter multipleendings comedy lifesim
像素女友,2020-08-19,0.5962588843196084,0.0,0,https://shared.akamai.steamstatic.com/store_item_assets/steam/apps/1368860/header.jpg?t=1598292011,0,"Single-player,Steam Cloud","Adventure,Casual,Indie,RPG,Simulation","RPG,Indie,Casual,Adventure,Simulation,Free to Play,Dating Sim,Funny,Pixel Graphics,Visual Novel",5.71,https://store.steampowered.com/app/1368860/,0.0,0.9822479497456266,casual singleplayer datingsim pixelgraphics adventure indie rpg funny visualnovel simulation freetoplay
UOS Prototype,2020-10-12,0.4892366412165478,0.0,0,https://shared.akamai.steamstatic.com/store_item_assets/steam/apps/1422050/header.jpg?t=1603965727,0,,Early Access,"Early Access,3D,VR",5.56,https://store.steampowered.com/app/1422050/,0.0,0.9822444317720658,earlyaccess vr 3d
Cureocity,2024-03-21,0.6330768564718121,0.0,0,https://shared.akamai.steamstatic.com/store_item_assets/steam/apps/2612680/header.jpg?t=1727596063,0,Single-player,"Adventure,Indie","Indie,Cute,Adventure,Puzzle,Hand-drawn,Female Protagonist,Turn-Based Tactics,Turn-Based Strategy,2D,Cartoon,Wholesome,Relaxing,Drama,Cartoony,Emotional,Casual,Singleplayer,Turn-Based Combat,Exploration,Free to Play",2.12,https://store.steampowered.com/app/2612680/,0.0,0.9819503843774188,casual turnbasedtactics relaxing femaleprotagonist emotional puzzle turnbasedcombat adventure singleplayer cartoon 2d drama wholesome indie turnbasedstrategy freetoplay exploration cute handdrawn
Katawa Shoujo,2024-08-15,0.6330768564718121,0.0,1,https://shared.akamai.steamstatic.com/store_item_assets/steam/apps/3068300/header.jpg?t=1744712256,0,"Single-player,Steam Achievements,Steam Cloud","Casual,Indie,Free To Play","Visual Novel,Romance,Dating Sim,Multiple Endings,Anime,Choices Matter,Emotional,Text-Based,2D,Cute,Story Rich,Psychological,Relaxing,Casual,Singleplayer,Narration,Hand-drawn,Narrative,Choose Your Own Adventure,Simulation",1.72,https://store.steampowered.com/app/3068300/,0.0,0.9807476870968364,casual romance narrative relaxing simulation emotional storyrich singleplayer anime visualnovel psychological 2d narration textbased datingsim chooseyourownadventure indie freetoplay choicesmatter multipleendings cute handdrawn
Ticy Adventure Club,2022-12-02,0.6330768564718121,0.0,1,https://shared.akamai.steamstatic.com/store_item_assets/steam/apps/2135690/header.jpg?t=1734976832,0,Single-player,"Adventure,Free To Play,Indie,RPG","RPG,Cute,Story Rich,Psychological Horror,Drama,Horror,Pixel Graphics,Funny,Interactive Fiction,Visual Novel,Anime,Cartoony,Female Protagonist,Exploration,Adventure,Colorful,Cartoon,Singleplayer,2D,Free to Play",3.43,https://store.steampowered.com/app/2135690/,0.0,0.9796447915525888,pixelgraphics funny femaleprotagonist storyrich interactivefiction adventure singleplayer anime colorful visualnovel cartoon 2d psychologicalhorror drama indie rpg freetoplay exploration horror cute
Gravitas,2019-08-23,0.6780830971139326,0.0,0,https://shared.akamai.steamstatic.com/store_item_assets/steam/apps/1067310/header.jpg?t=1676827574,0,"Single-player,Steam Achievements,Full controller support,Steam Cloud","Action,Adventure,Free To Play,Indie","Free to Play,Puzzle,Puzzle-Platformer,Indie,Singleplayer,First-Person,Adventure,Funny,Sci-fi,3D Platformer,Comedy,Space,Parkour,Short,Dark Humor,Platformer,3D,Physics,Co-op",6.7,https://store.steampowered.com/app/1067310/,0.0,0.9795976359924784,3dplatformer controller funny puzzle adventure singleplayer parkour short action physics indie darkhumor 3d freetoplay puzzleplatformer platformer scifi firstperson comedy space coop
坦率的小红帽和爱说谎的狼,2020-01-13,0.5962588843196084,0.0,0,https://shared.akamai.steamstatic.com/store_item_assets/steam/apps/1216080/header.jpg?t=1578967235,0,Single-player,"Casual,Free To Play,RPG","Free to Play,RPG,Casual,Funny,Visual Novel,Anime,Pixel Graphics,Indie",6.31,https://store.steampowered.com/app/1216080/,0.0,0.9791154994410406,casual singleplayer pixelgraphics indie rpg anime funny visualnovel freetoplay
SuchArt: Creative Space,2021-01-21,0.7185660793429937,0.0,0,https://shared.akamai.steamstatic.com/store_item_assets/steam/apps/1469280/header.jpg?t=1709235889,66,"Single-player,Steam Achievements,Partial Controller Support","Action,Adventure,Casual,Indie,Simulation,Free To Play","Simulation,Free to Play,Sandbox,Singleplayer,First-Person,Realistic,Funny,Physics,Family Friendly,Adventure,Casual,Indie,Multiplayer,3D,Life Sim,Relaxing,Immersive Sim,Management,Resource Management,VR",5.29,https://store.steampowered.com/app/1469280/,0.0,0.9790105269685656,casual funny relaxing controller simulation multiplayer immersivesim familyfriendly adventure singleplayer realistic vr action physics resourcemanagement indie sandbox 3d freetoplay management firstperson lifesim
Perspective,2019-10-09,0.6330768564718121,0.0,0,https://shared.akamai.steamstatic.com/store_item_assets/steam/apps/1109410/header.jpg?t=1670244937,0,Single-player,Free To Play,"Free to Play,Puzzle,Puzzle-Platformer,Indie,3D,2D,Singleplayer,Short",6.57,https://store.steampowered.com/app/1109410/,0.0,0.9789736710989144,singleplayer short puzzle indie 2d 3d freetoplay puzzleplatformer
Bloody Hell,2023-01-27,0.6780830971139326,0.0,1,https://shared.akamai.steamstatic.com/store_item_assets/steam/apps/2056220/header.jpg?t=1721415490,0,"Single-player,Steam Achievements,Partial Controller Support","Action,Adventure,Indie,Free To Play","Bullet Hell,Metroidvania,Pixel Graphics,Indie,Twin Stick Shooter,Singleplayer,Gore,Souls-like,Free to Play,Demons,Top-Down,Nonlinear,Combat,Adventure,Action-Adventure,2D,Controller,Funny,Action,Gothic",3.27,https://store.steampowered.com/app/2056220/,0.0,0.978825951574579,pixelgraphics demons funny controller actionadventure gothic combat adventure singleplayer gore nonlinear 2d metroidvania soulslike action indie bullethell twinstickshooter freetoplay topdown
Loop-Loop DX,2020-04-20,0.5557766305439302,0.0,2,https://shared.akamai.steamstatic.com/store_item_assets/steam/apps/875610/header.jpg?t=1691381597,0,"Single-player,Steam Achievements,Full controller support","Action,Adventure,Free To Play,Indie","Free to Play,Indie,Action,Adventure,Great Soundtrack,2D,Bullet Hell",6.04,https://store.steampowered.com/app/875610/,0.0,0.9786642424041648,singleplayer greatsoundtrack controller action adventure indie bullethell 2d freetoplay
旅燕归航 Swallow Homing,2019-02-13,0.5962588843196084,0.0,0,https://shared.akamai.steamstatic.com/store_item_assets/steam/apps/1012240/header.jpg?t=1726215630,0,Single-player,Indie,"Indie,Free to Play,Visual Novel,Sci-fi",7.23,https://store.steampowered.com/app/1012240/,0.0,0.9781841239351337,singleplayer scifi indie visualnovel freetoplay
Google Spotlight Stories: Age of Sail,2018-11-13,0.5962588843196084,0.0,0,https://shared.akamai.steamstatic.com/store_item_assets/steam/apps/882110/header.jpg?t=1542156940,11,"Single-player,VR Only","Adventure,Free To Play","Free to Play,Adventure,VR,Sailing",7.48,https://store.steampowered.com/app/882110/,0.0,0.9779468875005012,singleplayer adventure vr freetoplay sailing
Virtual Cottage,2020-10-07,0.6780830971139326,0.0,2,https://shared.akamai.steamstatic.com/store_item_assets/steam/apps/1369320/header.jpg?t=1758606823,212,"Single-player,Steam Achievements,Custom Volume Controls,Mouse Only Option,Playable without Timed Input,Touch Only Option","Casual,Indie,Simulation,Free To Play","Cozy,Relaxing,Casual,Life Sim,Utilities,Wholesome,Music,Design & Illustration,Atmospheric,Cute,Immersive,Free to Play,Singleplayer,Family Friendly,Anime,Idler,Simulation,Indie,Colorful,Female Protagonist",5.58,https://store.steampowered.com/app/1369320/,0.0,0.9776722961764084,casual playablewithouttimedinput designandillustration relaxing femaleprotagonist simulation customvolumecontrols utilities familyfriendly singleplayer anime colorful idler immersive wholesome indie music touchonlyoption freetoplay mouseonly cute atmospheric cozy lifesim
A Space For The Unbound - Prologue,2020-01-22,0.5557766305439302,0.0,0,https://shared.akamai.steamstatic.com/store_item_assets/steam/apps/1201280/header.jpg?t=1761016191,33,"Single-player,Partial Controller Support","Adventure,Indie","Pixel Graphics,1990's,Adventure,Story Rich,Atmospheric,Relaxing,2D,Singleplayer,Supernatural,Casual,Emotional,Mystery,Exploration,Surreal,Walking Simulator,Philosophical,Anime,Action-Adventure,Point & Click,Foreign",6.29,https://store.steampowered.com/app/1201280/,0.0,0.9775503289314784,casual supernatural walkingsimulator pixelgraphics surreal relaxing controller actionadventure emotional storyrich adventure singleplayer anime 2d foreign indie 1990s exploration mystery philosophical pointandclick atmospheric
Helltaker,2020-05-11,0.8003907929561015,0.0,1,https://shared.akamai.steamstatic.com/store_item_assets/steam/apps/1289310/header.jpg?t=1620755466,75,"Single-player,Steam Achievements,Partial Controller Support","Adventure,Free To Play,Indie","Free to Play,Cute,Demons,Puzzle,Indie,Anime,Great Soundtrack,Sexual Content,Singleplayer,2D,Short,Comedy,Difficult,Adventure,Dating Sim,Hentai,Funny,Mature,Rhythm,Visual Novel",5.98,https://store.steampowered.com/app/1289310/,0.0,0.9775352485963597,demons funny controller greatsoundtrack puzzle adventure singleplayer anime visualnovel 2d short datingsim mature indie freetoplay rhythm sexualcontent cute hentai comedy difficult
Iron Snout,2016-01-27,0.8003907929561015,0.0,1,https://shared.akamai.steamstatic.com/store_item_assets/steam/apps/424280/header.jpg?t=1729102840,60,"Single-player,Steam Achievements,Partial Controller Support,Stats,Steam Leaderboards","Action,Indie,Free To Play","Free to Play,2D Fighter,Action,Funny,Fighting,Gore,2D,Indie,Singleplayer,Cartoon,Blood,Survival,Violent,Beat 'em up,Fast-Paced,Casual,Arcade,Cute,Difficult,Co-op",10.27,https://store.steampowered.com/app/424280/,0.0,0.9772714188267296,casual funny controller violent singleplayer gore arcade 2d survival beatemup action indie stats freetoplay fighting blood cartoon fastpaced 2dfighter cute coop difficult
Princess Remedy in a World of Hurt,2016-01-01,0.6780830971139326,0.0,0,https://shared.akamai.steamstatic.com/store_item_assets/steam/apps/407900/header.jpg?t=1728631375,67,"Single-player,Full controller support","Action,Adventure,Indie","Indie,Female Protagonist,Free to Play,Pixel Graphics,Retro,Adventure,Bullet Hell,Action,Great Soundtrack,Cute,Singleplayer,2D,Shoot 'Em Up,RPG,Funny,Short,Comedy,Shooter,LGBTQ+,Multiple Endings",10.34,https://store.steampowered.com/app/407900/,0.0,0.9768528863367852,controller pixelgraphics funny femaleprotagonist greatsoundtrack adventure singleplayer 2d short action indie rpg shooter bullethell freetoplay shootemup lgbtq+ cute multipleendings comedy retro
Grimhook,2023-12-08,0.6780830971139326,0.0,1,https://shared.akamai.steamstatic.com/store_item_assets/steam/apps/2667430/header.jpg?t=1727123556,0,Single-player,"Action,Adventure,Indie","Action,Adventure,First-Person,Action-Adventure,Platformer,3D Platformer,Shooter,FPS,Bullet Hell,Atmospheric,Stylized,Combat,Dystopian,Puzzle-Platformer,3D,Singleplayer,Fantasy,Precision Platformer,Hand-drawn,Supernatural",2.41,https://store.steampowered.com/app/2667430/,0.0,0.9764648473133748,3dplatformer fantasy supernatural actionadventure combat adventure singleplayer stylized fps action dystopian indie shooter bullethell 3d puzzleplatformer platformer firstperson handdrawn atmospheric precisionplatformer
NOeSIS01_诉说谎言记忆物语,2020-03-19,0.6330768564718121,0.0,0,https://shared.akamai.steamstatic.com/store_item_assets/steam/apps/1246020/header.jpg?t=1736778395,0,Single-player,"Casual,Indie,RPG,Free To Play","Visual Novel,RPG,Mystery,Indie,Psychological Horror,Horror,Anime,Casual,Cute,Strategy,Gore,Singleplayer,Free to Play,Romance,Story Rich,Sexual Content,Dating Sim,FPS,Nudity,Hentai",6.13,https://store.steampowered.com/app/1246020/,0.0,0.97578531379327,casual romance nudity storyrich singleplayer anime gore visualnovel psychologicalhorror datingsim fps indie rpg freetoplay horror mystery sexualcontent cute hentai strategy
Neighbours from Hell Compilation,2013-11-07,0.6780830971139326,0.0,0,https://shared.akamai.steamstatic.com/store_item_assets/steam/apps/260750/header.jpg?t=1726050067,53,"Single-player,Steam Cloud,Family Sharing","Adventure,Casual","Comedy,Casual,Classic,Funny,Puzzle,Point & Click,Singleplayer,Adventure,Stealth,Strategy,Nostalgia,Old School,Atmospheric,Great Soundtrack,2D,Arcade,Psychological Horror,Dark Humor,Indie",12.49,https://store.steampowered.com/app/260750/,0.0,0.9757688940957708,casual funny greatsoundtrack puzzle adventure singleplayer arcade 2d classic psychologicalhorror indie darkhumor stealth pointandclick oldschool nostalgia atmospheric comedy strategy
Eternal Senia,2015-06-18,0.7185660793429937,0.0,0,https://shared.akamai.steamstatic.com/store_item_assets/steam/apps/351640/header.jpg?t=1572504131,202,Single-player,"Action,Free To Play,Indie,RPG","Anime,Free to Play,RPG,Female Protagonist,RPGMaker,Singleplayer,Great Soundtrack,Indie,Story Rich,JRPG,Action,Cute,2D,Pixel Graphics,Fantasy,Action RPG,Multiple Endings,Puzzle,Casual,Visual Novel",10.88,https://store.steampowered.com/app/351640/,0.0,0.9754572087745912,casual fantasy pixelgraphics femaleprotagonist jrpg storyrich greatsoundtrack puzzle singleplayer anime rpgmaker visualnovel 2d actionrpg action indie rpg freetoplay cute multipleendings
Space Bear,2020-03-05,0.5557766305439302,0.0,0,https://shared.akamai.steamstatic.com/store_item_assets/steam/apps/1169200/header.jpg?t=1583739455,0,Single-player,"Adventure,Free To Play,Indie","Free to Play,Adventure,Indie,Text-Based,Typing,Nudity,Casual",6.17,https://store.steampowered.com/app/1169200/,0.0,0.9753050452386074,singleplayer casual typing adventure indie textbased freetoplay nudity
永冻之壳 The Shell of Permafrost,2018-12-09,0.5962588843196084,0.0,0,https://shared.akamai.steamstatic.com/store_item_assets/steam/apps/976940/header.jpg?t=1753217213,0,"Single-player,Steam Achievements","Casual,Indie,RPG,Free To Play","Free to Play,RPG,Anime,Indie,RPGMaker,Casual,Story Rich,Female Protagonist,Puzzle,Adventure,Pixel Graphics",7.41,https://store.steampowered.com/app/976940/,0.0,0.9751402628066244,storyrich casual singleplayer puzzle pixelgraphics adventure indie rpg anime rpgmaker femaleprotagonist freetoplay
Escape Lala - Retro Point and Click Adventure,2019-02-14,0.5557766305439302,0.0,0,https://shared.akamai.steamstatic.com/store_item_assets/steam/apps/909190/header.jpg?t=1573034806,0,Single-player,"Adventure,Free To Play,Indie","Free to Play,Adventure,Indie,Point & Click,Pixel Graphics,Retro,Puzzle,Singleplayer",7.22,https://store.steampowered.com/app/909190/,0.0,0.9748983011947362,singleplayer pointandclick puzzle pixelgraphics adventure indie freetoplay retro
Z Rush,2024-06-18,0.4892366412165478,0.0,0,https://shared.akamai.steamstatic.com/store_item_assets/steam/apps/2991740/header.jpg?t=1738669193,0,Single-player,"Indie,Free To Play","Hack and Slash,Indie,RTS,3D,Strategy,Zombies,Singleplayer,Free to Play",1.88,https://store.steampowered.com/app/2991740/,0.0,0.9741737189411864,singleplayer zombies indie rts 3d freetoplay strategy hackandslash
异化之恶〇Abnormal Treatment,2019-08-02,0.7185660793429937,0.0,1,https://shared.akamai.steamstatic.com/store_item_assets/steam/apps/1122750/header.jpg?t=1720597891,0,"Single-player,Steam Achievements","Adventure,Indie,RPG,Free To Play","RPGMaker,RPG,Cute,Adventure,Anime,Psychological Horror,Story Rich,Pixel Graphics,Female Protagonist,Puzzle,Horror,2D,Visual Novel,Multiple Endings,Singleplayer,Funny,JRPG,Free to Play,Indie,Sexual Content",6.76,https://store.steampowered.com/app/1122750/,0.0,0.9739501085495118,pixelgraphics funny femaleprotagonist jrpg storyrich puzzle adventure singleplayer anime rpgmaker visualnovel 2d psychologicalhorror indie rpg freetoplay horror sexualcontent cute multipleendings
Tukoni: Prologue,2020-11-19,0.6780830971139326,0.0,0,https://shared.akamai.steamstatic.com/store_item_assets/steam/apps/1419860/f17d63a7eb0b7718297e8ca4f702ff485339c1c5/header_alt_assets_2.jpg?t=1754633404,0,"Single-player,Steam Achievements","Adventure,Casual,Indie","Adventure,Casual,Point & Click,Puzzle,Platformer,Cute,2D Platformer,Puzzle-Platformer,Side Scroller,2D,Colorful,Hand-drawn,Stylized,Crafting,Linear,Free to Play,Singleplayer,Indie,Story Rich,Short",5.46,https://store.steampowered.com/app/1419860/,0.0,0.973906167073866,casual storyrich puzzle adventure singleplayer colorful 2d stylized short sidescroller indie linear 2dplatformer puzzleplatformer freetoplay platformer pointandclick cute handdrawn crafting
Swallow the Sea,2021-09-03,0.6330768564718121,0.0,1,https://shared.akamai.steamstatic.com/store_item_assets/steam/apps/1511860/header.jpg?t=1679178216,0,"Single-player,Steam Achievements,Full controller support","Action,Adventure,Casual,Free To Play,Indie","Action,Free to Play,Adventure,Exploration,Casual,2D,Survival,Indie,Pixel Graphics,Dark,Cute,Atmospheric,Dark Comedy,Lovecraftian,Dark Humor,Nature,Underwater,Submarine,Singleplayer,Horror",4.67,https://store.steampowered.com/app/1511860/,0.0,0.9738148811877922,casual controller pixelgraphics nature adventure singleplayer 2d survival action submarine indie dark darkhumor freetoplay exploration horror darkcomedy lovecraftian cute atmospheric underwater
Touhou Hero of Ice Fairy: Prologue,2021-12-17,0.6780830971139326,0.0,1,https://shared.akamai.steamstatic.com/store_item_assets/steam/apps/1715460/header.jpg?t=1726209884,64,"Single-player,Full controller support","Action,Adventure,Free To Play","Bullet Hell,Action,JRPG,Shooter,Action-Adventure,Female Protagonist,2D,Cute,Funny,Anime,Story Rich,Choices Matter,Drama,Comedy,Free to Play,Singleplayer,Adventure,Shoot 'Em Up,Faith,Souls-like",4.38,https://store.steampowered.com/app/1715460/,0.0,0.9733225500604216,controller funny femaleprotagonist jrpg actionadventure storyrich adventure singleplayer anime 2d soulslike drama action shooter bullethell freetoplay shootemup choicesmatter cute comedy faith
A Shopping Trip to Eklan Tor,2020-09-18,0.5962588843196084,0.0,0,https://shared.akamai.steamstatic.com/store_item_assets/steam/apps/1404360/header.jpg?t=1614371049,0,"Single-player,Tracked Controller Support,VR Only","Adventure,Casual,Free To Play,Indie","Casual,VR,Hidden Object,Investigation,Exploration,Collectathon,Cute,Relaxing,Atmospheric,Puzzle,Fantasy,Conversation,Narration,Family Friendly,Nature,Singleplayer,6DOF,Indie,Adventure,Free to Play",5.63,https://store.steampowered.com/app/1404360/,0.0,0.9731838112980612,casual fantasy relaxing controller hiddenobject puzzle nature familyfriendly adventure singleplayer conversation vr narration indie collectathon freetoplay exploration investigation cute atmospheric 6dof
Outcore: Desktop Adventure,2022-09-26,0.7185660793429937,0.0,3,https://shared.akamai.steamstatic.com/store_item_assets/steam/apps/1275670/80e7fbe78cffdfe76f29ba5857105885a52dd375/header.jpg?t=1762541873,0,"Single-player,Steam Achievements,Partial Controller Support,Steam Cloud","Action,Adventure,Indie,RPG,Simulation,Free To Play","Adventure,Psychological Horror,Free to Play,Story Rich,Comedy,Logic,Exploration,Choices Matter,Puzzle,Cute,Colorful,Funny,Pixel Graphics,Singleplayer,Emotional,Indie,Platformer,2D,Action,RPG",3.61,https://store.steampowered.com/app/1275670/,0.0,0.9731331397322762,pixelgraphics logic funny controller simulation emotional storyrich puzzle adventure singleplayer colorful 2d psychologicalhorror action indie rpg freetoplay exploration platformer choicesmatter cute comedy
Samsara Room,2020-04-29,0.7185660793429937,0.0,0,https://shared.akamai.steamstatic.com/store_item_assets/steam/apps/1281800/header.jpg?t=1667254367,92,"Single-player,Steam Achievements,Steam Cloud","Adventure,Free To Play,Indie","Indie,Adventure,Puzzle,Free to Play,Point & Click,Escape Room,Singleplayer,Psychological Horror,Short,Atmospheric,Surreal,Horror,2D,Story Rich,Mystery,Hand-drawn,Multiplayer,Immersive",6.02,https://store.steampowered.com/app/1281800/,0.0,0.9729168129981796,surreal multiplayer storyrich puzzle adventure singleplayer 2d escaperoom psychologicalhorror short immersive indie freetoplay horror mystery pointandclick handdrawn atmospheric
Star Fetchers,2020-01-17,0.7185660793429937,0.0,2,https://shared.akamai.steamstatic.com/store_item_assets/steam/apps/1178030/header.jpg?t=1758960225,51,Single-player,"Action,Adventure,Indie,Free To Play","Indie,Action,Free to Play,Adventure,Great Soundtrack,Violent,Gore,Story Rich,Cyberpunk,2D,Pixel Graphics,Funny,Atmospheric,Surreal,Singleplayer,Swordplay,Female Protagonist,Hack and Slash,Comedy,Dating Sim",6.3,https://store.steampowered.com/app/1178030/,0.0,0.9723163012278828,pixelgraphics surreal funny femaleprotagonist violent storyrich cyberpunk greatsoundtrack adventure singleplayer gore 2d swordplay datingsim action indie freetoplay atmospheric comedy hackandslash
Cube Escape: Paradox,2018-09-20,0.7185660793429937,0.0,1,https://shared.akamai.steamstatic.com/store_item_assets/steam/apps/909080/header.jpg?t=1667254447,138,"Single-player,Steam Achievements,Steam Cloud","Adventure,Free To Play,Indie","Puzzle,Free to Play,Psychological Horror,Point & Click,Mystery,Singleplayer,Escape Room,Indie,Horror,Multiplayer,Adventure,Atmospheric,Story Rich,2D,Detective,Dark,Surreal,Great Soundtrack,Co-op,Hand-drawn",7.62,https://store.steampowered.com/app/909080/,0.0,0.9722176811760472,surreal multiplayer storyrich greatsoundtrack puzzle adventure singleplayer 2d escaperoom psychologicalhorror indie dark freetoplay horror mystery pointandclick handdrawn atmospheric detective coop
The Expendabros,2014-08-05,0.8003907929561015,0.0,0,https://shared.akamai.steamstatic.com/store_item_assets/steam/apps/312990/header.jpg?t=1728689916,66,"Single-player,Multi-player,Shared/Split Screen,Full controller support,Remote Play on Phone,Remote Play on Tablet,Remote Play on TV,Remote Play Together","Action,Adventure,Indie,Free To Play","Free to Play,Action,Pixel Graphics,2D,Multiplayer,Local Co-Op,Shooter,Co-op,Local Multiplayer,Platformer,Indie,Adventure,Singleplayer,Funny,America,Side Scroller,Controller,Comedy,Classic,Open World",11.75,https://store.steampowered.com/app/312990/,0.0,0.9715962230295494,remoteplayontv localmultiplayer controller remoteplayonphone pixelgraphics funny america multiplayer openworld remoteplaytogether adventure singleplayer remoteplayontablet 2d classic coop action sidescroller indie shooter freetoplay splitscreen platformer comedy
Half-Life 2: Episode Two,2007-10-10,0.8408738480320119,0.0,1,https://shared.akamai.steamstatic.com/store_item_assets/steam/apps/420/header.jpg?t=1745368556,0,"Single-player,Steam Achievements,Full controller support,Captions available,Camera Comfort,Custom Volume Controls,Adjustable Difficulty,Playable without Timed Input,Save Anytime,Stereo Sound,Subtitle Options,Surround Sound,Steam Cloud,Stats,Includes Source SDK,Commentary available,Family Sharing",Action,"FPS,Action,Sci-fi,Singleplayer,Shooter,Story Rich,First-Person,Classic,Adventure,Aliens,Atmospheric,Zombies,Silent Protagonist,Great Soundtrack,Dystopian,Post-apocalyptic,Episodic,Puzzle,Horror,Multiplayer",18.57,https://store.steampowered.com/app/420/,0.0,0.9705805578238348,includessourcesdk playablewithouttimedinput controller surroundsound postapocalyptic multiplayer customvolumecontrols storyrich greatsoundtrack puzzle adventure singleplayer silentprotagonist commentaryavailable classic zombies fps action dystopian stereosound aliens stats shooter saveanytime episodic horror scifi firstperson atmospheric
Hello Charlotte EP2: Requiem Aeternam Deo,2016-11-21,0.6330768564718121,0.0,0,https://shared.akamai.steamstatic.com/store_item_assets/steam/apps/557630/header.jpg?t=1734718895,187,Single-player,"Adventure,Indie,RPG","Psychological Horror,2D,Horror,RPG,Anime,Female Protagonist,Cute,Pixel Graphics,Story Rich,Visual Novel,Dark Humor,Exploration,Puzzle,Surreal,Dark,Philosophical,Atmospheric,Multiple Endings,Singleplayer,Interactive Fiction",9.45,https://store.steampowered.com/app/557630/,0.0,0.9701305571801438,pixelgraphics surreal femaleprotagonist storyrich interactivefiction puzzle adventure singleplayer anime visualnovel 2d psychologicalhorror indie rpg darkhumor dark exploration horror philosophical cute multipleendings atmospheric
Super Raft Boat VR,2021-08-03,0.5962588843196084,0.0,0,https://shared.akamai.steamstatic.com/store_item_assets/steam/apps/1595490/header.jpg?t=1699941879,0,"Single-player,Steam Achievements,Tracked Controller Support,VR Only,Steam Cloud,Steam Leaderboards","Action,Indie,Free To Play","Action Roguelike,VR,Rogue-lite,Sailing,Perma Death,Arcade,Rogue-like,First-Person,3D,Action,Post-apocalyptic,Casual,Cartoony,Dystopian,Management,6DOF,Artificial Intelligence,Singleplayer,Resource Management,Free to Play",4.76,https://store.steampowered.com/app/1595490/,0.0,0.9699496161124256,casual artificialintelligence actionroguelike controller postapocalyptic sailing roguelite permadeath roguelike singleplayer vr arcade cartoon action dystopian resourcemanagement indie 3d freetoplay management firstperson 6dof
Battlefield: Bad Company 2 Vietnam,2010-12-18,0.4892366412165478,0.0,0,https://shared.akamai.steamstatic.com/store_item_assets/steam/apps/47880/header.jpg?t=1682701365,0,"Multi-player,Family Sharing",Action,"Action,FPS,Multiplayer,War,Singleplayer,Shooter,Great Soundtrack,Co-op,First-Person,Historical,Cold War,Atmospheric,Destruction,World War II",15.38,https://store.steampowered.com/app/47889/,0.0,0.9697685419822484,war greatsoundtrack fps action multiplayer firstperson singleplayer destruction shooter coldwar historical atmospheric worldwarii coop
Coloring Game 2,2020-01-10,0.6780830971139326,0.0,1,https://shared.akamai.steamstatic.com/store_item_assets/steam/apps/1216200/header.jpg?t=1723721374,317,"Single-player,Steam Achievements,Steam Cloud","Casual,Indie,Free To Play","Free to Play,Casual,Indie,Pixel Graphics,Design & Illustration,Singleplayer,Relaxing,Colorful,2D,Great Soundtrack,Point & Click,Puzzle,Family Friendly,Cozy,Level Editor",6.32,https://store.steampowered.com/app/1216200/,0.0,0.9697309813723106,casual singleplayer pointandclick greatsoundtrack puzzle pixelgraphics leveleditor familyfriendly indie colorful designandillustration relaxing 2d cozy freetoplay
Omno: Prologue,2020-09-11,0.5557766305439302,0.0,0,https://shared.akamai.steamstatic.com/store_item_assets/steam/apps/1375540/header.jpg?t=1627575006,14,"Single-player,Full controller support,Family Sharing","Action,Adventure,Casual,Indie","Adventure,Casual,Puzzle,Exploration,Platformer,Indie,3D Platformer,Third Person,Puzzle-Platformer,Atmospheric,Relaxing,Action,Story Rich,Singleplayer,Short,Free to Play",5.65,https://store.steampowered.com/app/1375540/,0.0,0.9696423498203488,casual 3dplatformer controller relaxing storyrich puzzle adventure singleplayer short action indie thirdperson puzzleplatformer freetoplay exploration platformer atmospheric
There Is No Game: Jam Edition 2015,2020-03-18,0.6780830971139326,0.0,0,https://shared.akamai.steamstatic.com/store_item_assets/steam/apps/1241700/header.jpg?t=1666983908,21,"Single-player,Steam Achievements","Adventure,Casual,Free To Play,Indie","Indie,Free to Play,Casual,Adventure,Pixel Graphics,Funny,Point & Click,Comedy,Puzzle,Short,Singleplayer,2D,Narration,Psychological Horror",6.13,https://store.steampowered.com/app/1241700/,0.0,0.9689274336179023,casual singleplayer short pointandclick psychologicalhorror puzzle pixelgraphics adventure indie funny comedy 2d narration freetoplay
I commissioned some bees 0,2023-01-12,0.5962588843196084,0.0,0,https://shared.akamai.steamstatic.com/store_item_assets/steam/apps/2250060/header.jpg?t=1763485042,0,"Single-player,Steam Achievements","Casual,Indie,Free To Play","Hidden Object,Nature,Relaxing,Casual,Hand-drawn,Family Friendly,Music,Wholesome,Colorful,Creature Collector,Puzzle,Abstract,Atmospheric,Comic Book,Design & Illustration,Free to Play,Cute,Fantasy,Cartoon,Psychedelic",3.31,https://store.steampowered.com/app/2250060/,0.0,0.9688979019692704,casual fantasy abstract psychedelic designandillustration relaxing hiddenobject puzzle nature familyfriendly colorful creaturecollector wholesome indie music freetoplay singleplayer cartoon handdrawn cute atmospheric comicbook
BROK the InvestiGator - Prologue,2020-12-02,0.5962588843196084,0.0,0,https://shared.akamai.steamstatic.com/store_item_assets/steam/apps/1318790/header.jpg?t=1727807034,0,"Single-player,Full controller support,Remote Play on TV","Action,Adventure,Indie,RPG","Beat 'em up,RPG,Point & Click,Investigation,Action-Adventure,Detective,Story Rich,Choices Matter,Action,Linear,Multiple Endings,Dystopian,Atmospheric,Adventure,Mystery,Cartoon,1980s,1990's,Singleplayer,Indie",5.42,https://store.steampowered.com/app/1318790/,0.0,0.9685315414723632,remoteplayontv controller actionadventure storyrich adventure singleplayer beatemup action dystopian linear indie rpg 1990s mystery cartoon pointandclick choicesmatter investigation multipleendings atmospheric detective 1980s
Epic Battle Fantasy 3,2016-09-01,0.6780830971139326,0.0,1,https://shared.akamai.steamstatic.com/store_item_assets/steam/apps/521200/header.jpg?t=1720824451,630,"Single-player,Steam Achievements","Adventure,Indie,RPG,Free To Play","JRPG,Funny,RPG,Comedy,Free to Play,Adventure,Indie,Turn-Based,Fantasy,Anime,Singleplayer,Great Soundtrack,Parody,2D,Cute,Strategy,Action,Memes,Colorful,Casual",9.68,https://store.steampowered.com/app/521200/,0.0,0.9683785562187868,casual fantasy turnbased funny jrpg greatsoundtrack adventure singleplayer anime colorful 2d action indie rpg freetoplay memes parody cute comedy strategy
Satisfactory Modeler,2024-09-17,0.5962588843196084,0.0,0,https://shared.akamai.steamstatic.com/store_item_assets/steam/apps/3187030/header.jpg?t=1754140629,0,,Free To Play,"Free to Play,Indie,Simulation,Exploration,Singleplayer,Software",1.63,https://store.steampowered.com/app/3187030/,0.0,0.9679800594628932,singleplayer indie software simulation freetoplay exploration
からぱりうぉーず,2022-05-26,0.5962588843196084,0.0,1,https://shared.akamai.steamstatic.com/store_item_assets/steam/apps/1988940/header.jpg?t=1657427777,0,Single-player,"Free To Play,Indie,Simulation,Strategy,Early Access","Strategy,Simulation,Real Time Tactics,2D,Cute,Free to Play,Indie,Anime,Early Access,Top-Down,Singleplayer,PvE,Casual",3.95,https://store.steampowered.com/app/1988940/,0.0,0.9672798867713488,realtimetactics singleplayer casual pve indie anime cute earlyaccess 2d simulation freetoplay strategy topdown
Tails Noir: Prologue,2019-04-24,0.6780830971139326,0.0,0,https://shared.akamai.steamstatic.com/store_item_assets/steam/apps/992310/header.jpg?t=1726577704,94,"Single-player,Full controller support","Adventure,Indie,RPG,Free To Play","Free to Play,Indie,Adventure,RPG,Pixel Graphics,Noir,Detective,Story Rich,Singleplayer,Point & Click,Atmospheric,Great Soundtrack,Dystopian,Cinematic,2.5D,Mystery,Retro,Dark,2D,Puzzle",7.03,https://store.steampowered.com/app/992310/,0.0,0.9669631704771704,controller pixelgraphics storyrich greatsoundtrack puzzle adventure singleplayer 2d noir cinematic dystopian indie rpg dark freetoplay 2.5d mystery pointandclick atmospheric detective retro
This Magical Girl is a B☆tch,2024-10-25,0.5962588843196084,0.0,0,https://shared.akamai.steamstatic.com/store_item_assets/steam/apps/2810830/header.jpg?t=1741413186,0,"Single-player,Steam Achievements","Casual,Indie,Free To Play","Free to Play,Visual Novel,Interactive Fiction,Female Protagonist,Magic,Funny,Cute,Story Rich,Choices Matter,Dark Humor,Choose Your Own Adventure,Cartoony,2D,Casual,Anime,Stylized,Colorful,Comedy,Drama,Cartoon",1.53,https://store.steampowered.com/app/2810830/,0.0,0.9669022417498702,casual funny femaleprotagonist interactivefiction storyrich anime colorful visualnovel cartoon 2d stylized chooseyourownadventure drama indie darkhumor freetoplay magic singleplayer choicesmatter cute comedy
Roberto el Lagarto,2024-06-13,0.4892366412165478,0.0,0,https://shared.akamai.steamstatic.com/store_item_assets/steam/apps/2938610/header.jpg?t=1718348014,0,"Single-player,Steam Achievements,Full controller support","Action,Casual,Free To Play","Casual,Stealth,Action-Adventure,Funny,Singleplayer,Colorful,Stylized,Action,Top-Down,Third Person,3D,Exploration,Collectathon,Cartoony,Hidden Object,Free to Play,Tactical,Controller",1.89,https://store.steampowered.com/app/2938610/,0.0,0.9669022417498702,casual controller tactical funny actionadventure hiddenobject singleplayer colorful cartoon stylized action collectathon thirdperson 3d freetoplay stealth exploration topdown
Micro Platformer,2020-04-21,0.5962588843196084,0.0,0,https://shared.akamai.steamstatic.com/store_item_assets/steam/apps/1283130/header.jpg?t=1612269413,0,"Single-player,Partial Controller Support","Free To Play,Indie,Early Access","Precision Platformer,Difficult,Minimalist,Controller,Pixel Graphics,Psychological Horror,Singleplayer,Free to Play,Platformer,Indie,Early Access,2D Platformer,2D,Family Friendly,Linear,Action",6.04,https://store.steampowered.com/app/1283130/,0.0,0.9666420284138504,singleplayer psychologicalhorror platformer pixelgraphics action familyfriendly indie linear minimalist 2dplatformer precisionplatformer earlyaccess controller freetoplay 2d difficult
HOW WE KNOW WE'RE ALIVE,2023-05-05,0.5557766305439302,0.0,1,https://shared.akamai.steamstatic.com/store_item_assets/steam/apps/2216040/header.jpg?t=1683286442,0,Single-player,Adventure,"Adventure,Interactive Fiction,Walking Simulator,2D,Pixel Graphics,Stylized,Atmospheric,Emotional,Mystery,Philosophical,Female Protagonist,Linear,Multiple Endings,Singleplayer,Free to Play",3.0,https://store.steampowered.com/app/2216040/,0.0,0.9666401488311012,interactivefiction singleplayer mystery philosophical walkingsimulator pixelgraphics adventure linear multipleendings atmospheric femaleprotagonist 2d freetoplay emotional stylized
鶴鄉戀旅,2020-02-27,0.5557766305439302,0.0,0,https://shared.akamai.steamstatic.com/store_item_assets/steam/apps/1189850/header.jpg?t=1602729096,0,Single-player,"Adventure,Casual,Free To Play,Indie","Free to Play,Adventure,Casual,Indie,Story Rich,Visual Novel",6.19,https://store.steampowered.com/app/1189850/,0.0,0.9666194317720658,storyrich casual singleplayer adventure indie visualnovel freetoplay
STEINS;GATE: Linear Bounded Phenogram,2019-02-19,0.5962588843196084,0.0,0,https://shared.akamai.steamstatic.com/store_item_assets/steam/apps/930910/header.jpg?t=1715703424,281,"Single-player,Steam Achievements,Steam Trading Cards,Partial Controller Support,Steam Cloud,Family Sharing",Adventure,"Adventure,Visual Novel,Story Rich,Anime,Time Travel,Sci-fi,Singleplayer,Great Soundtrack,Science",7.21,https://store.steampowered.com/app/930910/,0.0,0.9665239788579524,storyrich singleplayer timetravel greatsoundtrack scifi science adventure anime visualnovel controller
DYO,2018-02-13,0.6330768564718121,0.0,1,https://shared.akamai.steamstatic.com/store_item_assets/steam/apps/791470/header.jpg?t=1749897689,53,"Single-player,Multi-player,Co-op,Shared/Split Screen Co-op,Shared/Split Screen,Steam Achievements,Full controller support,Steam Workshop,Steam Cloud,Includes level editor,Remote Play on TV,Remote Play Together",Indie,"Indie,Local Co-Op,Free to Play,Co-op,Puzzle-Platformer,Puzzle,Platformer,Local Multiplayer,Multiplayer,2D",8.22,https://store.steampowered.com/app/791470/,0.0,0.9660067060737648,sharedsplitscreencoop remoteplayontv controller localmultiplayer multiplayer puzzle includesleveleditor remoteplaytogether 2d coop indie freetoplay splitscreen puzzleplatformer singleplayer platformer
Vecter,2020-10-14,0.6780830971139326,0.0,1,https://shared.akamai.steamstatic.com/store_item_assets/steam/apps/1175140/58481a377b7b63e0d0b69ab90400c17b0d90e0b3/header.jpg?t=1766063186,0,"Single-player,Steam Achievements,Full controller support,Camera Comfort,Color Alternatives,Custom Volume Controls,Keyboard Only Option,Playable without Timed Input,Save Anytime,Stereo Sound,Steam Cloud,Stats,Steam Leaderboards,Remote Play on TV","Action,Casual,Indie,Racing,Simulation,Free To Play","Free to Play,Racing,Indie,Casual,Action,Arcade,Singleplayer,Runner,Great Soundtrack,Atmospheric,Fast-Paced,Addictive,Sci-fi,Difficult,Minimalist,Retro,Perma Death,Controller,Flight,Early Access",5.56,https://store.steampowered.com/app/1175140/,0.0,0.9659090986210171,casual remoteplayontv playablewithouttimedinput controller keyboardonlyoption addictive simulation flight customvolumecontrols runner greatsoundtrack permadeath singleplayer minimalist racing arcade action stereosound indie stats earlyaccess freetoplay saveanytime fastpaced scifi coloralternatives atmospheric retro difficult
Is this Game Trying to Kill Me? Preface,2024-05-16,0.4892366412165478,0.0,0,https://shared.akamai.steamstatic.com/store_item_assets/steam/apps/2875280/header.jpg?t=1726580815,0,"Single-player,Steam Achievements,Full controller support","Adventure,Indie,Free To Play","Escape Room,Horror,Action-Adventure,Exploration,Atmospheric,Dark,Mystery,Puzzle,Investigation,Pixel Graphics,First-Person,Dark Fantasy,Retro,Singleplayer,Adventure,3D,Linear,Demons,Fantasy,Logic",1.97,https://store.steampowered.com/app/2875280/,0.0,0.9657269032098216,fantasy controller pixelgraphics demons logic actionadventure puzzle adventure singleplayer escaperoom linear indie dark 3d freetoplay exploration darkfantasy horror mystery firstperson investigation atmospheric retro
Clam Man 2: Open Mic,2020-06-19,0.5962588843196084,0.0,0,https://shared.akamai.steamstatic.com/store_item_assets/steam/apps/1278360/header.jpg?t=1737782507,0,Single-player,"Adventure,Casual,Indie,RPG,Free To Play","CRPG,RPG,Funny,Choices Matter,Story Rich,2D,Isometric,Point & Click,Visual Novel,Third Person,Conversation,Multiple Endings,Comedy,Colorful,Adventure,Singleplayer,Free to Play,Indie,Walking Simulator,Casual",5.88,https://store.steampowered.com/app/1278360/,0.0,0.9655278096202162,casual walkingsimulator funny storyrich adventure singleplayer conversation colorful visualnovel 2d crpg indie rpg isometric thirdperson freetoplay pointandclick choicesmatter multipleendings comedy
Shotgun Witch,2020-10-24,0.5962588843196084,0.0,0,https://shared.akamai.steamstatic.com/store_item_assets/steam/apps/1435310/header.jpg?t=1621888577,0,"Single-player,Steam Achievements","Action,Adventure,Free To Play,Indie","Arena Shooter,Bullet Hell,Top-Down Shooter,Shoot 'Em Up,Difficult,Shooter,2D,Action-Adventure,Cute,Action,Top-Down,Anime,Colorful,Minimalist,Pixel Graphics,Score Attack,Comedy,Adventure,Free to Play,Singleplayer",5.53,https://store.steampowered.com/app/1435310/,0.0,0.9655217148676484,pixelgraphics actionadventure adventure singleplayer anime minimalist colorful scoreattack 2d arenashooter action indie shooter bullethell freetoplay topdownshooter shootemup cute comedy topdown difficult
幻想枝魂 Soul Fantasy,2021-12-31,0.5962588843196084,0.0,0,https://shared.akamai.steamstatic.com/store_item_assets/steam/apps/1828630/header.jpg?t=1649067192,0,Single-player,"Adventure,Free To Play,Indie,RPG","RPG,Adventure,Turn-Based Strategy,Turn-Based Tactics,2D,Anime,Pixel Graphics,Nudity,Cartoony,Drama,Free to Play,Fantasy,Gore,Story Rich,Indie,Turn-Based Combat,Multiple Endings,Female Protagonist,Singleplayer,RPGMaker",4.34,https://store.steampowered.com/app/1828630/,0.0,0.9648559290249674,fantasy pixelgraphics turnbasedtactics femaleprotagonist nudity storyrich turnbasedcombat adventure singleplayer anime gore rpgmaker cartoon 2d drama indie rpg turnbasedstrategy freetoplay multipleendings
ChronoBreach,2019-04-29,0.5557766305439302,0.0,0,https://shared.akamai.steamstatic.com/store_item_assets/steam/apps/971210/header.jpg?t=1637291514,0,Single-player,"Action,Free To Play,Indie","Free to Play,Indie,Action,Singleplayer,Platformer,Time Manipulation,Pixel Graphics,Robots,Short,Time Travel,Underground",7.02,https://store.steampowered.com/app/971210/,0.0,0.9646275597753255,singleplayer platformer short timetravel pixelgraphics action indie timemanipulation freetoplay robots underground
Doki Doki Literature Club!,2017-10-06,0.8408738480320119,0.0,1,https://shared.akamai.steamstatic.com/store_item_assets/steam/apps/698780/header.jpg?t=1681943582,176,"Single-player,Remote Play on Phone,Remote Play on Tablet","Casual,Free To Play,Indie","Psychological Horror,Visual Novel,Anime,Free to Play,Dating Sim,Cute,Horror,Dark,Story Rich,Romance,Singleplayer,Great Soundtrack,Gore,Violent,Indie,Sexual Content,First-Person,Memes,Casual,Adventure",8.58,https://store.steampowered.com/app/698780/,0.0,0.9645346089239966,casual remoteplayonphone romance storyrich violent greatsoundtrack adventure singleplayer remoteplayontablet anime gore visualnovel psychologicalhorror datingsim indie dark freetoplay memes horror firstperson sexualcontent cute
"Warhammer® 40,000: Dawn of War® - Dark Crusade",2007-08-07,0.755384370197392,0.0,0,https://shared.akamai.steamstatic.com/store_item_assets/steam/apps/4580/header.jpg?t=1726775222,291,"Single-player,Multi-player,Steam Cloud,Family Sharing",Strategy,"Strategy,Warhammer 40K,RTS,Base-Building,Sci-fi,Multiplayer,Singleplayer,Games Workshop,Real-Time,Classic,War,Gore,Action,Tactical,Atmospheric,Co-op,Fantasy,Space,Violent,Adventure",18.75,https://store.steampowered.com/app/4580/,0.0,0.964220297328313,war fantasy tactical warhammer40k multiplayer violent gamesworkshop singleplayer adventure gore rts classic action basebuilding scifi realtime atmospheric space coop strategy
Sewer Rave,2021-12-10,0.4892366412165478,0.0,0,https://shared.akamai.steamstatic.com/store_item_assets/steam/apps/1826860/header.jpg?t=1730823310,0,Single-player,"Casual,Indie,Free To Play","Casual,Walking Simulator,Exploration,Funny,Psychedelic,Simulation,Collectathon,3D,Abstract,Cartoony,First-Person,Atmospheric,Comedy,Memes,Post-apocalyptic,Nonlinear,Open World,Procedural Generation,Singleplayer,Asynchronous Multiplayer",4.4,https://store.steampowered.com/app/1826860/,0.0,0.9640638072659684,casual walkingsimulator abstract psychedelic asynchronousmultiplayer funny simulation postapocalyptic openworld singleplayer nonlinear cartoon proceduralgeneration indie collectathon 3d freetoplay memes exploration firstperson atmospheric comedy
Meteor 60 Seconds!,2018-02-26,0.6780830971139326,0.0,0,https://shared.akamai.steamstatic.com/store_item_assets/steam/apps/788770/header.jpg?t=1689035903,24,Single-player,"Action,Casual,Free To Play,Indie,Simulation","Free to Play,Funny,Indie,Multiple Endings,Casual,Simulation,Action,Singleplayer,2D,Sexual Content,Nudity,Story Rich,Retro,Comic Book,Cute,Short,Psychological Horror,Anime,Memes,Violent",8.19,https://store.steampowered.com/app/788770/,0.0,0.9637195935491242,casual funny simulation nudity storyrich violent singleplayer anime 2d short psychologicalhorror action indie freetoplay memes sexualcontent multipleendings cute retro comicbook
Mushroom Cats,2019-06-10,0.5962588843196084,0.0,0,https://shared.akamai.steamstatic.com/store_item_assets/steam/apps/1071120/header.jpg?t=1646565787,0,"Single-player,Steam Achievements","Adventure,Casual,Free To Play,Indie","Free to Play,Casual,Indie,Adventure,Cats,Point & Click,Cute,Short,Hidden Object,2D",6.9,https://store.steampowered.com/app/1071120/,0.0,0.9635750649296362,casual singleplayer short pointandclick cats adventure indie cute 2d freetoplay hiddenobject
Find 100 Ducks and Blast Them!,2025-03-05,0.4892366412165478,0.0,0,https://shared.akamai.steamstatic.com/store_item_assets/steam/apps/3222970/header.jpg?t=1765896842,0,"Single-player,Steam Achievements,Partial Controller Support,Steam Cloud","Casual,Indie,Simulation,Free To Play","Simulation,Relaxing,First-Person,Casual,Sandbox,Immersive Sim,3D,Family Friendly,Indie,Colorful,Singleplayer,Funny,Cute,Wholesome,Cozy,Atmospheric,Open World,Story Rich,Free to Play,FPS",1.17,https://store.steampowered.com/app/3222970/,0.0,0.9635027379418724,casual funny relaxing controller simulation openworld storyrich immersivesim familyfriendly singleplayer colorful fps wholesome indie sandbox 3d freetoplay firstperson cute atmospheric cozy
Ultra Fight Da ! Kyanta 2,2019-05-08,0.5962588843196084,0.0,0,https://shared.akamai.steamstatic.com/store_item_assets/steam/apps/1026840/header.jpg?t=1745697898,0,"Single-player,Multi-player,Shared/Split Screen,Partial Controller Support,Remote Play Together","Action,Free To Play,Indie,Early Access","Free to Play,Fighting,2D Fighter,Indie,Action,Early Access,Multiplayer,Competitive,Anime,Funny,Demons",7.0,https://store.steampowered.com/app/1026840/,0.0,0.9629931209720688,singleplayer action multiplayer remoteplaytogether fighting demons indie anime 2dfighter competitive funny earlyaccess controller freetoplay splitscreen
Blender,2015-04-24,0.8408738480320119,0.0,0,https://shared.akamai.steamstatic.com/store_item_assets/steam/apps/365670/752a0b9733bd482a05e021d16d4509e4e7367a80/header.jpg?t=1763479497,311,,"Animation & Modeling,Design & Illustration,Video Production","Animation & Modeling,Software,Design & Illustration,Free to Play,Game Development,Video Production,3D,Difficult,GameMaker,Utilities,Physics,Singleplayer,3D Vision,Sandbox,2D,Moddable,Building,Hentai,Survival Horror,Story Rich",11.03,https://store.steampowered.com/app/365670/,0.0,0.9629786923896968,designandillustration building storyrich utilities survivalhorror singleplayer 2d gamedevelopment physics animationandmodeling sandbox 3d freetoplay moddable gamemaker 3dvision software hentai difficult
MetaWare High School (Demo),2020-04-02,0.5557766305439302,0.0,2,https://shared.akamai.steamstatic.com/store_item_assets/steam/apps/1194740/header.jpg?t=1738431587,0,"Single-player,Steam Achievements,Partial Controller Support","Casual,Indie,Free To Play","Visual Novel,Philosophical,Experimental,Funny,Anime,Well-Written,Emotional,LGBTQ+,Surreal,Nonlinear,Psychological,Cute,Memes,Comedy,Psychological Horror,Choose Your Own Adventure,Multiple Endings,Casual,Drama,Dating Sim",6.09,https://store.steampowered.com/app/1194740/,0.0,0.9629605406708988,casual surreal funny controller emotional anime nonlinear visualnovel psychological psychologicalhorror chooseyourownadventure datingsim drama indie freetoplay memes philosophical singleplayer lgbtq+ wellwritten cute multipleendings comedy experimental
Trolley Delayma,2023-10-03,0.5962588843196084,0.0,0,https://shared.akamai.steamstatic.com/store_item_assets/steam/apps/2372500/header.jpg?t=1696353745,0,"Single-player,Steam Achievements,Full controller support",Indie,"Puzzle,2D,Cute,Top-Down,Choices Matter,Casual,Minimalist,Trains,Pixel Graphics,Indie,Singleplayer",2.59,https://store.steampowered.com/app/2372500/,0.0,0.962953357804836,singleplayer casual trains choicesmatter puzzle controller pixelgraphics indie minimalist cute 2d topdown
Mitoza,2021-03-05,0.6780830971139326,0.0,0,https://shared.akamai.steamstatic.com/store_item_assets/steam/apps/1516240/header.jpg?t=1620830092,60,"Single-player,Steam Achievements,Steam Cloud","Adventure,Indie","Free to Play,Surreal,Choices Matter,Choose Your Own Adventure,Point & Click,Exploration,Psychological Horror,Funny,2D,Multiple Endings,Mystery,Comedy,Casual,Atmospheric,Adventure,Singleplayer,Indie,Short",5.17,https://store.steampowered.com/app/1516240/,0.0,0.9628544988047336,casual surreal funny adventure singleplayer 2d psychologicalhorror chooseyourownadventure short indie freetoplay exploration mystery pointandclick choicesmatter multipleendings atmospheric comedy
Trick & Treat,2016-09-26,0.6780830971139326,0.0,1,https://shared.akamai.steamstatic.com/store_item_assets/steam/apps/497640/header.jpg?t=1633443533,118,"Single-player,Steam Achievements,Steam Cloud","Adventure,Casual,Free To Play,Indie","Free to Play,RPGMaker,Pixel Graphics,Adventure,Horror,Indie,Casual,RPG,Anime,Puzzle,Cute,Female Protagonist,Funny,Psychological Horror,Short,Singleplayer,2D,Action",9.61,https://store.steampowered.com/app/497640/,0.0,0.962617729767542,casual pixelgraphics funny femaleprotagonist puzzle adventure singleplayer anime rpgmaker 2d psychologicalhorror short action indie rpg freetoplay horror cute
The Life and Suffering of Sir Brante — Chapter 1&2,2020-12-01,0.6780830971139326,0.0,0,https://shared.akamai.steamstatic.com/store_item_assets/steam/apps/1460090/header.jpg?t=1754316320,496,Single-player,"Adventure,Indie,RPG,Simulation,Strategy,Free To Play","Interactive Fiction,Choose Your Own Adventure,Diplomacy,Visual Novel,Medieval,Management,RPG,Text-Based,Choices Matter,Story Rich,Multiple Endings,Strategy,2D,Conversation,Fantasy,Dark Fantasy,Simulation,Gothic,Atmospheric,Adventure",5.43,https://store.steampowered.com/app/1460090/,0.0,0.9624340859883168,fantasy simulation gothic medieval interactivefiction storyrich diplomacy adventure conversation visualnovel 2d textbased chooseyourownadventure indie rpg freetoplay darkfantasy singleplayer choicesmatter management multipleendings atmospheric strategy
Cinderella Phenomenon - Otome/Visual Novel,2017-04-05,0.6780830971139326,0.0,1,https://shared.akamai.steamstatic.com/store_item_assets/steam/apps/568770/header.jpg?t=1565864765,446,"Single-player,Steam Achievements","Free To Play,Indie,Simulation","Free to Play,Otome,Visual Novel,Romance,Female Protagonist,Anime,Choices Matter,Story Rich,Multiple Endings,Dating Sim,Indie,Fantasy,Simulation,Great Soundtrack,Singleplayer,Cute,Sexual Content,Casual,Adventure,Replay Value",9.08,https://store.steampowered.com/app/568770/,0.0,0.9624052616922144,casual fantasy romance otome femaleprotagonist simulation storyrich greatsoundtrack replayvalue adventure singleplayer anime visualnovel datingsim indie freetoplay choicesmatter sexualcontent multipleendings cute
Wicked Games,2022-07-27,0.5557766305439302,0.0,0,https://shared.akamai.steamstatic.com/store_item_assets/steam/apps/1346720/header.jpg?t=1668353823,0,"Single-player,Full controller support","Adventure,Free To Play,Indie,Early Access","Early Access,Dark Humor,Multiple Endings,Thriller,Psychological Horror,Choices Matter,Horror,Adventure,Dark,Atmospheric,Singleplayer,Action-Adventure,2D,Cartoony,Colorful,Cute,Pixel Graphics,Cats,Comedy,Crime",3.78,https://store.steampowered.com/app/1346720/,0.0,0.962291169956218,controller pixelgraphics actionadventure crime adventure singleplayer colorful cartoon 2d psychologicalhorror indie earlyaccess darkhumor thriller freetoplay dark horror choicesmatter cats multipleendings cute atmospheric comedy
Higurashi When They Cry Hou - Ch.1 Onikakushi,2015-05-15,0.6780830971139326,0.0,0,https://shared.akamai.steamstatic.com/store_item_assets/steam/apps/310360/header.jpg?t=1725523046,222,"Single-player,Steam Achievements,Steam Trading Cards,Steam Cloud",Adventure,"Visual Novel,Mystery,Anime,Psychological,Story Rich,Dark,Atmospheric,Cult Classic,Singleplayer,Adventure,Cute,Great Soundtrack,Linear,Classic,2D,Episodic,Funny,Mature,Indie,Casual",10.98,https://store.steampowered.com/app/310360/,0.0,0.9621340347622178,casual funny storyrich greatsoundtrack adventure singleplayer anime visualnovel psychological 2d classic linear mature indie dark episodic mystery cultclassic cute atmospheric
Coloring Pixels,2018-08-17,0.7185660793429937,0.0,90,https://shared.akamai.steamstatic.com/store_item_assets/steam/apps/897330/header.jpg?t=1764250291,425,"Single-player,Steam Achievements,Steam Cloud","Casual,Indie,Free To Play","Free to Play,Pixel Graphics,Relaxing,Casual,Singleplayer,Indie,Colorful,Family Friendly,Puzzle,2D,Cute,Clicker,Hand-drawn,Nonlinear,LGBTQ+,Addictive,Great Soundtrack",7.72,https://store.steampowered.com/app/897330/,0.0,0.9620982754100728,casual pixelgraphics addictive relaxing greatsoundtrack puzzle familyfriendly singleplayer nonlinear colorful 2d clicker indie freetoplay lgbtq+ cute handdrawn
Life is Strange - Episode 1,2015-01-29,0.8408738480320119,0.0,1,https://shared.akamai.steamstatic.com/store_item_assets/steam/apps/319630/header.jpg?t=1724158918,226,"Single-player,Steam Achievements,Full controller support,Steam Trading Cards,Steam Cloud,Remote Play on Phone,Remote Play on Tablet,Remote Play on TV,Family Sharing","Action,Adventure","Story Rich,Choices Matter,Great Soundtrack,Female Protagonist,Time Travel,Atmospheric,Episodic,Singleplayer,Adventure,Time Manipulation,Multiple Endings,Mystery,Third Person,Point & Click,Indie,Walking Simulator,Casual,Action,LGBTQ+,Memes",11.27,https://store.steampowered.com/app/319630/,0.0,0.9619674656688824,remoteplayontv casual timetravel walkingsimulator controller remoteplayonphone femaleprotagonist storyrich greatsoundtrack adventure singleplayer remoteplayontablet action indie thirdperson memes episodic mystery lgbtq+ pointandclick choicesmatter timemanipulation multipleendings atmospheric
Nocturne: Prelude,2020-03-03,0.4892366412165478,0.0,0,https://shared.akamai.steamstatic.com/store_item_assets/steam/apps/883590/header.jpg?t=1726250914,0,Single-player,"Adventure,Indie,RPG,Free To Play","JRPG,Rhythm,PvE,RPG,2D,Cute,Top-Down,Story Rich,Transhumanism,Lore-Rich,Post-apocalyptic,Conversation,Colorful,Pixel Graphics,Stylized,Anime,Dystopian,Fantasy,Capitalism,Philosophical",6.17,https://store.steampowered.com/app/883590/,0.0,0.9618587398520708,fantasy pixelgraphics capitalism transhumanism jrpg postapocalyptic storyrich pve adventure conversation anime colorful 2d stylized lorerich dystopian indie rpg rhythm freetoplay philosophical singleplayer cute topdown
幽都酒馆,2024-02-27,0.4892366412165478,0.0,0,https://shared.akamai.steamstatic.com/store_item_assets/steam/apps/2811000/header.jpg?t=1709030638,0,Single-player,"Casual,Indie,Free To Play","Casual,Adventure,Interactive Fiction,Point & Click,Walking Simulator,Visual Novel,Puzzle,2D Platformer,Exploration,2D,Pixel Graphics,Anime,Colorful,Drama,Comedy,Mystery,Emotional,Detective,Relaxing,Futuristic",2.19,https://store.steampowered.com/app/2811000/,0.0,0.9616958528116476,casual walkingsimulator pixelgraphics relaxing emotional interactivefiction puzzle adventure anime colorful visualnovel 2d drama indie futuristic 2dplatformer freetoplay exploration mystery singleplayer pointandclick comedy detective
Reborn A Zombie!,2023-08-07,0.4892366412165478,0.0,0,https://shared.akamai.steamstatic.com/store_item_assets/steam/apps/2283350/header.jpg?t=1758184414,0,"Single-player,Steam Achievements,Partial Controller Support",Casual,"Visual Novel,LGBTQ+,Fantasy,Casual,Cute,Narration,Anime,Colorful,Female Protagonist,Singleplayer,Emotional,Linear,Story Rich,Free to Play,Psychological Horror,Horror,Demons,Magic",2.75,https://store.steampowered.com/app/2283350/,0.0,0.9616958528116476,casual fantasy demons femaleprotagonist controller emotional storyrich singleplayer anime colorful visualnovel narration psychologicalhorror linear freetoplay magic horror lgbtq+ cute
OpenTTD,2021-04-01,0.755384370197392,0.0,0,https://shared.akamai.steamstatic.com/store_item_assets/steam/apps/1536610/header.jpg?t=1701554571,0,"Single-player,Multi-player,PvP,Online PvP,LAN PvP,Co-op,Online Co-op,LAN Co-op,Cross-Platform Multiplayer","Casual,Indie,Simulation,Free To Play","Simulation,Building,Free to Play,Economy,Sandbox,Management,Trains,Transportation,Multiplayer,Resource Management,City Builder,Moddable,Singleplayer,2D,Isometric,Strategy,Online Co-Op,Co-op,Indie,Casual",5.1,https://store.steampowered.com/app/1536610/,0.0,0.9616409229150916,casual coop pvp citybuilder building simulation multiplayer lanpvp singleplayer 2d economy resourcemanagement indie isometric sandbox freetoplay moddable trains onlinepvp management crossplatformmultiplayer strategy transportation
Little Man Has a Day,2023-08-16,0.4892366412165478,0.0,0,https://shared.akamai.steamstatic.com/store_item_assets/steam/apps/2494720/header.jpg?t=1692204442,0,"Single-player,Steam Achievements","Casual,Free To Play,Indie","Short,Relaxing,Hand-drawn,Casual,Comedy,Indie,Exploration,Singleplayer,Walking Simulator,Free to Play,2D,Story Rich,Stylized",2.72,https://store.steampowered.com/app/2494720/,0.0,0.9615785985680132,storyrich casual singleplayer short walkingsimulator indie handdrawn relaxing comedy 2d freetoplay exploration stylized
We Become What We Behold [Fan-Made Port],2019-07-09,0.6780830971139326,0.0,0,https://shared.akamai.steamstatic.com/store_item_assets/steam/apps/1103210/header.jpg?t=1563495717,0,Single-player,"Casual,Indie","Free to Play,Violent,Gore,Indie,Casual,Point & Click,Short,Psychological Horror,Funny,2D,Education,Singleplayer,Cute,Hentai",6.83,https://store.steampowered.com/app/1103210/,0.0,0.961553902343392,violent casual singleplayer short pointandclick psychologicalhorror indie gore funny cute hentai 2d freetoplay education
Duck Simulator 2,2021-11-22,0.6780830971139326,0.0,1,https://shared.akamai.steamstatic.com/store_item_assets/steam/apps/1808800/header.jpg?t=1733167265,0,"Single-player,Steam Achievements,Full controller support,Steam Cloud","Action,Adventure,Indie,RPG,Simulation","Simulation,Adventure,RPG,Action,Surreal,Clicker,Arcade,Point & Click,Platformer,Action RPG,FPS,Puzzle,Comedy,Turn-Based Combat,Funny,2D,3D,Pixel Graphics,Psychological Horror,First-Person",4.45,https://store.steampowered.com/app/1808800/,0.0,0.9610505271983756,controller pixelgraphics surreal funny simulation puzzle turnbasedcombat adventure arcade 2d actionrpg psychologicalhorror fps action clicker indie rpg 3d singleplayer platformer pointandclick firstperson comedy
Free Solitaire,2024-11-25,0.5557766305439302,0.0,6,https://shared.akamai.steamstatic.com/store_item_assets/steam/apps/3330280/header.jpg?t=1764754408,0,"Single-player,Steam Achievements,Steam Cloud","Casual,Free To Play","Solitaire,Card Game,Logic,Casual,Puzzle,Retro,Family Friendly,Anime,Fantasy,Free to Play,Cartoony,Cute,Singleplayer,2D",1.44,https://store.steampowered.com/app/3330280/,0.0,0.9610147224727964,casual singleplayer fantasy puzzle familyfriendly solitaire logic anime cute retro cartoon 2d freetoplay cardgame
missed messages.,2019-05-30,0.7185660793429937,0.0,1,https://shared.akamai.steamstatic.com/store_item_assets/steam/apps/812810/header.jpg?t=1702502470,32,Single-player,"Casual,Indie,Simulation,Free To Play","Free to Play,Visual Novel,LGBTQ+,Choices Matter,Romance,Emotional,Psychological Horror,Female Protagonist,Indie,Psychological,Singleplayer,Story Rich,Great Soundtrack,Casual,Simulation,Atmospheric,Horror,Memes,Anime,Sexual Content",6.93,https://store.steampowered.com/app/812810/,0.0,0.960836080438087,casual romance femaleprotagonist simulation emotional storyrich greatsoundtrack singleplayer anime visualnovel psychological psychologicalhorror indie freetoplay memes horror lgbtq+ choicesmatter sexualcontent atmospheric
Lockheart Indigo,2020-07-31,0.5962588843196084,0.0,0,https://shared.akamai.steamstatic.com/store_item_assets/steam/apps/1345470/header.jpg?t=1675629208,0,"Single-player,Partial Controller Support","Adventure,Indie,RPG","RPG,2D,Action-Adventure,Noir,Detective,Psychological Horror,Turn-Based Combat,Conversation,Pixel Graphics,Anime,Stylized,Thriller,Diplomacy,Psychological,Mystery,Investigation,Character Action Game,Crime,Robots,Atmospheric",5.76,https://store.steampowered.com/app/1345470/,0.0,0.960803847103164,pixelgraphics controller actionadventure crime turnbasedcombat diplomacy adventure conversation anime psychological 2d noir characteractiongame stylized psychologicalhorror indie rpg thriller mystery singleplayer investigation atmospheric detective robots
Monkey GO Happy,2019-12-28,0.5557766305439302,0.0,0,https://shared.akamai.steamstatic.com/store_item_assets/steam/apps/1192940/header.jpg?t=1577597826,0,Single-player,"Adventure,Casual,Indie","Indie,Casual,Adventure,Psychological Horror,Free to Play,Puzzle",6.35,https://store.steampowered.com/app/1192940/,0.0,0.9605208023485288,casual psychologicalhorror singleplayer puzzle adventure indie freetoplay
Children of Silentown: Prologue,2020-11-25,0.4892366412165478,0.0,0,https://shared.akamai.steamstatic.com/store_item_assets/steam/apps/1451740/header.jpg?t=1720187928,26,Single-player,"Adventure,Indie,Free To Play","Horror,Point & Click,Female Protagonist,Cute,2D,Psychological Horror,Story Rich,Surreal,Multiple Endings,Puzzle,Cartoony,Colorful,Hand-drawn,Stylized,Dark Fantasy,Fantasy,Atmospheric,Emotional,Adventure,Mystery",5.44,https://store.steampowered.com/app/1451740/,0.0,0.9602981120807638,fantasy surreal femaleprotagonist emotional storyrich puzzle adventure colorful cartoon 2d stylized psychologicalhorror indie freetoplay darkfantasy horror mystery singleplayer pointandclick cute multipleendings handdrawn atmospheric
Lazerbait,2016-10-13,0.5557766305439302,0.0,0,https://shared.akamai.steamstatic.com/store_item_assets/steam/apps/529150/header.jpg?t=1482304122,59,"Single-player,Steam Achievements,Tracked Controller Support,VR Only,Stats,Steam Leaderboards","Indie,Strategy","Strategy,Indie,VR,Arcade,RTS,Free to Play",9.56,https://store.steampowered.com/app/529150/,0.0,0.9602936398837288,singleplayer indie stats vr arcade rts controller strategy freetoplay
Priest Simulator: Heavy Duty,2021-10-18,0.5962588843196084,0.0,0,https://shared.akamai.steamstatic.com/store_item_assets/steam/apps/1675670/header.jpg?t=1724958493,66,"Single-player,Partial Controller Support","Action,Indie,Simulation","Action,Dark Humor,Sandbox,Shooter,Exploration,FPS,Immersive Sim,Cinematic,3D,First-Person,Lore-Rich,Dark Comedy,Demons,Destruction,Comedy,Romance,Satire,Vampire,Funny,Score Attack",4.55,https://store.steampowered.com/app/1675670/,0.0,0.9600901282086868,vampire demons romance funny controller simulation immersivesim destruction scoreattack satire lorerich fps cinematic action indie sandbox shooter darkhumor 3d exploration singleplayer darkcomedy firstperson comedy
Rain's love memory-雨的恋记,2019-04-19,0.5557766305439302,0.0,0,https://shared.akamai.steamstatic.com/store_item_assets/steam/apps/1058000/header.jpg?t=1632198890,0,Single-player,Free To Play,"Free to Play,Visual Novel,Anime",7.05,https://store.steampowered.com/app/1058000/,0.0,0.9598403779574132,freetoplay singleplayer visualnovel anime
Lords Of The Lockerroom,2019-05-17,0.5557766305439302,0.0,0,https://shared.akamai.steamstatic.com/store_item_assets/steam/apps/1068070/header.jpg?t=1667693231,0,"Single-player,Multi-player,PvP,Online PvP,Shared/Split Screen PvP,Shared/Split Screen,Steam Achievements,Partial Controller Support,Remote Play Together","Action,Indie,Simulation","Action,Nudity,Indie,Simulation,Fighting,Physics,Arcade,Funny,Memes,LGBTQ+,Psychological Horror",6.97,https://store.steampowered.com/app/1068070/,0.0,0.959710814611158,pvp funny controller simulation nudity multiplayer remoteplaytogether arcade sharedsplitscreenpvp psychologicalhorror action physics indie fighting memes splitscreen lgbtq+ singleplayer onlinepvp
Lost Girl Platformer,2024-06-15,0.4892366412165478,0.0,0,https://shared.akamai.steamstatic.com/store_item_assets/steam/apps/3027160/header.jpg?t=1738669190,0,Single-player,"Action,Adventure,Casual,Indie,Free To Play","Side Scroller,Casual,Precision Platformer,Action,2D Platformer,Platformer,Adventure,Arcade,2D,Indie,Cute,Anime,Family Friendly,Free to Play,Atmospheric,1990's,Singleplayer",1.89,https://store.steampowered.com/app/3027160/,0.0,0.959633812688333,casual singleplayer platformer action familyfriendly adventure sidescroller indie anime 2dplatformer cute 1990s atmospheric precisionplatformer arcade 2d freetoplay
Medieval Businessman,2024-06-20,0.4892366412165478,0.0,0,https://shared.akamai.steamstatic.com/store_item_assets/steam/apps/3034400/header.jpg?t=1738669196,0,Single-player,"Indie,Free To Play","Real Time Tactics,City Builder,Indie,Top-Down,Strategy,Casual,Economy,Family Friendly,Free to Play,Singleplayer",1.88,https://store.steampowered.com/app/3034400/,0.0,0.959633812688333,realtimetactics singleplayer casual familyfriendly economy citybuilder indie topdown freetoplay strategy
Apocalypse Secrets,2024-06-20,0.4892366412165478,0.0,0,https://shared.akamai.steamstatic.com/store_item_assets/steam/apps/3034390/header.jpg?t=1738669210,0,Single-player,"Indie,Free To Play","Hidden Object,Indie,Arcade,3D,Post-apocalyptic,Casual,Family Friendly,Singleplayer,Free to Play",1.88,https://store.steampowered.com/app/3034390/,0.0,0.9595498247728133,singleplayer casual familyfriendly indie arcade 3d freetoplay postapocalyptic hiddenobject
RED HOT VENGEANCE,2019-07-11,0.6780830971139326,0.0,0,https://shared.akamai.steamstatic.com/store_item_assets/steam/apps/1058640/header.jpg?t=1572210555,0,"Single-player,Steam Achievements,Captions available,Steam Workshop,Partial Controller Support,Includes level editor","Action,Free To Play,Indie","Free to Play,Violent,Gore,Indie,Action,Singleplayer,Top-Down,Shooter,Top-Down Shooter,Level Editor,Twin Stick Shooter,Isometric,GameMaker,Difficult,Great Soundtrack,Multiplayer,Co-op",6.82,https://store.steampowered.com/app/1058640/,0.0,0.9591239973508696,controller multiplayer violent greatsoundtrack includesleveleditor singleplayer gore action indie isometric shooter twinstickshooter freetoplay topdownshooter gamemaker leveleditor topdown coop difficult
绮罗四时谭,2019-11-05,0.5557766305439302,0.0,0,https://shared.akamai.steamstatic.com/store_item_assets/steam/apps/1172980/header.jpg?t=1573012936,0,Single-player,"Adventure,Free To Play,Indie,RPG","Free to Play,Adventure,RPG,Indie,Anime,RPGMaker,LGBTQ+,Female Protagonist",6.5,https://store.steampowered.com/app/1172980/,0.0,0.958999846102977,lgbtq+ singleplayer adventure indie rpg anime rpgmaker femaleprotagonist freetoplay
Pixel Studio - pixel art editor,2019-12-24,0.6780830971139326,0.0,0,https://shared.akamai.steamstatic.com/store_item_assets/steam/apps/1204050/header.jpg?t=1749392931,83,In-App Purchases,"Animation & Modeling,Design & Illustration,Photo Editing,Game Development","Animation & Modeling,Pixel Graphics,Design & Illustration,Free to Play,Software,Game Development,Photo Editing,Tutorial,Utilities",6.37,https://store.steampowered.com/app/1204050/,0.0,0.9587183042451352,utilities pixelgraphics animationandmodeling designandillustration inapppurchases software tutorial gamedevelopment freetoplay
Floating Point,2014-06-06,0.7185660793429937,0.0,0,https://shared.akamai.steamstatic.com/store_item_assets/steam/apps/302380/header.jpg?t=1727717425,33,"Single-player,Family Sharing","Casual,Free To Play,Indie","Free to Play,Relaxing,Casual,Indie,Physics,2D,Singleplayer,Great Soundtrack,Beautiful,Puzzle,Point & Click,Platformer,Action",11.92,https://store.steampowered.com/app/302380/,0.0,0.9586920628411548,casual singleplayer platformer pointandclick greatsoundtrack puzzle action physics indie beautiful relaxing 2d freetoplay
The Good Time Garden,2019-12-19,0.6330768564718121,0.0,0,https://shared.akamai.steamstatic.com/store_item_assets/steam/apps/1200860/header.jpg?t=1721055245,0,"Single-player,Partial Controller Support","Indie,Free To Play","Free to Play,Indie,Nudity,Hand-drawn,Cute,Atmospheric,Exploration,Casual,Short,Experience,Surreal,Psychological Horror,Experimental,2D,Sexual Content,Singleplayer,Adventure",6.38,https://store.steampowered.com/app/1200860/,0.0,0.9583514252296133,casual surreal controller nudity adventure singleplayer experience 2d short psychologicalhorror indie freetoplay exploration sexualcontent handdrawn cute atmospheric experimental
東方催狐譚 ～ Servants of Harvest Wish,2020-08-03,0.5962588843196084,0.0,1,https://shared.akamai.steamstatic.com/store_item_assets/steam/apps/1351170/header.jpg?t=1728019963,0,"Single-player,Full controller support,Steam Cloud","Action,Free To Play","Singleplayer,Shoot 'Em Up,Bullet Hell,Action,Top-Down Shooter,Arcade,Free to Play,Shooter,Anime,2D,Multiple Endings,Music,Faith",5.75,https://store.steampowered.com/app/1351170/,0.0,0.9582466435120524,singleplayer controller action anime shooter multipleendings bullethell music arcade 2d faith freetoplay topdownshooter shootemup
Handy Dandy,2020-05-12,0.5557766305439302,0.0,0,https://shared.akamai.steamstatic.com/store_item_assets/steam/apps/1234400/header.jpg?t=1589302822,0,"Multi-player,Co-op,Shared/Split Screen Co-op,Shared/Split Screen,Remote Play Together","Adventure,Free To Play,Indie","Free to Play,Indie,Adventure,Co-op,Local Co-Op,Co-op Campaign,Puzzle-Platformer",5.98,https://store.steampowered.com/app/1234400/,0.0,0.9582271990661576,coop sharedsplitscreencoop multiplayer remoteplaytogether adventure indie freetoplay splitscreen puzzleplatformer
Coloring Game 3,2020-04-17,0.6330768564718121,0.0,4,https://shared.akamai.steamstatic.com/store_item_assets/steam/apps/1275640/header.jpg?t=1723721657,540,"Single-player,Steam Achievements,Steam Cloud","Casual,Indie,Free To Play","Free to Play,Casual,Indie,Pixel Graphics,Design & Illustration,Singleplayer,Relaxing,Colorful,Puzzle,Great Soundtrack,Cozy,Point & Click,2D",6.05,https://store.steampowered.com/app/1275640/,0.0,0.9581224431330636,casual singleplayer pointandclick greatsoundtrack puzzle pixelgraphics indie colorful designandillustration relaxing cozy 2d freetoplay
NGU IDLE,2019-10-01,0.7185660793429937,0.0,0,https://shared.akamai.steamstatic.com/store_item_assets/steam/apps/1147690/header.jpg?t=1698784381,1503,"Single-player,Steam Achievements,In-App Purchases,Steam Cloud,Remote Play on Tablet","Adventure,Indie,Simulation,Free To Play","Free to Play,Idler,Indie,Clicker,Adventure,Funny,Simulation,Singleplayer,RPG,Casual,Psychological Horror,Story Rich",6.6,https://store.steampowered.com/app/1147690/,0.0,0.95797854500209,storyrich singleplayer idler casual psychologicalhorror adventure clicker indie remoteplayontablet funny inapppurchases rpg simulation freetoplay
Red Planet Farming,2020-05-25,0.6330768564718121,0.0,0,https://shared.akamai.steamstatic.com/store_item_assets/steam/apps/1288170/header.jpg?t=1590422428,0,"Single-player,Steam Achievements","Indie,Strategy","Strategy,Indie,Sci-fi,Free to Play,Farming Sim,Singleplayer,Mars,Management,Puzzle",5.95,https://store.steampowered.com/app/1288170/,0.0,0.9577961035759672,singleplayer scifi puzzle management farming mars indie freetoplay strategy
Touhou Fantasia / 东方梦想曲,2019-07-19,0.6330768564718121,0.0,1,https://shared.akamai.steamstatic.com/store_item_assets/steam/apps/1010890/header.jpg?t=1736515843,0,"Single-player,Steam Achievements,Partial Controller Support,Steam Cloud","Action,Indie,Free To Play","Free to Play,Action,Indie,Bullet Hell,Anime,Shoot 'Em Up,Faith,Difficult,Singleplayer,Female Protagonist,Great Soundtrack,Cute,2D",6.8,https://store.steampowered.com/app/1010890/,0.0,0.9577835758323812,singleplayer greatsoundtrack action indie anime cute bullethell femaleprotagonist faith controller 2d freetoplay shootemup difficult
Half-Life 2: Episode One,2006-06-01,0.8408738480320119,0.0,1,https://shared.akamai.steamstatic.com/store_item_assets/steam/apps/380/header.jpg?t=1745368553,0,"Single-player,Steam Achievements,Full controller support,Captions available,Camera Comfort,Custom Volume Controls,Adjustable Difficulty,Playable without Timed Input,Save Anytime,Stereo Sound,Surround Sound,Steam Cloud,Stats,Includes Source SDK,Commentary available,Family Sharing",Action,"FPS,Action,Sci-fi,Singleplayer,Story Rich,First-Person,Shooter,Classic,Dystopian,Aliens,Zombies,Adventure,Episodic,Atmospheric,Silent Protagonist,Great Soundtrack,Short,Puzzle,Cinematic,Moddable",19.93,https://store.steampowered.com/app/380/,0.0,0.9576672509629658,includessourcesdk playablewithouttimedinput controller surroundsound customvolumecontrols storyrich greatsoundtrack puzzle adventure singleplayer silentprotagonist commentaryavailable classic zombies short fps cinematic action dystopian stereosound aliens stats shooter moddable saveanytime episodic scifi firstperson atmospheric
Lord Ambermaze: Prologue,2024-11-21,0.4892366412165478,0.0,0,https://shared.akamai.steamstatic.com/store_item_assets/steam/apps/2070580/header.jpg?t=1743496162,0,"Single-player,Full controller support","Action,Adventure,Indie,RPG,Strategy,Free To Play","Mystery Dungeon,Sokoban,Pixel Graphics,Turn-Based Combat,Dungeon Crawler,RPG,Strategy,Tactical RPG,Underground,Fantasy,2D,Top-Down,Action RPG,Retro,Singleplayer,Turn-Based Strategy,Lore-Rich,Atmospheric,Female Protagonist,Choices Matter",1.45,https://store.steampowered.com/app/2070580/,0.0,0.9576051048099676,fantasy controller pixelgraphics femaleprotagonist underground sokoban turnbasedcombat adventure singleplayer 2d lorerich actionrpg tacticalrpg action indie rpg mysterydungeon turnbasedstrategy freetoplay retro choicesmatter atmospheric topdown strategy dungeoncrawler
Sprout,2018-01-05,0.6330768564718121,0.0,0,https://shared.akamai.steamstatic.com/store_item_assets/steam/apps/758530/header.jpg?t=1515182420,21,"Single-player,Steam Achievements,Steam Leaderboards","Adventure,Casual,Free To Play,Indie,Strategy","Free to Play,Casual,Indie,Adventure,Strategy,Short,Puzzle,Hand-drawn,Singleplayer,Family Friendly,Point & Click,Cute",8.33,https://store.steampowered.com/app/758530/,0.0,0.9574314702529316,casual singleplayer short pointandclick puzzle familyfriendly adventure indie handdrawn cute freetoplay strategy
Narcissu 1st & 2nd,2015-04-24,0.6780830971139326,0.0,1,https://shared.akamai.steamstatic.com/store_item_assets/steam/apps/264380/header.jpg?t=1726604657,142,"Single-player,Steam Achievements",Indie,"Visual Novel,Anime,Free to Play,Indie,Story Rich,Great Soundtrack,Drama,Emotional,Casual,Singleplayer,Female Protagonist,Adventure,Crowdfunded,2D,Cute,Atmospheric",11.03,https://store.steampowered.com/app/264380/,0.0,0.9571585374182152,storyrich singleplayer casual greatsoundtrack drama adventure indie anime crowdfunded cute atmospheric visualnovel femaleprotagonist 2d freetoplay emotional
小松穿越记 Wanna Wake up?,2024-07-04,0.4892366412165478,0.0,0,https://shared.akamai.steamstatic.com/store_item_assets/steam/apps/2953560/header.jpg?t=1738017698,0,"Single-player,Steam Achievements,Captions available,Stats,Steam Leaderboards","Casual,Indie,RPG,Simulation,Free To Play","Casual,LGBTQ+,Romance,Visual Novel,Drama,Dating Sim,VR,RPG,Idler,2D,Immersive Sim,Cute,Exploration,Top-Down,Pixel Graphics,Comedy,Emotional,Anime,Simulation,Colorful",1.84,https://store.steampowered.com/app/2953560/,0.0,0.957096586225697,casual pixelgraphics romance simulation emotional immersivesim vr anime colorful visualnovel 2d idler datingsim drama indie rpg stats freetoplay exploration lgbtq+ singleplayer cute comedy topdown
天缘传说,2024-06-10,0.5962588843196084,0.0,0,https://shared.akamai.steamstatic.com/store_item_assets/steam/apps/2993680/header.jpg?t=1718351993,0,"Multi-player,MMO,PvP,Co-op,In-App Purchases","Action,Adventure,Indie,Massively Multiplayer,RPG,Free To Play","RPG,Female Protagonist,Adventure,Fantasy,Multiplayer,Idler,Massively Multiplayer,Action,MMORPG,Drama,3D Platformer,Tactical RPG,Exploration,Dungeon Crawler,2.5D,Story Rich,Top-Down,Swordplay,Lore-Rich,Romance",1.9,https://store.steampowered.com/app/2993680/,0.0,0.9570443217283682,3dplatformer fantasy pvp romance inapppurchases femaleprotagonist massivelymultiplayer multiplayer storyrich adventure swordplay idler lorerich tacticalrpg drama action indie rpg freetoplay exploration 2.5d mmorpg mmo topdown coop dungeoncrawler
One Dreamer: Prologue,2020-05-07,0.6330768564718121,0.0,1,https://shared.akamai.steamstatic.com/store_item_assets/steam/apps/1274140/header.jpg?t=1654730993,0,"Single-player,Steam Achievements,Steam Leaderboards","Free To Play,Indie","Free to Play,Programming,Logic,Story Rich,Indie,Pixel Graphics,Adventure,Interactive Fiction,Game Development,Puzzle-Platformer,Casual,Point & Click,Narrative,Linear,Atmospheric,Emotional,Singleplayer,Soundtrack,2D,2.5D",6.0,https://store.steampowered.com/app/1274140/,0.0,0.9570423606744528,casual pixelgraphics logic narrative programming emotional storyrich interactivefiction adventure singleplayer 2d gamedevelopment linear indie freetoplay puzzleplatformer 2.5d pointandclick atmospheric soundtrack
Blood™ Fresh Supply,2019-05-09,0.7185660793429937,0.0,0,https://shared.akamai.steamstatic.com/store_item_assets/steam/apps/1010750/header.jpg?t=1764868594,262,"Single-player,Multi-player,PvP,Online PvP,Shared/Split Screen PvP,Co-op,Online Co-op,Shared/Split Screen Co-op,Shared/Split Screen,Steam Achievements,Remote Play Together,Family Sharing",Action,"FPS,Shooter,2.5D,Horror,First-Person,Action,Old School,1990's,Retro,Pixel Graphics,Atmospheric,Dark,4 Player Local,Co-op Campaign,Co-op,Local Co-Op,Multiplayer,Local Multiplayer,Singleplayer,Online Co-Op",6.99,https://store.steampowered.com/app/1010750/,0.0,0.9564824228728992,sharedsplitscreencoop pixelgraphics localmultiplayer pvp multiplayer coop remoteplaytogether singleplayer sharedsplitscreenpvp 4playerlocal fps action shooter 1990s dark splitscreen horror 2.5d oldschool onlinepvp firstperson atmospheric retro
Liquidators,2020-09-30,0.5962588843196084,0.0,0,https://shared.akamai.steamstatic.com/store_item_assets/steam/apps/1382200/header.jpg?t=1756959664,0,Single-player,"Adventure,Indie,Simulation,Free To Play","Stylized,Surreal,Atmospheric,Horror,First-Person,Historical,Perma Death,1980s,Nonlinear,Realistic,Exploration,Cold War,Multiple Endings,Singleplayer,Adventure,3D,Simulation,Survival,Choices Matter,Thriller",5.6,https://store.steampowered.com/app/1382200/,0.0,0.956080827466877,surreal simulation permadeath adventure singleplayer realistic nonlinear stylized survival indie 3d coldwar freetoplay thriller exploration horror choicesmatter firstperson multipleendings atmospheric historical 1980s
FantasyKingdom,2024-06-06,0.4892366412165478,0.0,0,https://shared.akamai.steamstatic.com/store_item_assets/steam/apps/2995500/header.jpg?t=1738668928,0,Single-player,"Casual,Indie,Free To Play","Hidden Object,Casual,Puzzle,Indie,Point & Click,Arcade,3D,Cute,Medieval,Free to Play,Atmospheric,Singleplayer",1.91,https://store.steampowered.com/app/2995500/,0.0,0.9560238284572083,casual singleplayer pointandclick medieval puzzle indie cute atmospheric arcade 3d freetoplay hiddenobject
ShareX,2015-10-02,0.755384370197392,0.0,0,https://shared.akamai.steamstatic.com/store_item_assets/steam/apps/400040/header.jpg?t=1736919331,650,,"Free To Play,Audio Production,Design & Illustration,Photo Editing,Utilities,Video Production,Web Publishing","Photo Editing,Utilities,Free to Play,Video Production,Software,Design & Illustration,Web Publishing,Audio Production,Sexual Content",10.59,https://store.steampowered.com/app/400040/,0.0,0.9559940155225384,utilities sexualcontent designandillustration software freetoplay audioproduction
某1种青春,2019-02-17,0.5557766305439302,0.0,0,https://shared.akamai.steamstatic.com/store_item_assets/steam/apps/1002290/header.jpg?t=1572317821,0,Single-player,"Casual,Free To Play,Indie","Free to Play,Indie,Casual,Visual Novel,Anime,Sexual Content",7.21,https://store.steampowered.com/app/1002290/,0.0,0.9559264073423712,casual singleplayer indie anime sexualcontent visualnovel freetoplay
Franzen,2023-09-13,0.5962588843196084,0.0,0,https://shared.akamai.steamstatic.com/store_item_assets/steam/apps/2572340/header.jpg?t=1694674622,0,Single-player,RPG,"RPG,Turn-Based Tactics,JRPG,Steampunk,Lore-Rich,Story Rich,Turn-Based Combat,Pixel Graphics,Stylized,Dystopian,Fantasy,Singleplayer,RPGMaker,Free to Play",2.64,https://store.steampowered.com/app/2572340/,0.0,0.9557995234499078,storyrich singleplayer lorerich stylized fantasy turnbasedcombat pixelgraphics dystopian rpg turnbasedtactics rpgmaker jrpg freetoplay steampunk
Herta's Chess Game,2024-08-25,0.5557766305439302,0.0,0,https://shared.akamai.steamstatic.com/store_item_assets/steam/apps/2854140/header.jpg?t=1739438024,0,"Single-player,Steam Achievements,Full controller support,Steam Cloud","Strategy,Free To Play","Turn-Based Strategy,2D,Strategy,Cute,Pixel Graphics,Anime,Turn-Based Tactics,Free to Play,Singleplayer,2D Platformer",1.69,https://store.steampowered.com/app/2854140/,0.0,0.9557263753277484,singleplayer controller pixelgraphics anime turnbasedtactics cute 2dplatformer turnbasedstrategy 2d freetoplay strategy
Neon Beats,2019-05-03,0.7185660793429937,0.0,2,https://shared.akamai.steamstatic.com/store_item_assets/steam/apps/1064610/header.jpg?t=1750427951,28,"Single-player,Steam Achievements,Full controller support","Indie,Free To Play","Free to Play,Rhythm,Music,Great Soundtrack,Indie,2D,Platformer,Singleplayer,Precision Platformer,Minimalist,Difficult,Short,Replay Value,Score Attack,Controller,Hidden Object,2D Platformer,Casual",7.01,https://store.steampowered.com/app/1064610/,0.0,0.9554245481044108,casual controller hiddenobject greatsoundtrack replayvalue singleplayer minimalist scoreattack 2d short indie music 2dplatformer rhythm freetoplay platformer precisionplatformer difficult
Khimera: Destroy All Monster Girls,2016-05-08,0.6330768564718121,0.0,1,https://shared.akamai.steamstatic.com/store_item_assets/steam/apps/467380/header.jpg?t=1667098899,418,"Single-player,Steam Achievements,Full controller support,Steam Trading Cards,Captions available,Steam Leaderboards","Action,Adventure,Free To Play,Indie","Free to Play,Platformer,Pixel Graphics,Indie,Adventure,Action,Female Protagonist,Singleplayer,2D,Great Soundtrack,Beat 'em up,Cute,Difficult,Anime,Funny,Retro,Memes,2D Platformer",9.99,https://store.steampowered.com/app/467380/,0.0,0.9548087841420976,controller pixelgraphics funny femaleprotagonist greatsoundtrack adventure singleplayer anime 2d beatemup action indie 2dplatformer freetoplay memes platformer cute retro difficult
.Forty-Five,2024-03-24,0.6330768564718121,0.0,0,https://shared.akamai.steamstatic.com/store_item_assets/steam/apps/2691350/header.jpg?t=1711381424,0,Single-player,"Action,Adventure,Indie,Strategy","Roguelike Deckbuilder,Western,Free to Play,Card Game,Rogue-lite,Rogue-like,Deckbuilding,Trading Card Game,Turn-Based Strategy,Turn-Based Tactics,Turn-Based Combat,Singleplayer,Procedural Generation,Card Battler,Adventure,Action,Strategy,Cartoony,2D,Hand-drawn",2.12,https://store.steampowered.com/app/2691350/,0.0,0.9547996989935532,deckbuilding turnbasedtactics roguelikedeckbuilder western roguelite turnbasedcombat roguelike adventure singleplayer tradingcardgame cartoon 2d proceduralgeneration cardgame action indie turnbasedstrategy freetoplay handdrawn strategy cardbattler
Cateau,2018-10-17,0.5557766305439302,0.0,0,https://shared.akamai.steamstatic.com/store_item_assets/steam/apps/949370/header.jpg?t=1667388822,0,Single-player,Indie,"Indie,Visual Novel,Cats,Free to Play,Cute,Singleplayer,Short,Choices Matter",7.55,https://store.steampowered.com/app/949370/,0.0,0.9546517077108332,singleplayer short choicesmatter cats indie cute visualnovel freetoplay
Fishards,2021-11-03,0.6780830971139326,0.0,0,https://shared.akamai.steamstatic.com/store_item_assets/steam/apps/1637140/header.jpg?t=1673028336,0,"Single-player,Multi-player,PvP,Online PvP,Co-op,Online Co-op,Steam Achievements","Action,Indie","PvP,Multiplayer,MOBA,Competitive,Action,Arena Shooter,Fast-Paced,Magic,Top-Down,Class-Based,Online Co-Op,Team-Based,e-sports,Combat,Pixel Graphics,Retro,Funny,Stylized,Character Customization,Co-op",4.5,https://store.steampowered.com/app/1637140/,0.0,0.9545455599045248,esports pixelgraphics pvp funny multiplayer charactercustomization combat classbased arenashooter stylized action indie moba teambased coop magic singleplayer fastpaced onlinepvp competitive topdown retro
Draw,2023-10-06,0.5557766305439302,0.0,1,https://shared.akamai.steamstatic.com/store_item_assets/steam/apps/2473980/header.jpg?t=1741941338,0,"Single-player,Steam Achievements,Steam Cloud","Adventure,Casual,Indie,Free To Play","RPG,Action RPG,Action-Adventure,Interactive Fiction,Platformer,Visual Novel,2D Platformer,Exploration,Precision Platformer,Puzzle-Platformer,Side Scroller,2D,Cartoon,Cartoony,Hand-drawn,Minimalist,Atmospheric,Comedy,Emotional,Logic",2.58,https://store.steampowered.com/app/2473980/,0.0,0.9544640338713916,casual logic actionadventure emotional interactivefiction adventure minimalist visualnovel cartoon 2d actionrpg sidescroller indie rpg 2dplatformer freetoplay puzzleplatformer exploration singleplayer platformer handdrawn atmospheric precisionplatformer comedy
The Riftbreaker: Prologue,2020-08-05,0.6780830971139326,0.0,0,https://shared.akamai.steamstatic.com/store_item_assets/steam/apps/1293860/header.jpg?t=1756140579,70,"Single-player,Full controller support","Action,Adventure,Indie,RPG,Simulation,Strategy","Base-Building,Strategy,Hack and Slash,Survival,Exploration,Action,Tower Defense,Simulation,Sandbox,Crafting,Action RPG,Sci-fi,RPG,Free to Play,Resource Management,Adventure,Indie,Loot,Building,Aliens",5.75,https://store.steampowered.com/app/1293860/,0.0,0.954368378597574,controller building simulation loot adventure survival actionrpg action aliens resourcemanagement indie rpg sandbox freetoplay exploration towerdefense singleplayer basebuilding scifi crafting strategy hackandslash
TANKS,2018-06-12,0.5557766305439302,0.0,0,https://shared.akamai.steamstatic.com/store_item_assets/steam/apps/866420/header.jpg?t=1667309533,13,"Single-player,Multi-player,Co-op,Shared/Split Screen Co-op,Shared/Split Screen,Full controller support,Includes level editor,Remote Play Together","Action,Casual,Indie","Action,Indie,Casual,Tanks,Retro",7.9,https://store.steampowered.com/app/866420/,0.0,0.9543637236009466,casual singleplayer sharedsplitscreencoop tanks controller action multiplayer includesleveleditor remoteplaytogether indie coop retro splitscreen
"one night, hot springs",2018-08-30,0.6330768564718121,0.0,1,https://shared.akamai.steamstatic.com/store_item_assets/steam/apps/917680/header.jpg?t=1745454884,0,"Single-player,Steam Achievements,Captions available,Camera Comfort,Color Alternatives,Custom Volume Controls,Keyboard Only Option,Mouse Only Option,Playable without Timed Input,Save Anytime,Touch Only Option,Partial Controller Support","Indie,Simulation,Free To Play","LGBTQ+,Visual Novel,Female Protagonist,Cute,Choose Your Own Adventure,2D,Multiple Endings,Choices Matter,Story Rich,Casual,Anime,Simulation,Free to Play,Emotional,Singleplayer,Atmospheric,Indie,Short,Replay Value,Family Friendly",7.68,https://store.steampowered.com/app/917680/,0.0,0.9541707079698512,casual playablewithouttimedinput keyboardonlyoption femaleprotagonist controller simulation emotional customvolumecontrols storyrich replayvalue familyfriendly singleplayer anime visualnovel 2d short chooseyourownadventure indie touchonlyoption freetoplay saveanytime lgbtq+ choicesmatter mouseonly cute multipleendings coloralternatives atmospheric
Banyu Lintar Angin - Little Storm -,2018-01-11,0.5962588843196084,0.0,1,https://shared.akamai.steamstatic.com/store_item_assets/steam/apps/744800/header.jpg?t=1723622646,0,Single-player,"Casual,Indie,Free To Play","Free to Play,Casual,Indie,Relaxing,Family Friendly,Anime,Experience,Hand-drawn,Experimental,Short,Visual Novel,Singleplayer,Cute,Atmospheric",8.31,https://store.steampowered.com/app/744800/,0.0,0.953923524401638,casual singleplayer short familyfriendly indie anime handdrawn cute relaxing experience visualnovel experimental atmospheric freetoplay
Tiny Bunny: Prologue,2020-03-19,0.6330768564718121,0.0,1,https://shared.akamai.steamstatic.com/store_item_assets/steam/apps/1249880/header.jpg?t=1761671686,93,"Single-player,Steam Achievements","Adventure,Indie","Horror,Indie,Visual Novel,Adventure,Free to Play,2D,Point & Click,Dark,Psychological Horror,Atmospheric,Anime,Story Rich,Action,Multiplayer,Singleplayer",6.13,https://store.steampowered.com/app/1249880/,0.0,0.9538561263328296,storyrich singleplayer psychologicalhorror pointandclick action adventure indie anime atmospheric visualnovel 2d dark freetoplay multiplayer horror
A Random Maze 某个迷宫,2021-03-10,0.6330768564718121,0.0,0,https://shared.akamai.steamstatic.com/store_item_assets/steam/apps/1164100/header.jpg?t=1619103637,0,Single-player,"Adventure,Free To Play,Indie,RPG","Adventure,Detective,Atmospheric,RPG,Multiple Endings,Dark Fantasy,Indie,Puzzle,JRPG,Stylized,Drama,LGBTQ+,Psychological,Free to Play,Cute,Cartoony,2D,Third Person,Dungeon Crawler,Strategy RPG",5.16,https://store.steampowered.com/app/1164100/,0.0,0.9538282660754174,jrpg puzzle adventure psychological cartoon 2d stylized drama strategyrpg indie rpg thirdperson freetoplay darkfantasy lgbtq+ singleplayer multipleendings cute atmospheric detective dungeoncrawler
Fluid Lander - フリュードランダー,2019-05-10,0.4892366412165478,0.0,0,https://shared.akamai.steamstatic.com/store_item_assets/steam/apps/1064950/header.jpg?t=1759427726,0,"Single-player,Steam Achievements,Partial Controller Support","Action,Free To Play","Free to Play,Action,Anime,2D,Physics",6.99,https://store.steampowered.com/app/1064950/,0.0,0.9536499059124957,singleplayer action physics anime controller 2d freetoplay
"OH MY GOD, LOOK AT THIS KNIGHT",2018-02-20,0.6330768564718121,0.0,0,https://shared.akamai.steamstatic.com/store_item_assets/steam/apps/781440/header.jpg?t=1712565724,21,"Single-player,Steam Achievements,Full controller support","Action,Adventure,Indie,Free To Play","Free to Play,Adventure,Action,Indie,Funny,2D,Short,RPG,Comedy,Singleplayer,Cute,Sexual Content",8.21,https://store.steampowered.com/app/781440/,0.0,0.9536368067112024,singleplayer short controller action adventure indie rpg sexualcontent funny cute comedy 2d freetoplay
The Legend of Lumina,2024-07-08,0.5557766305439302,0.0,1,https://shared.akamai.steamstatic.com/store_item_assets/steam/apps/2638340/header.jpg?t=1729483782,0,Single-player,Indie,"Puzzle,Sokoban,Metroidvania,Exploration,Atmospheric,Relaxing,Adventure,Cute,2D,Indie,Pixel Graphics,Nature,Nonlinear,Singleplayer",1.83,https://store.steampowered.com/app/2638340/,0.0,0.9535887463182804,singleplayer sokoban puzzle pixelgraphics nature adventure indie nonlinear cute atmospheric relaxing 2d metroidvania exploration
High Entropy: Challenges,2020-09-01,0.5962588843196084,0.0,0,https://shared.akamai.steamstatic.com/store_item_assets/steam/apps/1389630/header.jpg?t=1750064340,0,"Single-player,Steam Achievements,Full controller support","Action,Adventure,Indie,Free To Play","Action,Adventure,Immersive Sim,Free to Play,Singleplayer,First-Person,Stealth,FPS,Robots,3D,Action-Adventure,Indie,Sci-fi,Hacking,Combat,Puzzle,Multiple Endings,Horror,Multiplayer",5.68,https://store.steampowered.com/app/1389630/,0.0,0.953477253565832,controller actionadventure multiplayer combat puzzle immersivesim adventure singleplayer fps action indie hacking 3d freetoplay stealth horror scifi firstperson multipleendings robots
Island Saver,2020-05-12,0.6780830971139326,0.0,2,https://shared.akamai.steamstatic.com/store_item_assets/steam/apps/1210250/header.jpg?t=1597312497,331,"Single-player,Steam Achievements,Full controller support,Steam Cloud","Action,Adventure,Free To Play","Free to Play,Adventure,Action,Cute,Family Friendly,Multiplayer,First-Person,Education,Colorful,FPS,Funny,Fantasy,Dinosaurs,Life Sim,Casual,Singleplayer,Indie,Shooter,Controller,Nature",5.98,https://store.steampowered.com/app/1210250/,0.0,0.953302909595603,casual fantasy controller funny multiplayer education nature familyfriendly adventure singleplayer colorful fps action indie shooter freetoplay firstperson dinosaurs cute lifesim
Koishi Navigation Desktop Youkai,2022-08-02,0.6330768564718121,0.0,2,https://shared.akamai.steamstatic.com/store_item_assets/steam/apps/2091250/header.jpg?t=1766150496,245,"Single-player,Steam Workshop,Steam Cloud,Commentary available","Casual,Free To Play","Casual,Cute,Anime,Faith,Free to Play,Emotional,Education,Relaxing,Sexual Content,Funny,Conversation,Singleplayer,Text-Based,Hentai",3.76,https://store.steampowered.com/app/2091250/,0.0,0.9532970423223928,casual singleplayer conversation anime sexualcontent cute funny relaxing textbased commentaryavailable faith hentai freetoplay emotional education
Sword Rogue,2020-08-05,0.5557766305439302,0.0,0,https://shared.akamai.steamstatic.com/store_item_assets/steam/apps/1373920/header.jpg?t=1597786237,0,Single-player,"Action,Casual,Free To Play,Indie","Casual,Action,Action Roguelike,Rogue-like,Hack and Slash,Free to Play,2D,Minimalist,Indie,Choices Matter,Singleplayer",5.75,https://store.steampowered.com/app/1373920/,0.0,0.9531530216635374,casual singleplayer choicesmatter action roguelike indie actionroguelike minimalist 2d freetoplay hackandslash
Picross for a Cause,2020-09-06,0.4892366412165478,0.0,0,https://shared.akamai.steamstatic.com/store_item_assets/steam/apps/1373440/header.jpg?t=1696813792,0,"Single-player,Steam Achievements","Casual,Indie","Casual,Puzzle,Singleplayer,2D,Minimalist,Indie",5.66,https://store.steampowered.com/app/1373440/,0.0,0.9529646165237968,casual singleplayer puzzle indie minimalist 2d
Escape from Hornhead,2024-06-06,0.4892366412165478,0.0,0,https://shared.akamai.steamstatic.com/store_item_assets/steam/apps/2995530/header.jpg?t=1738668943,0,Single-player,"Casual,Indie,Free To Play","Hidden Object,PvE,Casual,Arcade,Walking Simulator,3D,Indie,First-Person,Horror,Linear,Psychedelic,Free to Play,Atmospheric,Mystery,Singleplayer",1.91,https://store.steampowered.com/app/2995530/,0.0,0.9529646165237968,mystery casual singleplayer pve walkingsimulator firstperson linear indie psychedelic atmospheric arcade 3d freetoplay hiddenobject horror
Tactical Nexus,2019-11-11,0.4892366412165478,0.0,6,https://shared.akamai.steamstatic.com/store_item_assets/steam/apps/1141290/header.jpg?t=1760260126,6197,"Single-player,Camera Comfort,Custom Volume Controls,Save Anytime,Steam Cloud","Indie,RPG,Simulation,Strategy,Free To Play","RPG,Indie,Strategy,Free to Play,Simulation,Puzzle,Pixel Graphics,Resource Management",6.48,https://store.steampowered.com/app/1141290/,0.0,0.9527182457298324,saveanytime singleplayer puzzle pixelgraphics resourcemanagement indie rpg simulation freetoplay strategy customvolumecontrols
Nohra,2020-06-18,0.5557766305439302,0.0,0,https://shared.akamai.steamstatic.com/store_item_assets/steam/apps/1338250/header.jpg?t=1670244604,0,"Single-player,Full controller support","Action,Free To Play","Precision Platformer,Action,Platformer,2D Platformer,Action-Adventure,2D,Free to Play,Time Manipulation,Sci-fi,Singleplayer",5.88,https://store.steampowered.com/app/1338250/,0.0,0.9524411447538168,singleplayer platformer scifi controller action 2dplatformer timemanipulation precisionplatformer 2d actionadventure freetoplay
BirdGut,2019-05-09,0.6780830971139326,0.0,0,https://shared.akamai.steamstatic.com/store_item_assets/steam/apps/1072390/header.jpg?t=1664760499,0,"Single-player,Steam Achievements","Adventure,Casual,Free To Play,Indie","Free to Play,Indie,Adventure,Puzzle-Platformer,Hand-drawn,Casual,Platformer,2D,Singleplayer,Funny,Puzzle,Difficult,Psychological Horror,Souls-like,Great Soundtrack,Surreal,Memes",6.99,https://store.steampowered.com/app/1072390/,0.0,0.9524041510109656,casual surreal funny greatsoundtrack puzzle adventure singleplayer 2d soulslike psychologicalhorror indie freetoplay puzzleplatformer memes platformer handdrawn difficult
Yakuza Kiwami 2 (Legacy),2019-05-09,0.7185660793429937,0.0,0,https://shared.akamai.steamstatic.com/store_item_assets/steam/apps/927380/header.jpg?t=1765536902,1487,"Single-player,Steam Achievements,Full controller support,Steam Trading Cards,Steam Cloud,Remote Play on TV,Family Sharing","Action,Adventure,RPG","Action,Story Rich,RPG,Beat 'em up,Singleplayer,Adventure,Violent,Open World,Minigames,Sexual Content,Crime,Great Soundtrack,Comedy,Third Person,Funny,Remake,Drama,Action RPG,JRPG,Anime",6.99,https://store.steampowered.com/app/927380/,0.0,0.9523392687125172,remoteplayontv controller funny jrpg crime openworld storyrich violent greatsoundtrack adventure singleplayer anime actionrpg beatemup drama action rpg thirdperson minigames remake sexualcontent comedy
NERTS! Online,2021-01-05,0.6330768564718121,0.0,1,https://shared.akamai.steamstatic.com/store_item_assets/steam/apps/1131190/header.jpg?t=1667070415,566,"Multi-player,PvP,Online PvP","Action,Casual,Free To Play,Indie","Solitaire,Multiplayer,Casual,PvP,Card Game,Tabletop,Free to Play,2D,Indie,Family Friendly,Action,Top-Down,Psychological Horror",5.33,https://store.steampowered.com/app/1131190/,0.0,0.9519381331422796,tabletop casual psychologicalhorror onlinepvp action multiplayer pvp familyfriendly solitaire indie 2d topdown freetoplay cardgame
There is No GreenDam,2019-11-11,0.6330768564718121,0.0,0,https://shared.akamai.steamstatic.com/store_item_assets/steam/apps/1109460/header.jpg?t=1654877259,0,"Single-player,Steam Achievements","Adventure,Casual,Free To Play,Indie,RPG","Free to Play,Visual Novel,Hentai,Sexual Content,Anime,Nudity,Artificial Intelligence,Dating Sim,Sci-fi,Interactive Fiction,Modern,2D,RPG,Cute,Adventure,JRPG,2.5D,Casual,FPS,Cartoony",6.48,https://store.steampowered.com/app/1109460/,0.0,0.9518788648548098,casual artificialintelligence modern jrpg nudity interactivefiction adventure anime visualnovel cartoon 2d datingsim fps indie rpg freetoplay 2.5d singleplayer scifi sexualcontent cute hentai
NIGHT-RUNNERS™ PROLOGUE,2024-02-23,0.7185660793429937,0.0,0,https://shared.akamai.steamstatic.com/store_item_assets/steam/apps/2707900/header.jpg?t=1708958635,0,"Single-player,Full controller support","Racing,Simulation","Racing,1990's,Automobile Sim,Arcade,Sports,Atmospheric,RPG,Driving,Cinematic,Exploration,Stylized,Noir,Realistic,First-Person,Third Person,Dark,Crime,Open World,Horror,Character Customization",2.2,https://store.steampowered.com/app/2707900/,0.0,0.9518288421941288,controller simulation crime openworld charactercustomization automobilesim realistic racing arcade noir sports stylized cinematic rpg thirdperson 1990s dark driving exploration horror singleplayer firstperson atmospheric
"Warhammer® 40,000: Dawn of War® - Soulstorm",2008-03-05,0.755384370197392,0.0,0,https://shared.akamai.steamstatic.com/store_item_assets/steam/apps/9450/header.jpg?t=1763648811,638,"Single-player,Multi-player,Steam Cloud,Family Sharing",Strategy,"Warhammer 40K,Strategy,RTS,Base-Building,Sci-fi,Multiplayer,Real-Time,Games Workshop,Singleplayer,Futuristic,Classic,Action,Atmospheric,Great Soundtrack,Gore,Moddable,Adventure,Fantasy,Co-op,Memes",18.17,https://store.steampowered.com/app/9450/,0.0,0.9517306692530502,fantasy warhammer40k multiplayer greatsoundtrack gamesworkshop singleplayer adventure gore rts classic action futuristic memes moddable basebuilding scifi realtime atmospheric coop strategy
Dear Devere,2020-05-29,0.4892366412165478,0.0,1,https://shared.akamai.steamstatic.com/store_item_assets/steam/apps/1301220/header.jpg?t=1723659364,0,"Single-player,Full controller support","Casual,Indie","Indie,Casual,Visual Novel,Romance,Historical,Story Rich,Emotional,Atmospheric,Great Soundtrack,Magic,Singleplayer,Beautiful,Mystery,Narration,Surreal,Relaxing,Stylized,Minimalist,Photo Editing,Drama",5.94,https://store.steampowered.com/app/1301220/,0.0,0.9514846158257124,casual controller beautiful surreal romance relaxing emotional storyrich greatsoundtrack singleplayer minimalist visualnovel narration stylized drama indie magic mystery atmospheric historical
Google Spotlight Stories: Pearl,2017-10-19,0.5557766305439302,0.0,0,https://shared.akamai.steamstatic.com/store_item_assets/steam/apps/476540/header.jpg?t=1512681273,0,"Single-player,VR Only","Adventure,Free To Play","Free to Play,Adventure,VR",8.54,https://store.steampowered.com/app/476540/,0.0,0.95142725831197,singleplayer adventure vr freetoplay
Evo\Wave,2021-03-12,0.4892366412165478,0.0,1,https://shared.akamai.steamstatic.com/store_item_assets/steam/apps/1532180/header.jpg?t=1698691011,0,Single-player,"Action,Adventure,Free To Play","Collectathon,Retro,Free to Play,3D Platformer,Exploration,Platformer,3D,Action-Adventure,Third Person,1980s,1990's,LGBTQ+,Colorful,Stylized,Cute,Family Friendly,Adventure,Funny,Old School,Story Rich",5.15,https://store.steampowered.com/app/1532180/,0.0,0.951279303194085,3dplatformer funny actionadventure storyrich familyfriendly adventure colorful stylized action collectathon thirdperson 1990s 3d freetoplay exploration lgbtq+ singleplayer platformer oldschool cute 1980s retro
攻城与召唤 Siege and Summons 【5分钟一局 策略竞技 】,2024-05-17,0.5962588843196084,0.0,0,https://shared.akamai.steamstatic.com/store_item_assets/steam/apps/2888980/header.jpg?t=1732699549,0,"Single-player,PvP,Online PvP,Co-op,Online Co-op,In-App Purchases","Adventure,Casual,Indie,Massively Multiplayer,RPG,Simulation,Strategy,Free To Play","Multiplayer,Historical,Alternate History,Strategy RPG,Roguelike Deckbuilder,Auto Battler,Trading Card Game,2D,Rogue-lite,Deckbuilding,Strategy,Co-op,Rogue-like,Card Battler,Turn-Based Strategy,Turn-Based Tactics,Turn-Based Combat,Adventure,Card Game,PvP",1.97,https://store.steampowered.com/app/2888980/,0.0,0.9505929055506352,casual pvp deckbuilding turnbasedtactics inapppurchases roguelikedeckbuilder simulation massivelymultiplayer multiplayer roguelite turnbasedcombat roguelike adventure cardbattler tradingcardgame 2d cardgame strategyrpg indie rpg coop turnbasedstrategy freetoplay singleplayer autobattler onlinepvp historical strategy alternatehistory
Ultimate Custom Night,2018-06-27,0.8003907929561015,0.0,0,https://shared.akamai.steamstatic.com/store_item_assets/steam/apps/871720/header.jpg?t=1568143255,80,"Single-player,Remote Play on Phone,Remote Play on Tablet","Action,Free To Play,Indie","Free to Play,Horror,Singleplayer,Survival Horror,Robots,Difficult,Strategy,First-Person,Survival,Dark,Indie,Point & Click,Action,Psychological Horror,Story Rich,Atmospheric,Memes,Funny,Character Customization,Simulation",7.86,https://store.steampowered.com/app/871720/,0.0,0.9505420544080344,remoteplayonphone funny simulation charactercustomization storyrich survivalhorror singleplayer remoteplayontablet survival psychologicalhorror action indie dark freetoplay memes horror pointandclick firstperson atmospheric strategy robots difficult
projectM Music Visualizer,2020-07-26,0.5557766305439302,0.0,0,https://shared.akamai.steamstatic.com/store_item_assets/steam/apps/1358800/header.jpg?t=1596814086,0,,"Casual,Simulation,Animation & Modeling,Design & Illustration,Utilities","Colorful,Music,Old School,Simulation,Atmospheric,Casual,Design & Illustration,Utilities,Animation & Modeling",5.78,https://store.steampowered.com/app/1358800/,0.0,0.950221782683504,casual oldschool utilities animationandmodeling music colorful designandillustration atmospheric simulation
The Book of Distance,2020-10-08,0.5557766305439302,0.0,0,https://shared.akamai.steamstatic.com/store_item_assets/steam/apps/1245640/header.jpg?t=1715006929,0,"Single-player,Tracked Controller Support,VR Only","Adventure,Casual,Indie,Free To Play","Interactive Fiction,VR,Story Rich,Narrative,6DOF,Historical,Education,Emotional,Documentary,First-Person,3D,Cinematic,Linear,Narration,Singleplayer,Feature Film,Adventure,Colorful,Casual,Exploration",5.57,https://store.steampowered.com/app/1245640/,0.0,0.9502165656097176,casual documentary narrative featurefilm controller emotional education interactivefiction storyrich adventure singleplayer vr colorful narration cinematic linear indie 3d freetoplay exploration firstperson historical 6dof
Schwarzerblitz,2020-05-31,0.5557766305439302,0.0,13,https://shared.akamai.steamstatic.com/store_item_assets/steam/apps/1287800/header.jpg?t=1759246475,0,"Single-player,Multi-player,PvP,Shared/Split Screen PvP,Shared/Split Screen,Steam Achievements,Full controller support,Steam Workshop,Color Alternatives,Custom Volume Controls,Adjustable Difficulty,Keyboard Only Option,Steam Cloud,Remote Play Together",Action,"Action,Free to Play,Fighting,3D Fighter,Indie,Arcade,Local Multiplayer,Competitive,Singleplayer,Controller,Story Rich,Combat,Beat 'em up,Multiplayer",5.93,https://store.steampowered.com/app/1287800/,0.0,0.9501958416279264,controller localmultiplayer pvp keyboardonlyoption multiplayer customvolumecontrols storyrich combat remoteplaytogether singleplayer arcade sharedsplitscreenpvp beatemup action indie 3dfighter freetoplay fighting splitscreen competitive coloralternatives
The Navigator,2018-08-03,0.4892366412165478,0.0,0,https://shared.akamai.steamstatic.com/store_item_assets/steam/apps/907000/header.jpg?t=1533282103,0,Single-player,"Adventure,Casual,Free To Play,Indie","Free to Play,Casual,Adventure,Indie,Puzzle-Platformer,Great Soundtrack,2D,Short",7.76,https://store.steampowered.com/app/907000/,0.0,0.949960223246652,casual singleplayer short greatsoundtrack adventure indie 2d freetoplay puzzleplatformer
Show It 2 Me,2017-12-14,0.4892366412165478,0.0,0,https://shared.akamai.steamstatic.com/store_item_assets/steam/apps/622270/header.jpg?t=1513293829,0,"Single-player,Tracked Controller Support,VR Only","Casual,Indie","Indie,Casual,VR,Free to Play,Music",8.39,https://store.steampowered.com/app/622270/,0.0,0.949938722298896,casual singleplayer indie vr music controller freetoplay
Hair of the Dog,2021-03-24,0.5557766305439302,0.0,0,https://shared.akamai.steamstatic.com/store_item_assets/steam/apps/1558970/header.jpg?t=1721306830,0,Single-player,"Adventure,Indie,Free To Play","Adventure,Point & Click,Pixel Graphics,Comedy,Dark Comedy,Funny,Time Manipulation,Story Rich,Atmospheric,Old School,Retro,Mystery,Exploration,2D,Singleplayer,Free to Play,Linear,Dog,Dark,Narration",5.12,https://store.steampowered.com/app/1558970/,0.0,0.9499160268540427,pixelgraphics funny storyrich adventure singleplayer narration 2d linear indie dark freetoplay exploration mystery pointandclick darkcomedy oldschool dog timemanipulation atmospheric comedy retro
MANDAGON,2016-08-03,0.6780830971139326,0.0,1,https://shared.akamai.steamstatic.com/store_item_assets/steam/apps/461560/header.jpg?t=1473435350,26,"Single-player,Steam Achievements,Partial Controller Support","Adventure,Free To Play,Indie","Free to Play,Pixel Graphics,Platformer,Indie,Adventure,2D,Atmospheric,Short,Relaxing,Singleplayer,Story Rich,Controller,Casual,Mystery,Great Soundtrack,Exploration,Walking Simulator,Multiplayer,Puzzle,Side Scroller",9.75,https://store.steampowered.com/app/461560/,0.0,0.9498661961749052,casual walkingsimulator pixelgraphics relaxing controller multiplayer storyrich greatsoundtrack puzzle adventure singleplayer 2d short sidescroller indie freetoplay exploration mystery platformer atmospheric
OMFG: One Million Fatal Guns,2021-03-11,0.6780830971139326,0.0,0,https://shared.akamai.steamstatic.com/store_item_assets/steam/apps/1555710/header.jpg?t=1670242092,0,Single-player,"Action,Free To Play","Arena Shooter,FPS,Arcade,Free to Play,Action,Shooter,Shoot 'Em Up,First-Person,3D,Singleplayer,Robots,Sci-fi,Minimalist,Combat,Rogue-like,Action Roguelike,Fast-Paced,Looter Shooter,Boomer Shooter",5.15,https://store.steampowered.com/app/1555710/,0.0,0.949548756242112,actionroguelike lootershooter combat roguelike singleplayer minimalist arcade arenashooter fps action shooter 3d freetoplay shootemup fastpaced boomershooter scifi firstperson robots
Fantasynth One,2017-04-20,0.5557766305439302,0.0,0,https://shared.akamai.steamstatic.com/store_item_assets/steam/apps/624460/header.jpg?t=1599658707,24,"Single-player,Tracked Controller Support,VR Only","Indie,Audio Production","Audio Production,Indie,VR,Music",9.04,https://store.steampowered.com/app/624460/,0.0,0.9493587778013208,singleplayer indie vr music controller audioproduction
Without a Voice,2020-03-20,0.5557766305439302,0.0,1,https://shared.akamai.steamstatic.com/store_item_assets/steam/apps/1262190/header.jpg?t=1756196583,0,"Single-player,Steam Achievements,Captions available,Partial Controller Support","Casual,Indie,RPG,Free To Play","Free to Play,Indie,Casual,LGBTQ+,Visual Novel,RPG,Female Protagonist,Anime,Adventure,Gore,Violent,Horror,Psychological Horror,Sexual Content",6.13,https://store.steampowered.com/app/1262190/,0.0,0.9493547250007304,lgbtq+ casual singleplayer violent psychologicalhorror adventure indie rpg anime gore sexualcontent visualnovel femaleprotagonist controller freetoplay horror
I Wanna Maker,2023-11-09,0.7185660793429937,0.0,0,https://shared.akamai.steamstatic.com/store_item_assets/steam/apps/1114940/header.jpg?t=1745611963,0,"Single-player,Steam Achievements,Custom Volume Controls,Save Anytime,Partial Controller Support,Steam Cloud,Includes level editor","Indie,Free To Play","Precision Platformer,Level Editor,Free to Play,2D Platformer,Character Customization,Multiplayer,Singleplayer,Arcade,Pixel Graphics,2D,Difficult,Platformer,Controller,Indie,Adventure,Colorful,Early Access,Action,Casual,Fantasy",2.49,https://store.steampowered.com/app/1114940/,0.0,0.949306120822193,casual fantasy pixelgraphics controller multiplayer charactercustomization customvolumecontrols includesleveleditor adventure singleplayer colorful arcade 2d action indie 2dplatformer earlyaccess freetoplay saveanytime platformer leveleditor precisionplatformer difficult
DoraKone,2019-04-23,0.5557766305439302,0.0,0,https://shared.akamai.steamstatic.com/store_item_assets/steam/apps/1034880/header.jpg?t=1556045385,0,"Single-player,Partial Controller Support","Casual,Indie","Casual,Indie,Visual Novel,LGBTQ+,Female Protagonist,Free to Play,Anime,Cute,Singleplayer,Romance",7.04,https://store.steampowered.com/app/1034880/,0.0,0.949140167028306,lgbtq+ casual singleplayer indie anime romance cute visualnovel femaleprotagonist controller freetoplay
Alien Swarm: Reactive Drop,2017-04-20,0.6780830971139326,0.0,0,https://shared.akamai.steamstatic.com/store_item_assets/steam/apps/563560/header.jpg?t=1747506777,95,"Single-player,Multi-player,PvP,Online PvP,LAN PvP,Co-op,Online Co-op,LAN Co-op,Steam Achievements,Full controller support,Captions available,Steam Workshop,Camera Comfort,Color Alternatives,Custom Volume Controls,Adjustable Difficulty,Keyboard Only Option,Mouse Only Option,Playable without Timed Input,Stereo Sound,Subtitle Options,Surround Sound,Steam Cloud,Stats,Steam Leaderboards,Includes level editor,Includes Source SDK","Action,Free To Play","Twin Stick Shooter,PvE,Top-Down Shooter,Co-op,Class-Based,Third-Person Shooter,Aliens,Level Editor,Hacking,PvP,Moddable,Third Person,Shooter,Top-Down,First-Person,Procedural Generation,Sci-fi,Zombies,Combat,LGBTQ+",9.04,https://store.steampowered.com/app/563560/,0.0,0.9491344867099328,includessourcesdk playablewithouttimedinput coop controller pvp keyboardonlyoption surroundsound customvolumecontrols combat lanpvp pve multiplayer includesleveleditor classbased proceduralgeneration zombies action stereosound aliens stats thirdperson shooter twinstickshooter hacking freetoplay topdownshooter moddable lgbtq+ singleplayer leveleditor onlinepvp scifi mouseonly thirdpersonshooter firstperson coloralternatives topdown
The Lar,2019-06-10,0.5962588843196084,0.0,1,https://shared.akamai.steamstatic.com/store_item_assets/steam/apps/1084570/header.jpg?t=1689146148,0,"Single-player,Steam Achievements,Steam Cloud","Adventure,Casual,Free To Play,Indie","Free to Play,Adventure,Indie,Casual,Pixel Graphics,Cute,RPGMaker,RPG,Sexual Content,Singleplayer,Horror,Psychological Horror",6.9,https://store.steampowered.com/app/1084570/,0.0,0.9491028352668256,casual singleplayer psychologicalhorror pixelgraphics adventure indie rpg sexualcontent cute rpgmaker freetoplay horror
The Lab,2016-04-05,0.755384370197392,0.0,0,https://shared.akamai.steamstatic.com/store_item_assets/steam/apps/450390/header.jpg?t=1677266902,51,"Single-player,Tracked Controller Support,VR Only,VR Supported,SteamVR Collectibles,Steam Leaderboards",Free To Play,"Free to Play,VR,Singleplayer,Action,First-Person,Adventure,Funny,Sandbox,Casual,Family Friendly,Sci-fi,FPS,Puzzle,Shooter,Memes,Strategy,Archery,Multiplayer,Atmospheric,Simulation",10.08,https://store.steampowered.com/app/450390/,0.0,0.9489666871326198,casual vr funny simulation controller multiplayer puzzle familyfriendly adventure singleplayer fps action archery sandbox shooter freetoplay memes scifi firstperson atmospheric strategy
Supermarket Together,2024-08-09,0.8003907929561015,0.0,1,https://shared.akamai.steamstatic.com/store_item_assets/steam/apps/2709570/header.jpg?t=1757788249,176,"Single-player,Multi-player,Co-op,Online Co-op,Steam Achievements,Steam Cloud","Casual,Indie,Simulation,Free To Play","Simulation,Online Co-Op,Multiplayer,Free to Play,Management,Economy,Singleplayer,Immersive Sim,First-Person,Trading,Life Sim,Building,Capitalism,Sandbox,3D,Resource Management,Realistic,Casual,Inventory Management,Indie",1.74,https://store.steampowered.com/app/2709570/,0.0,0.9489278332626588,casual capitalism building simulation multiplayer immersivesim singleplayer realistic trading economy resourcemanagement indie sandbox coop 3d freetoplay management firstperson inventorymanagement lifesim
Dead Horizon: Origin,2017-08-11,0.5557766305439302,0.0,1,https://shared.akamai.steamstatic.com/store_item_assets/steam/apps/671700/header.jpg?t=1728135461,172,Single-player,"Action,Adventure,Indie","Indie,Western,Action,Pixel Graphics,Adventure,Female Protagonist,Free to Play,Great Soundtrack,Short,Point & Click",8.73,https://store.steampowered.com/app/671700/,0.0,0.9489235023690438,singleplayer short pointandclick greatsoundtrack pixelgraphics action adventure indie femaleprotagonist western freetoplay
狐の旅路,2020-01-27,0.6330768564718121,0.0,0,https://shared.akamai.steamstatic.com/store_item_assets/steam/apps/1178050/header.jpg?t=1580787268,0,Single-player,"Free To Play,Indie,RPG","Free to Play,RPG,Indie,Anime,RPGMaker,Sexual Content,Hentai,Cute",6.27,https://store.steampowered.com/app/1178050/,0.0,0.9486843055072106,singleplayer indie anime rpg sexualcontent cute rpgmaker hentai freetoplay
La Rana,2019-01-01,0.5962588843196084,0.0,0,https://shared.akamai.steamstatic.com/store_item_assets/steam/apps/934860/header.jpg?t=1709310235,0,"Single-player,Partial Controller Support","Adventure,Casual,Free To Play,Indie","Free to Play,Indie,Adventure,Casual,Puzzle,3D Platformer",7.34,https://store.steampowered.com/app/934860/,0.0,0.9486030525234784,casual singleplayer 3dplatformer puzzle adventure indie controller freetoplay
Shepherd of Light,2019-09-04,0.6330768564718121,0.0,0,https://shared.akamai.steamstatic.com/store_item_assets/steam/apps/1106770/header.jpg?t=1617905667,0,Single-player,Free To Play,"Free to Play,Puzzle,Indie",6.67,https://store.steampowered.com/app/1106770/,0.0,0.9485601626089896,freetoplay singleplayer indie puzzle
Alien Swarm,2010-07-19,0.8003907929561015,0.0,0,https://shared.akamai.steamstatic.com/store_item_assets/steam/apps/630/header.jpg?t=1763407010,66,"Single-player,Multi-player,Co-op,Steam Achievements,Captions available,Camera Comfort,Color Alternatives,Custom Volume Controls,Adjustable Difficulty,Stereo Sound,Surround Sound,Steam Cloud,Stats,Includes level editor","Action,Free To Play","Free to Play,Co-op,Action,Multiplayer,Online Co-Op,Aliens,Shooter,Sci-fi,Top-Down,Top-Down Shooter,Survival,PvE,Class-Based,Third Person,Team-Based,Third-Person Shooter,Moddable,Singleplayer,Strategy,Adventure",15.8,https://store.steampowered.com/app/630/,0.0,0.948385457962513,surroundsound multiplayer customvolumecontrols pve includesleveleditor classbased adventure singleplayer survival action stereosound aliens stats shooter coop thirdperson teambased freetoplay topdownshooter moddable scifi thirdpersonshooter coloralternatives topdown strategy
Waves,2011-11-16,0.5962588843196084,0.0,1,https://shared.akamai.steamstatic.com/store_item_assets/steam/apps/107600/header.jpg?t=1659752456,42,"Single-player,Steam Achievements,Full controller support,Steam Trading Cards,Steam Cloud,Stats,Steam Leaderboards","Action,Indie","Bullet Hell,Shoot 'Em Up,Twin Stick Shooter,Shooter,Arcade,Top-Down,Bullet Time,Cyberpunk,Time Manipulation,Action,Colorful,Abstract,Score Attack,Psychedelic,Retro,Singleplayer,Great Soundtrack,Fast-Paced,Arena Shooter,2D",14.47,https://store.steampowered.com/app/107600/,0.0,0.9483130724457725,controller abstract psychedelic cyberpunk greatsoundtrack singleplayer colorful arcade scoreattack 2d arenashooter action indie stats shooter bullethell twinstickshooter shootemup bullettime fastpaced timemanipulation topdown retro
Slay the Dragon!,2021-02-05,0.5962588843196084,0.0,1,https://shared.akamai.steamstatic.com/store_item_assets/steam/apps/1463890/header.jpg?t=1626538604,0,"Single-player,Partial Controller Support","Action,Casual,Indie","Fantasy,Casual,Action,Hack and Slash,Singleplayer,Isometric,Action-Adventure,Indie,Hacking,Free to Play,Female Protagonist",5.25,https://store.steampowered.com/app/1463890/,0.0,0.9482469535802232,casual singleplayer fantasy action indie isometric femaleprotagonist controller actionadventure hacking hackandslash freetoplay
Prince Maker美少年梦工厂3：重生,2019-05-09,0.5962588843196084,0.0,1,https://shared.akamai.steamstatic.com/store_item_assets/steam/apps/1055760/header.jpg?t=1557444355,0,Single-player,"Indie,RPG,Simulation","RPG,Indie,Simulation,Free to Play,Anime,Dating Sim",6.99,https://store.steampowered.com/app/1055760/,0.0,0.9482003322341032,singleplayer datingsim indie rpg anime simulation freetoplay
Everlasting Summer,2014-11-19,0.7185660793429937,0.0,0,https://shared.akamai.steamstatic.com/store_item_assets/steam/apps/331470/header.jpg?t=1741850740,352,"Single-player,Steam Achievements,Partial Controller Support,Steam Cloud","Adventure,Casual,Indie,Free To Play","Visual Novel,Story Rich,Free to Play,Anime,Great Soundtrack,Choices Matter,Mature,Romance,Singleplayer,Nudity,Multiple Endings,2D,Dating Sim,Replay Value,Mystery,Adventure,Comedy,Indie,Classic,Casual",11.46,https://store.steampowered.com/app/331470/,0.0,0.948022284277224,casual romance controller nudity storyrich greatsoundtrack replayvalue adventure singleplayer anime visualnovel 2d classic datingsim mature indie freetoplay mystery choicesmatter multipleendings comedy
Interstate Drifter 1999,2020-09-16,0.6330768564718121,0.0,2,https://shared.akamai.steamstatic.com/store_item_assets/steam/apps/1383770/header.jpg?t=1711459547,0,"Single-player,Steam Achievements,Full controller support,Steam Leaderboards","Action,Casual,Indie,Racing,Free To Play","Racing,Experimental,Arcade,Exploration,2D,Isometric,Minimalist,Pixel Graphics,Stylized,1980s,1990's,Futuristic,Modern,Old School,Retro,Driving,Singleplayer,Indie,Free to Play,Score Attack",5.63,https://store.steampowered.com/app/1383770/,0.0,0.9479077171436084,casual controller pixelgraphics modern singleplayer minimalist racing arcade 2d scoreattack stylized action indie isometric futuristic 1990s freetoplay driving exploration oldschool experimental 1980s retro
Frog Fractions: Game of the Decade Edition,2020-08-02,0.6330768564718121,0.0,2,https://shared.akamai.steamstatic.com/store_item_assets/steam/apps/1194840/header.jpg?t=1643783840,53,"Single-player,Remote Play Together","Action,Adventure,Casual,Free To Play,Indie,Simulation","Free to Play,Casual,Education,Adventure,Indie,Action,Simulation,Surreal,Comedy,Story Rich,Funny,Cult Classic,Typing,Bullet Hell,Memes,Singleplayer,Atmospheric,Survival Horror,NSFW,Illuminati",5.76,https://store.steampowered.com/app/1194840/,0.0,0.947778993791067,casual surreal funny simulation education storyrich survivalhorror remoteplaytogether adventure singleplayer nsfw action indie bullethell freetoplay memes illuminati typing cultclassic atmospheric comedy
Easy Cat Timer,2019-07-03,0.4892366412165478,0.0,0,https://shared.akamai.steamstatic.com/store_item_assets/steam/apps/1054580/header.jpg?t=1578556676,0,,Utilities,"Utilities,Cute,Cats",6.84,https://store.steampowered.com/app/1054580/,0.0,0.9476208238290492,cats cute utilities
FrostRunner,2019-01-01,0.6780830971139326,0.0,0,https://shared.akamai.steamstatic.com/store_item_assets/steam/apps/934840/header.jpg?t=1566744887,0,"Single-player,Steam Achievements,Steam Cloud,Steam Leaderboards","Action,Free To Play,Indie","Free to Play,Parkour,Action,Indie,3D Platformer,Singleplayer,First-Person,Platformer,Fast-Paced,Runner",7.34,https://store.steampowered.com/app/934840/,0.0,0.9474951509804614,runner singleplayer platformer fastpaced 3dplatformer action firstperson indie freetoplay parkour
Unsung Warriors - Prologue,2019-01-15,0.6780830971139326,0.0,0,https://shared.akamai.steamstatic.com/store_item_assets/steam/apps/959080/header.jpg?t=1739352456,0,"Single-player,Multi-player,Co-op,Shared/Split Screen Co-op,Steam Achievements,Full controller support,Remote Play on Phone,Remote Play on Tablet,Remote Play on TV,Remote Play Together","Action,Adventure,Indie,Free To Play","Free to Play,Adventure,Action,Indie,Multiplayer,Platformer,2D,Local Co-Op,Co-op,RPG,Online Co-Op",7.3,https://store.steampowered.com/app/959080/,0.0,0.947118464866926,sharedsplitscreencoop remoteplayontv controller remoteplayonphone multiplayer remoteplaytogether adventure remoteplayontablet 2d coop action indie rpg freetoplay singleplayer platformer
Castle of Blackwater,2025-03-25,0.5557766305439302,0.0,0,https://shared.akamai.steamstatic.com/store_item_assets/steam/apps/2265920/header.jpg?t=1763131616,0,"Multi-player,PvP,Online PvP,Co-op,Online Co-op,In-App Purchases","Action,Casual,Indie,RPG,Strategy,Free To Play","Real Time Tactics,Social Deduction,Strategy,Detective,Multiplayer,PvP,2D,Funny,Character Customization,Cartoon,Psychological,Top-Down,Online Co-Op,Casual,Puzzle,Colorful,Cute,Hand-drawn,RPG,Comedy",1.11,https://store.steampowered.com/app/2265920/,0.0,0.947078077858833,casual pvp socialdeduction funny inapppurchases charactercustomization multiplayer puzzle colorful psychological 2d realtimetactics action indie rpg coop freetoplay cartoon onlinepvp cute handdrawn comedy detective topdown strategy
Space Between Worlds,2018-07-30,0.5557766305439302,0.0,0,https://shared.akamai.steamstatic.com/store_item_assets/steam/apps/779990/header.jpg?t=1572363772,0,"Single-player,Steam Achievements,Partial Controller Support","Casual,Free To Play,Indie","Free to Play,Casual,Indie,Minimalist",7.77,https://store.steampowered.com/app/779990/,0.0,0.9469539267228322,casual singleplayer indie minimalist controller freetoplay
What Never Was,2019-01-11,0.6780830971139326,0.0,0,https://shared.akamai.steamstatic.com/store_item_assets/steam/apps/866440/header.jpg?t=1608907034,0,"Single-player,Steam Achievements,Partial Controller Support","Adventure,Casual,Free To Play,Indie","Free to Play,Adventure,Puzzle,Indie,Story Rich,Singleplayer,First-Person,Casual,Mystery,Exploration,Female Protagonist,Point & Click,Atmospheric,Short,Relaxing,Walking Simulator,Investigation,Fantasy,Family Friendly,Magic",7.32,https://store.steampowered.com/app/866440/,0.0,0.9469271238258202,casual walkingsimulator fantasy relaxing femaleprotagonist controller storyrich puzzle familyfriendly adventure singleplayer short indie freetoplay magic exploration mystery pointandclick firstperson investigation atmospheric
A Book of Beasts and Buddies,2018-11-14,0.5962588843196084,0.0,0,https://shared.akamai.steamstatic.com/store_item_assets/steam/apps/959750/header.jpg?t=1747536511,0,"Single-player,Camera Comfort,Color Alternatives,Mouse Only Option,Playable without Timed Input","Adventure,Casual,Indie,RPG,Simulation,Free To Play","Free to Play,Casual,Adventure,Indie,RPG,Simulation,Point & Click,Funny,Cute",7.47,https://store.steampowered.com/app/959750/,0.0,0.9467436092045688,casual singleplayer playablewithouttimedinput pointandclick mouseonly adventure indie rpg funny cute coloralternatives simulation freetoplay
Super Jigsaw Puzzle: Generations,2019-04-04,0.6330768564718121,0.0,176,https://shared.akamai.steamstatic.com/store_item_assets/steam/apps/1036950/header.jpg?t=1763142252,439,"Single-player,Steam Achievements,Steam Cloud,Stats,Steam Leaderboards","Casual,Indie,Strategy,Free To Play","Family Friendly,Free to Play,Puzzle,Tabletop,Solitaire,Replay Value,Minimalist,GameMaker,Singleplayer,Casual,Relaxing,Indie,Difficult,Board Game,Atmospheric,Time Management,Stylized,Funny,Crafting,Cute",7.09,https://store.steampowered.com/app/1036950/,0.0,0.9464646675364604,casual boardgame funny relaxing timemanagement tabletop puzzle replayvalue familyfriendly singleplayer minimalist stylized solitaire indie stats freetoplay gamemaker cute atmospheric crafting strategy difficult
Lake of Voices,2018-08-28,0.6330768564718121,0.0,0,https://shared.akamai.steamstatic.com/store_item_assets/steam/apps/782340/header.jpg?t=1573362149,235,"Single-player,Steam Achievements","Casual,Free To Play,Indie","Free to Play,Visual Novel,Indie,Casual,Female Protagonist,Choices Matter,Otome,Singleplayer,Multiple Endings,Horror,Dark Fantasy,Dark,Great Soundtrack,Atmospheric,Romance,Psychological Horror,Short,LGBTQ+,Fantasy",7.69,https://store.steampowered.com/app/782340/,0.0,0.9459848848337276,casual fantasy romance otome femaleprotagonist greatsoundtrack singleplayer visualnovel psychologicalhorror short indie dark freetoplay darkfantasy horror lgbtq+ choicesmatter multipleendings atmospheric
Rome: Total War™ - Collection,2007-08-28,0.755384370197392,0.0,0,https://shared.akamai.steamstatic.com/store_item_assets/steam/apps/4760/header.jpg?t=1741017727,255,"Single-player,Multi-player,Steam Trading Cards,Family Sharing",Strategy,"Strategy,Historical,Rome,Turn-Based Strategy,RTS,Grand Strategy,Classic,Tactical,War,Great Soundtrack,Multiplayer,Singleplayer,Turn-Based,Moddable,Real Time Tactics,Action,Atmospheric,Simulation,4X,Nostalgia",18.69,https://store.steampowered.com/app/4760/,0.0,0.9458471904906226,war tactical rome turnbased simulation multiplayer greatsoundtrack singleplayer rts classic realtimetactics action turnbasedstrategy moddable 4x nostalgia atmospheric historical grandstrategy strategy
THE NORMAL THING,2020-12-10,0.5962588843196084,0.0,0,https://shared.akamai.steamstatic.com/store_item_assets/steam/apps/1397980/header.jpg?t=1607666505,0,"Single-player,Steam Achievements",Adventure,"2D,Adventure,Puzzle,Third Person,Top-Down,Atmospheric,Mystery,Indie,Singleplayer,Horror,Exploration,Investigation,Story Rich,Conversation,Free to Play",5.4,https://store.steampowered.com/app/1397980/,0.0,0.94577193203334,mystery singleplayer storyrich puzzle adventure indie conversation thirdperson investigation atmospheric 2d topdown freetoplay exploration horror
VRoid Studio v2.7.0,2020-12-23,0.7185660793429937,0.0,0,https://shared.akamai.steamstatic.com/store_item_assets/steam/apps/1486350/header.jpg?t=1764828010,75,,"Free To Play,Animation & Modeling,Design & Illustration","Free to Play,Animation & Modeling,Design & Illustration,Anime,Character Customization,Software,Singleplayer,VR,Comic Book,Nudity,Sexual Content,Utilities",5.37,https://store.steampowered.com/app/1486350/,0.0,0.9456454189432028,utilities singleplayer anime animationandmodeling vr sexualcontent designandillustration software freetoplay charactercustomization comicbook nudity
Sheaf - Together EP,2019-07-22,0.5557766305439302,0.0,0,https://shared.akamai.steamstatic.com/store_item_assets/steam/apps/1072530/header.jpg?t=1636124468,0,"Single-player,Tracked Controller Support,VR Only,Partial Controller Support",Indie,"Indie,VR",6.79,https://store.steampowered.com/app/1072530/,0.0,0.9456123173424082,singleplayer indie vr controller
Tailor Tales,2019-01-09,0.5962588843196084,0.0,6,https://shared.akamai.steamstatic.com/store_item_assets/steam/apps/939330/header.jpg?t=1723212135,5330,Single-player,"Casual,Simulation,Free To Play","Free to Play,Otome,Visual Novel,Female Protagonist,Romance,Character Customization,Simulation,Casual,Sexual Content,Dating Sim,Anime,Nudity,Story Rich",7.32,https://store.steampowered.com/app/939330/,0.0,0.9456119459269212,storyrich casual singleplayer datingsim romance otome sexualcontent anime visualnovel femaleprotagonist simulation freetoplay charactercustomization nudity
Learn to Fly 3,2017-05-12,0.6780830971139326,0.0,0,https://shared.akamai.steamstatic.com/store_item_assets/steam/apps/589870/header.jpg?t=1643409029,151,"Single-player,Steam Achievements,Steam Trading Cards,In-App Purchases,Steam Cloud,Stats","Action,Adventure,Casual,Free To Play,Indie,Simulation,Strategy","Free to Play,Casual,Physics,Simulation,Indie,Flight,Singleplayer,Management,Strategy,Sandbox,Puzzle,Character Customization,Logic,Arcade,2D,Cute,Relaxing,Family Friendly,Space,Runner",8.98,https://store.steampowered.com/app/589870/,0.0,0.9456055825314738,casual logic inapppurchases relaxing simulation flight charactercustomization runner puzzle familyfriendly adventure singleplayer arcade 2d action physics indie stats sandbox freetoplay management cute space strategy
OLDTV,2017-07-15,0.7185660793429937,0.0,2,https://shared.akamai.steamstatic.com/store_item_assets/steam/apps/643270/header.jpg?t=1694713917,26,"Single-player,Steam Achievements","Indie,Free To Play","Free to Play,Great Soundtrack,Fast-Paced,Indie,Difficult,Singleplayer,Puzzle,Casual,Psychological Horror,Atmospheric,Arcade,Psychedelic,2D,Retro,Illuminati,Memes",8.81,https://store.steampowered.com/app/643270/,0.0,0.9455930489904986,singleplayer casual fastpaced psychologicalhorror greatsoundtrack puzzle illuminati indie psychedelic atmospheric arcade 2d freetoplay retro memes difficult
Creatures Docking Station,2021-12-07,0.5557766305439302,0.0,4,https://shared.akamai.steamstatic.com/store_item_assets/steam/apps/1659050/header.jpg?t=1721031581,0,"Single-player,Steam Cloud","Casual,Simulation,Free To Play","Life Sim,Casual,Artificial Intelligence,Simulation,Cute,Moddable,Sandbox,Science,Conversation,Singleplayer,Nonlinear,Family Friendly,Nature,Asynchronous Multiplayer,Survival,Atmospheric,Colorful,Sci-fi,God Game,Old School",4.41,https://store.steampowered.com/app/1659050/,0.0,0.9452961098850968,casual artificialintelligence asynchronousmultiplayer simulation science nature familyfriendly singleplayer conversation nonlinear colorful survival sandbox godgame freetoplay moddable oldschool scifi cute atmospheric lifesim
Cosmic Flow: A Relaxing VR Experience,2020-03-30,0.5557766305439302,0.0,1,https://shared.akamai.steamstatic.com/store_item_assets/steam/apps/1267950/header.jpg?t=1599077817,0,"Single-player,Tracked Controller Support,VR Supported",Indie,"Indie,VR,Psychedelic,Relaxing,Experience,Experimental",6.1,https://store.steampowered.com/app/1267950/,0.0,0.9451487062511376,singleplayer vr indie psychedelic relaxing experience experimental controller
Dragon Spirits : Prologue,2020-08-26,0.5557766305439302,0.0,0,https://shared.akamai.steamstatic.com/store_item_assets/steam/apps/1363490/header.jpg?t=1755519628,0,"Single-player,Partial Controller Support","Adventure,Indie,RPG,Strategy","RPG,Creature Collector,Indie,Adventure,Strategy,Dragons,JRPG,Comedy,Story Rich,Dungeon Crawler,Strategy RPG,Singleplayer,Retro,Management,RPGMaker,Old School,2D,Pixel Graphics,Anime,Free to Play",5.69,https://store.steampowered.com/app/1363490/,0.0,0.9451180066684196,pixelgraphics jrpg controller strategy storyrich adventure singleplayer anime rpgmaker 2d creaturecollector dragons strategyrpg indie rpg freetoplay oldschool management comedy retro dungeoncrawler
ZACH-LIKE,2019-06-17,0.5557766305439302,0.0,0,https://shared.akamai.steamstatic.com/store_item_assets/steam/apps/1098840/header.jpg?t=1667069607,45,"Single-player,Multi-player,PvP,Online PvP,Shared/Split Screen PvP,Remote Play Together",Indie,"Indie,Puzzle,Programming,Free to Play",6.89,https://store.steampowered.com/app/1098840/,0.0,0.945038764053834,singleplayer onlinepvp puzzle multiplayer pvp remoteplaytogether indie programming freetoplay sharedsplitscreenpvp
机械恋心,2024-05-30,0.5557766305439302,0.0,0,https://shared.akamai.steamstatic.com/store_item_assets/steam/apps/2980050/d1948661e2d39011131df950e25d1d233799bf58/header.jpg?t=1761487851,0,"Single-player,Full controller support","Adventure,Casual,Indie,Free To Play,Early Access","Early Access,Visual Novel,Word Game,Dating Sim,Romance,Sci-fi,Artificial Intelligence,Robots,Indie,Anime,Multiple Endings,Story Rich,Lore-Rich,Choices Matter,Cute,Futuristic,Funny,First-Person,Conversation,RPG",1.93,https://store.steampowered.com/app/2980050/,0.0,0.9450150145199456,casual artificialintelligence controller wordgame romance funny storyrich adventure conversation anime visualnovel lorerich datingsim indie rpg futuristic earlyaccess freetoplay singleplayer choicesmatter scifi firstperson multipleendings cute robots
Freedom Fighters,2020-09-21,0.6330768564718121,0.0,1,https://shared.akamai.steamstatic.com/store_item_assets/steam/apps/1347780/header.jpg?t=1600704099,282,"Single-player,Steam Cloud,Family Sharing",Action,"Action,Third-Person Shooter,Shooter,Cold War,Singleplayer,3D,Combat,Classic,Cult Classic,Alternate History,Great Soundtrack,Tactical,Atmospheric",5.62,https://store.steampowered.com/app/1347780/,0.0,0.9449558982185824,singleplayer greatsoundtrack thirdpersonshooter action cultclassic tactical shooter atmospheric 3d coldwar classic alternatehistory combat
Prologue for a Vacant Kingdom,2019-04-18,0.5557766305439302,0.0,0,https://shared.akamai.steamstatic.com/store_item_assets/steam/apps/1040490/header.jpg?t=1640113049,0,"Single-player,Steam Achievements,Full controller support,Steam Cloud","Action,Adventure,Free To Play,Indie,RPG","Bullet Hell,Free to Play,Action,RPG,Indie,Shoot 'Em Up,Adventure,Top-Down Shooter,Difficult,Funny,Twin Stick Shooter,Pixel Graphics",7.05,https://store.steampowered.com/app/1040490/,0.0,0.944818645679986,singleplayer controller action pixelgraphics adventure indie rpg funny bullethell twinstickshooter freetoplay topdownshooter shootemup difficult
Transmissions: Element 120,2016-06-16,0.7185660793429937,0.0,0,https://shared.akamai.steamstatic.com/store_item_assets/steam/apps/365300/header.jpg?t=1467019620,56,"Single-player,Steam Achievements,Captions available,VR Supported,Partial Controller Support,Steam Cloud","Action,Free To Play,Indie","Free to Play,Action,Shooter,Zombies,Horror,First-Person,Singleplayer,Multiplayer,FPS,Mod,Atmospheric,Indie,Survival,Sci-fi,Short,Puzzle,Adventure,Open World,Co-op,Walking Simulator",9.89,https://store.steampowered.com/app/365300/,0.0,0.9447198258153524,vr walkingsimulator controller multiplayer openworld puzzle adventure singleplayer mod survival zombies short fps action indie shooter freetoplay horror scifi firstperson atmospheric coop
Art Plunge,2019-09-11,0.5557766305439302,0.0,0,https://shared.akamai.steamstatic.com/store_item_assets/steam/apps/570900/header.jpg?t=1706706161,18,"Single-player,Tracked Controller Support,VR Only","Casual,Indie,Free To Play","Casual,Indie,Free to Play,VR",6.65,https://store.steampowered.com/app/570900/,0.0,0.944677176975241,casual singleplayer controller indie vr freetoplay
Aircar,2019-08-09,0.6780830971139326,0.0,0,https://shared.akamai.steamstatic.com/store_item_assets/steam/apps/1073390/header.jpg?t=1574392904,0,"Single-player,Full controller support,Tracked Controller Support,VR Only","Casual,Free To Play,Indie","Free to Play,VR,Casual,Indie,Flight,Cyberpunk,Relaxing,Simulation",6.74,https://store.steampowered.com/app/1073390/,0.0,0.9444358461441146,cyberpunk casual singleplayer controller indie vr relaxing flight simulation freetoplay
Hello Neighbor Alpha 2,2019-10-15,0.5962588843196084,0.0,0,https://shared.akamai.steamstatic.com/store_item_assets/steam/apps/1092720/header.jpg?t=1726669662,27,Single-player,"Adventure,Indie,Strategy","Horror,Survival Horror,Stealth,Investigation,Sandbox,First-Person,3D,Survival,Funny,Psychological Horror,Puzzle,Surreal,Action,Cartoony,Colorful,Thriller,Mystery,Psychedelic,Comedy,Psychological",6.56,https://store.steampowered.com/app/1092720/,0.0,0.94426998498863,surreal psychedelic funny puzzle survivalhorror adventure colorful cartoon psychological survival psychologicalhorror action indie sandbox 3d thriller stealth horror mystery singleplayer firstperson investigation comedy strategy
Robo Maestro,2023-01-20,0.4892366412165478,0.0,0,https://shared.akamai.steamstatic.com/store_item_assets/steam/apps/1808490/header.jpg?t=1688028668,0,"Single-player,Includes level editor",Indie,"Music,Procedural Generation,Relaxing,Indie,Audio Production,Casual,Artificial Intelligence,Music-Based Procedural Generation,Simulation,Software,Automation,Building,Moddable,Experimental,Instrumental Music,Rhythm,Utilities,Sandbox,Atmospheric,Robots",3.29,https://store.steampowered.com/app/1808490/,0.0,0.9442364010333671,casual artificialintelligence instrumentalmusic musicbasedproceduralgeneration relaxing building simulation utilities includesleveleditor proceduralgeneration indie music sandbox rhythm audioproduction moddable singleplayer automation atmospheric software experimental robots
Hidden Lands - Spot the differences,2021-01-28,0.5557766305439302,0.0,0,https://shared.akamai.steamstatic.com/store_item_assets/steam/apps/1378060/header.jpg?t=1620411474,0,"Single-player,Steam Achievements","Casual,Free To Play,Indie","Casual,Exploration,Hidden Object,3D,Colorful,Free to Play,Minimalist,Nature,Indie,Singleplayer,Post-apocalyptic,Procedural Generation,Tutorial",5.27,https://store.steampowered.com/app/1378060/,0.0,0.9440631242861972,casual singleplayer nature indie minimalist proceduralgeneration colorful tutorial 3d freetoplay postapocalyptic hiddenobject exploration
Soldat,2020-04-15,0.6780830971139326,0.0,1,https://shared.akamai.steamstatic.com/store_item_assets/steam/apps/638490/header.jpg?t=1756567404,25,"Single-player,Multi-player,PvP,Online PvP,LAN PvP,Steam Cloud","Action,Indie,Free To Play","Free to Play,Action,Indie,Multiplayer,Shooter,2D,Gore,Violent,PvP,Co-op,Pixel Graphics,Classic",6.06,https://store.steampowered.com/app/638490/,0.0,0.9440499315911756,violent singleplayer lanpvp onlinepvp pixelgraphics action multiplayer pvp coop indie shooter gore 2d freetoplay classic
Peggle Extreme,2007-09-11,0.6780830971139326,0.0,0,https://shared.akamai.steamstatic.com/store_item_assets/steam/apps/3483/header.jpg?t=1702414944,50,"Single-player,Remote Play on Phone,Remote Play on Tablet","Casual,Free To Play","Casual,Free to Play,Puzzle,Psychological Horror,Classic,Mouse only,Arcade,2D,Singleplayer,Action,Hentai",18.65,https://store.steampowered.com/app/3483/,0.0,0.9436791622214024,casual singleplayer psychologicalhorror puzzle remoteplayonphone action remoteplayontablet mouseonly hentai arcade 2d freetoplay classic
Magic Rampage,2022-05-24,0.5962588843196084,0.0,1,https://shared.akamai.steamstatic.com/store_item_assets/steam/apps/704920/header.jpg?t=1766502360,0,"Single-player,Multi-player,PvP,Online PvP,Shared/Split Screen PvP,Shared/Split Screen,Cross-Platform Multiplayer,Steam Achievements,In-App Purchases,Partial Controller Support","Action,Adventure,Indie,RPG","Indie,Platformer,Action RPG,Adventure,RPG,PvP,Magic,Action,2D Platformer,Medieval,Fantasy,Old School,Asynchronous Multiplayer,Local Multiplayer,2D,Free to Play,Colorful,Dark Fantasy,Mystery,Multiplayer",3.95,https://store.steampowered.com/app/704920/,0.0,0.9436326476745804,fantasy localmultiplayer pvp asynchronousmultiplayer inapppurchases controller medieval multiplayer adventure colorful 2d sharedsplitscreenpvp actionrpg action indie rpg 2dplatformer freetoplay splitscreen magic darkfantasy mystery singleplayer platformer oldschool onlinepvp crossplatformmultiplayer
A Raven Monologue,2018-01-11,0.6330768564718121,0.0,1,https://shared.akamai.steamstatic.com/store_item_assets/steam/apps/744810/header.jpg?t=1723622366,11,Single-player,"Casual,Indie,Free To Play","Free to Play,Indie,Casual,Atmospheric,Hand-drawn,Experimental,Relaxing,Short,Great Soundtrack,Visual Novel,Story Rich,Singleplayer,2D,Point & Click,Emotional,Adventure",8.31,https://store.steampowered.com/app/744810/,0.0,0.9435401392268156,storyrich casual singleplayer short pointandclick greatsoundtrack adventure indie handdrawn atmospheric relaxing visualnovel experimental 2d freetoplay emotional
Leaf Blower Revolution - Idle Game,2020-12-04,0.755384370197392,0.0,7,https://shared.akamai.steamstatic.com/store_item_assets/steam/apps/1468260/header.jpg?t=1724051263,567,"Single-player,Steam Achievements,Steam Trading Cards,In-App Purchases,Steam Cloud,Stats","Casual,Indie,Free To Play","Idler,Clicker,Casual,Indie,Crafting,Pixel Graphics,Free to Play,Collectathon,Relaxing,Funny,2D,Exploration,Farming Sim,Top-Down,Colorful,Physics,Atmospheric,Multiplayer,Singleplayer,Great Soundtrack",5.42,https://store.steampowered.com/app/1468260/,0.0,0.9433808028341136,casual pixelgraphics funny inapppurchases relaxing multiplayer greatsoundtrack farming singleplayer colorful 2d idler physics clicker indie stats collectathon freetoplay exploration atmospheric topdown crafting
God Of Thunder,2017-11-14,0.4892366412165478,0.0,0,https://shared.akamai.steamstatic.com/store_item_assets/steam/apps/738470/header.jpg?t=1510653743,527,Single-player,"Action,Adventure,Indie","Action,Adventure,Indie,Free to Play,Retro,1990's,Puzzle",8.47,https://store.steampowered.com/app/738470/,0.0,0.9432825743383773,singleplayer puzzle action adventure indie 1990s freetoplay retro
IL DIVINO: Michelangelo's Sistine Ceiling in VR,2019-11-18,0.5962588843196084,0.0,0,https://shared.akamai.steamstatic.com/store_item_assets/steam/apps/1165850/header.jpg?t=1584656850,0,"Single-player,Tracked Controller Support,VR Only",Simulation,"Simulation,Free to Play,VR",6.46,https://store.steampowered.com/app/1165850/,0.0,0.9431819655421394,singleplayer vr simulation controller freetoplay
Soda Dungeon 2,2020-07-09,0.7185660793429937,0.0,1,https://shared.akamai.steamstatic.com/store_item_assets/steam/apps/946050/header.jpg?t=1745866248,779,"Single-player,Steam Achievements,In-App Purchases,Color Alternatives,Custom Volume Controls,Mouse Only Option,Playable without Timed Input,Save Anytime,Touch Only Option,Steam Cloud,Remote Play on Phone,Remote Play on Tablet","Casual,Indie,RPG,Free To Play","Free to Play,Idler,RPG,Pixel Graphics,Dungeon Crawler,Casual,Indie,2D,Turn-Based,Strategy RPG,Turn-Based Combat,Comedy,Fantasy,Simulation,Singleplayer,Clicker,Adventure,Medieval,Action,Strategy",5.82,https://store.steampowered.com/app/946050/,0.0,0.9431608792665382,casual playablewithouttimedinput fantasy pixelgraphics remoteplayonphone turnbased inapppurchases simulation medieval customvolumecontrols turnbasedcombat adventure singleplayer remoteplayontablet 2d idler action clicker strategyrpg indie rpg touchonlyoption freetoplay saveanytime mouseonly coloralternatives comedy strategy dungeoncrawler
Ori and the Blind Forest,2015-03-10,0.8003907929561015,0.0,0,https://shared.akamai.steamstatic.com/store_item_assets/steam/apps/261570/header.jpg?t=1667504148,342,"Single-player,Steam Achievements,Full controller support,Steam Trading Cards,Steam Cloud,Stats,Remote Play on TV,Family Sharing",Action,"Great Soundtrack,Atmospheric,Platformer,Adventure,Metroidvania,Story Rich,Fantasy,2D,Cute,Singleplayer,Difficult,Action,Indie,Puzzle-Platformer,Exploration,Puzzle,Side Scroller,Open World,Family Friendly,RPG",11.16,https://store.steampowered.com/app/261570/,0.0,0.9431301647695056,remoteplayontv fantasy controller openworld storyrich greatsoundtrack puzzle familyfriendly adventure singleplayer 2d metroidvania action sidescroller indie stats rpg puzzleplatformer exploration platformer cute atmospheric difficult
Aimlabs,2023-06-16,0.8003907929561015,0.0,8,https://shared.akamai.steamstatic.com/store_item_assets/steam/apps/714010/header.jpg?t=1748985307,73,"Single-player,Steam Achievements,Full controller support,Steam Workshop,In-App Purchases,Steam Cloud,Stats,Steam Leaderboards,Includes level editor","Action,Adventure,Casual,Indie,Simulation,Free To Play","Free to Play,FPS,Shooter,Simulation,First-Person,Singleplayer,Action,Multiplayer,Early Access,e-sports,Competitive,Casual,Indie,Sniper,Adventure,Fast-Paced,Tactical,Difficult,Score Attack,Third-Person Shooter",2.89,https://store.steampowered.com/app/714010/,0.0,0.9428685534675564,casual esports controller tactical inapppurchases simulation multiplayer sniper includesleveleditor adventure singleplayer scoreattack fps action indie stats shooter earlyaccess freetoplay fastpaced thirdpersonshooter firstperson competitive difficult
Soda Dungeon,2017-02-06,0.7185660793429937,0.0,0,https://shared.akamai.steamstatic.com/store_item_assets/steam/apps/564710/header.jpg?t=1726581480,326,"Single-player,Steam Achievements,Full controller support,Steam Trading Cards,In-App Purchases,Steam Cloud","Casual,RPG,Free To Play","Free to Play,RPG,Pixel Graphics,Casual,2D,Clicker,Turn-Based,Dungeon Crawler,Singleplayer,Adventure,Fantasy,Strategy,Indie,Action,Comedy,Turn-Based Combat,Great Soundtrack,Idler,Multiplayer,Point & Click",9.24,https://store.steampowered.com/app/564710/,0.0,0.9427306645438724,casual fantasy controller pixelgraphics turnbased inapppurchases multiplayer greatsoundtrack turnbasedcombat adventure singleplayer 2d idler action clicker indie rpg freetoplay pointandclick comedy strategy dungeoncrawler
Google Earth VR,2016-11-16,0.7185660793429937,0.0,0,https://shared.akamai.steamstatic.com/store_item_assets/steam/apps/348250/header.jpg?t=1508799201,41,"Single-player,Tracked Controller Support,VR Only,VR Supported,SteamVR Collectibles","Adventure,Casual,Free To Play,Simulation","VR,Free to Play,Open World,Simulation,Casual,Adventure,Exploration,Realistic,Singleplayer,Walking Simulator,Education,Multiplayer",9.47,https://store.steampowered.com/app/348250/,0.0,0.942674799823604,casual singleplayer vr controller walkingsimulator adventure realistic multiplayer exploration simulation freetoplay openworld education
Your Dry Delight,2018-08-17,0.5557766305439302,0.0,0,https://shared.akamai.steamstatic.com/store_item_assets/steam/apps/913010/header.jpg?t=1609276652,0,"Single-player,Steam Achievements,Captions available","Casual,Free To Play,Indie","LGBTQ+,Free to Play,Visual Novel,Indie,Casual,Romance,Sexual Content,Anime,Singleplayer,Story Rich",7.72,https://store.steampowered.com/app/913010/,0.0,0.9426007541196544,lgbtq+ casual singleplayer storyrich indie romance sexualcontent anime visualnovel freetoplay
Juniper's Knot,2017-08-29,0.4892366412165478,0.0,1,https://shared.akamai.steamstatic.com/store_item_assets/steam/apps/687590/header.jpg?t=1669298989,63,"Single-player,Partial Controller Support","Casual,Indie","Indie,Casual,Visual Novel,Free to Play,Anime,Singleplayer",8.68,https://store.steampowered.com/app/687590/,0.0,0.9425443264034212,casual singleplayer indie anime visualnovel controller freetoplay
Palinurus,2016-12-09,0.5557766305439302,0.0,0,https://shared.akamai.steamstatic.com/store_item_assets/steam/apps/458760/header.jpg?t=1630685408,0,Single-player,Free To Play,"Free to Play,Visual Novel,Anime,Indie,Story Rich,Sci-fi,Memes",9.4,https://store.steampowered.com/app/458760/,0.0,0.9425034735083456,storyrich singleplayer scifi indie anime visualnovel freetoplay memes
The Dandelion Girl: Don't You Remember Me?,2019-07-11,0.4892366412165478,0.0,0,https://shared.akamai.steamstatic.com/store_item_assets/steam/apps/990090/header.jpg?t=1645057065,0,Single-player,"Free To Play,Indie,Simulation","Free to Play,Indie,Simulation,Visual Novel,Romance,Sci-fi,Anime",6.82,https://store.steampowered.com/app/990090/,0.0,0.9424913309405338,singleplayer scifi indie romance anime visualnovel simulation freetoplay
Friendly Fire,2020-07-05,0.6330768564718121,0.0,1,https://shared.akamai.steamstatic.com/store_item_assets/steam/apps/1311660/header.jpg?t=1668767704,0,"Single-player,Full controller support,Remote Play on TV,Remote Play Together","Adventure,Casual,Free To Play,Indie","Free to Play,Indie,Casual,Adventure,Pixel Graphics,Platformer,Fantasy,Short,2D Platformer,Mystery,Metroidvania,Interactive Fiction,Investigation,2D,Supernatural,Narration,Singleplayer,Conversation,Multiple Endings",5.83,https://store.steampowered.com/app/1311660/,0.0,0.9422652389701036,casual remoteplayontv fantasy supernatural controller pixelgraphics interactivefiction remoteplaytogether adventure singleplayer conversation narration 2d metroidvania short indie 2dplatformer freetoplay mystery platformer investigation multipleendings
GunBlocks - Prologue,2021-01-01,0.5557766305439302,0.0,0,https://shared.akamai.steamstatic.com/store_item_assets/steam/apps/1492720/header.jpg?t=1667235545,0,"Single-player,Full controller support","Action,Adventure,Casual,Free To Play,Indie","Action,Puzzle,Experimental,Puzzle-Platformer,2D,Pixel Graphics,Colorful,Atmospheric,Free to Play,Relaxing,Indie,Turn-Based Tactics,Casual,Adventure,Building,Singleplayer,Platformer",5.34,https://store.steampowered.com/app/1492720/,0.0,0.9422606387408704,casual controller pixelgraphics turnbasedtactics relaxing building puzzle adventure singleplayer colorful 2d action indie freetoplay puzzleplatformer platformer atmospheric experimental
Brief Karate Foolish,2016-11-18,0.5962588843196084,0.0,0,https://shared.akamai.steamstatic.com/store_item_assets/steam/apps/546390/header.jpg?t=1671088688,35,"Single-player,Multi-player,PvP,Shared/Split Screen PvP,Shared/Split Screen,Partial Controller Support","Action,Casual,Free To Play,Indie","Psychological Horror,Free to Play,Fighting,Sexual Content,Nudity,Memes,Funny,Anime,Action,2D Fighter,Comedy,Indie,Multiplayer,Family Friendly,Casual,Dating Sim,Illuminati,Horror,e-sports,Sports",9.46,https://store.steampowered.com/app/546390/,0.0,0.9421927766802192,casual esports pvp funny controller multiplayer nudity familyfriendly anime sports sharedsplitscreenpvp psychologicalhorror datingsim action indie freetoplay fighting memes splitscreen horror singleplayer illuminati sexualcontent 2dfighter comedy
Bacon May Die,2021-04-15,0.6330768564718121,0.0,0,https://shared.akamai.steamstatic.com/store_item_assets/steam/apps/646240/header.jpg?t=1664270316,0,"Single-player,Multi-player,Co-op,Shared/Split Screen Co-op,Shared/Split Screen,Steam Achievements,Steam Workshop,Partial Controller Support,Stats,Steam Leaderboards,Remote Play Together","Action,Casual,Free To Play,Indie","Free to Play,Action,Indie,Casual,Local Multiplayer,2D,Beat 'em up,Side Scroller,Fighting,Funny,Character Customization,Multiplayer,Cartoon,Cute,2D Fighter,Fast-Paced,Colorful,Gore",5.06,https://store.steampowered.com/app/646240/,0.0,0.94219143451862,casual sharedsplitscreencoop localmultiplayer funny controller charactercustomization multiplayer remoteplaytogether gore colorful 2d beatemup action sidescroller indie stats freetoplay splitscreen fighting singleplayer cartoon fastpaced cute 2dfighter coop
Life Tastes Like Cardboard,2019-09-22,0.4892366412165478,0.0,0,https://shared.akamai.steamstatic.com/store_item_assets/steam/apps/1114090/header.jpg?t=1569210921,0,Single-player,Indie,"Indie,Emotional,Surreal,Dark,Walking Simulator,Experimental,Abstract,Free to Play,Psychological Horror,Gore",6.62,https://store.steampowered.com/app/1114090/,0.0,0.9421625611303542,singleplayer psychologicalhorror walkingsimulator abstract surreal indie gore dark experimental freetoplay emotional
Propagation VR,2020-09-25,0.7185660793429937,0.0,2,https://shared.akamai.steamstatic.com/store_item_assets/steam/apps/1363430/header.jpg?t=1754038854,37,"Single-player,Tracked Controller Support,VR Only",Action,"VR,Action,Horror,Zombies,Free to Play,Multiplayer,Gore,Violent,FPS,Survival,Shooter,Survival Horror,Singleplayer,First-Person,Post-apocalyptic,Co-op,Indie,Online Co-Op",5.61,https://store.steampowered.com/app/1363430/,0.0,0.9418353048321614,controller postapocalyptic multiplayer violent survivalhorror singleplayer vr gore survival zombies fps action indie shooter coop freetoplay horror firstperson
东方试闻广纪 ~ Perfect Memento of Touhou Question,2018-08-02,0.5962588843196084,0.0,2,https://shared.akamai.steamstatic.com/store_item_assets/steam/apps/904740/header.jpg?t=1533273072,0,Single-player,"Casual,Indie","Casual,Indie,Faith,Free to Play,Anime",7.76,https://store.steampowered.com/app/904740/,0.0,0.9417790836922272,casual singleplayer indie anime faith freetoplay
Fox! Hen! Bag!,2020-07-13,0.5557766305439302,0.0,0,https://shared.akamai.steamstatic.com/store_item_assets/steam/apps/1339580/header.jpg?t=1619982816,0,"Single-player,Steam Achievements","Adventure,Casual,Free To Play","Relaxing,Colorful,Casual,Walking Simulator,Singleplayer,Stylized,Cute,Atmospheric,First-Person,3D,Puzzle,Minimalist,Fantasy,Exploration,Free to Play,Adventure,Funny,Choices Matter,Mystery,Indie",5.81,https://store.steampowered.com/app/1339580/,0.0,0.9416996995662462,casual walkingsimulator fantasy funny relaxing puzzle adventure singleplayer minimalist colorful stylized indie 3d freetoplay exploration mystery choicesmatter firstperson cute atmospheric
JermaSlots,2019-04-06,0.5557766305439302,0.0,0,https://shared.akamai.steamstatic.com/store_item_assets/steam/apps/1032520/header.jpg?t=1593711010,0,"Single-player,Steam Achievements,Steam Cloud","Casual,Free To Play,Indie","Free to Play,Indie,Casual,Memes,Psychological Horror,Gambling,Funny,Short,Sexual Content",7.08,https://store.steampowered.com/app/1032520/,0.0,0.9416944692848804,casual singleplayer psychologicalhorror short indie sexualcontent funny freetoplay memes gambling
EMPTY SHELL: PROLOGUE,2023-01-06,0.6780830971139326,0.0,0,https://shared.akamai.steamstatic.com/store_item_assets/steam/apps/2224850/header.jpg?t=1727729951,92,"Single-player,Steam Achievements,Full controller support,Steam Cloud,Steam Leaderboards","Action,Adventure,Indie,Free To Play","Action Roguelike,Rogue-lite,Top-Down,Rogue-like,Action-Adventure,Horror,Action,Controller,Story Rich,Adventure,Sci-fi,Survival,Old School,Retro,Survival Horror,Combat,Free to Play,Singleplayer,Dark,Gore",3.33,https://store.steampowered.com/app/2224850/,0.0,0.941478115647916,controller actionroguelike actionadventure roguelite combat storyrich survivalhorror roguelike adventure singleplayer gore survival action indie dark freetoplay horror oldschool scifi topdown retro
Picross Touch,2016-08-24,0.6780830971139326,0.0,5,https://shared.akamai.steamstatic.com/store_item_assets/steam/apps/476460/header.jpg?t=1573521569,332,"Single-player,Steam Achievements,Steam Workshop,Steam Cloud,Steam Leaderboards,Includes level editor","Casual,Free To Play,Indie,Strategy","Puzzle,Free to Play,Casual,Indie,Strategy,Singleplayer,Touch-Friendly,Level Editor",9.7,https://store.steampowered.com/app/476460/,0.0,0.941455200765746,casual singleplayer leveleditor puzzle includesleveleditor indie freetoplay strategy touchfriendly
Command & Conquer™ 3: Kane’s Wrath,2009-11-13,0.6780830971139326,0.0,0,https://shared.akamai.steamstatic.com/store_item_assets/steam/apps/24810/header.jpg?t=1741704747,406,"Single-player,Multi-player,Steam Workshop,Steam Cloud,Includes level editor,Family Sharing","Action,Strategy","Family Friendly,Level Editor,Strategy,Action,Multiplayer,Singleplayer,Co-op,Grand Strategy,3D,RTS,Base-Building,Sci-fi,FMV,Story Rich,Atmospheric,Post-apocalyptic,War,Aliens,Building,Difficult",16.48,https://store.steampowered.com/app/24810/,0.0,0.9414433807639764,war building postapocalyptic multiplayer storyrich includesleveleditor familyfriendly singleplayer rts action aliens 3d basebuilding leveleditor scifi atmospheric grandstrategy fmv coop strategy difficult
Pair-a-Site,2020-02-06,0.5962588843196084,0.0,0,https://shared.akamai.steamstatic.com/store_item_assets/steam/apps/1228430/header.jpg?t=1670244823,0,Single-player,"Action,Free To Play,Indie","2D Platformer,Bullet Hell,Visual Novel,Platformer,Shooter,Arcade,Dating Sim,2D,Psychological Horror,Story Rich,Action,Anime,Free to Play,Indie,Retro,Singleplayer",6.25,https://store.steampowered.com/app/1228430/,0.0,0.9412124120031552,storyrich singleplayer platformer datingsim psychologicalhorror action indie anime 2dplatformer shooter bullethell visualnovel arcade 2d freetoplay retro
The Room Syndrome,2019-11-01,0.5557766305439302,0.0,0,https://shared.akamai.steamstatic.com/store_item_assets/steam/apps/1114030/header.jpg?t=1703202293,0,"Single-player,Steam Achievements","Casual,Indie,Free To Play","Free to Play,Indie,Casual,Puzzle,Psychological Horror,Pixel Graphics,Multiple Endings,Choices Matter,Female Protagonist,Dark,Short,Stylized",6.51,https://store.steampowered.com/app/1114030/,0.0,0.9411838760995512,casual singleplayer psychologicalhorror short choicesmatter puzzle pixelgraphics indie multipleendings femaleprotagonist dark freetoplay stylized
The Night Cafe: A VR Tribute to Vincent Van Gogh,2016-06-03,0.5557766305439302,0.0,0,https://shared.akamai.steamstatic.com/store_item_assets/steam/apps/482390/header.jpg?t=1762202582,12,"Single-player,Full controller support,Tracked Controller Support,VR Only","Casual,Indie","Casual,Indie,VR,Free to Play",9.92,https://store.steampowered.com/app/482390/,0.0,0.940974571583585,casual singleplayer controller indie vr freetoplay
RED,2017-01-14,0.5557766305439302,0.0,0,,51,Single-player,"Action,Adventure,Free To Play,RPG","Free to Play,Action,Adventure,RPG,Female Protagonist,Anime,Hack and Slash,2D,RPGMaker",9.31,https://store.steampowered.com/app/573770/,0.0,0.9408260088421848,singleplayer action adventure rpg anime rpgmaker femaleprotagonist 2d freetoplay hackandslash
Yume Nikki,2018-01-09,0.7185660793429937,0.0,0,https://shared.akamai.steamstatic.com/store_item_assets/steam/apps/650700/header.jpg?t=1735124248,57,"Single-player,Partial Controller Support,Family Sharing","Adventure,Casual,Indie,Free To Play","Indie,Free to Play,RPGMaker,Psychological Horror,Surreal,Exploration,Pixel Graphics,Horror,Walking Simulator,Atmospheric,Psychological,Female Protagonist,2D,Singleplayer,Dark,Adventure,Experimental,Silent Protagonist,Cute,Casual",8.32,https://store.steampowered.com/app/650700/,0.0,0.9406659253010928,casual walkingsimulator pixelgraphics surreal femaleprotagonist controller adventure singleplayer silentprotagonist rpgmaker psychological 2d psychologicalhorror indie dark freetoplay exploration horror cute atmospheric experimental
Battle for Wesnoth,2018-05-01,0.7185660793429937,0.0,0,https://shared.akamai.steamstatic.com/store_item_assets/steam/apps/599390/header.jpg?t=1713205573,240,"Single-player,Multi-player,PvP,Online PvP,Shared/Split Screen PvP,Cross-Platform Multiplayer,Steam Cloud,Includes level editor,Remote Play Together","Indie,Strategy,Free To Play","Free to Play,Strategy,Turn-Based Strategy,Hex Grid,Indie,Fantasy,Turn-Based,Multiplayer,Turn-Based Tactics,Pixel Graphics,2D,Singleplayer,Story Rich,Medieval,Tactical,Dwarf,Strategy RPG,Turn-Based Combat,Wargame,RPG",8.01,https://store.steampowered.com/app/599390/,0.0,0.9406285532165274,fantasy pixelgraphics tactical turnbased pvp turnbasedtactics medieval multiplayer storyrich turnbasedcombat includesleveleditor remoteplaytogether singleplayer dwarf 2d sharedsplitscreenpvp strategyrpg indie rpg turnbasedstrategy freetoplay hexgrid wargame onlinepvp crossplatformmultiplayer strategy
Songs from the Iron Sea,2022-09-22,0.5557766305439302,0.0,0,https://shared.akamai.steamstatic.com/store_item_assets/steam/apps/2091370/header.jpg?t=1691450030,0,"Single-player,Steam Achievements,Full controller support","Adventure,Casual,Indie","Casual,Adventure,Puzzle,Puzzle-Platformer,Platformer,Side Scroller,Exploration,Hidden Object,2D,3D,Colorful,Third Person,Stylized,Emotional,Controller,Stealth,Linear,Singleplayer,Indie,Narration",3.62,https://store.steampowered.com/app/2091370/,0.0,0.9404179851383327,casual controller hiddenobject emotional puzzle adventure singleplayer colorful narration 2d stylized sidescroller indie linear thirdperson 3d puzzleplatformer stealth exploration platformer
PRICE,2016-09-15,0.6780830971139326,0.0,2,https://shared.akamai.steamstatic.com/store_item_assets/steam/apps/465520/header.jpg?t=1572853557,71,"Single-player,Steam Achievements,Steam Trading Cards","Adventure,Casual,Indie","Puzzle,Free to Play,Anime,Horror,Indie,Casual,Great Soundtrack,Adventure,Point & Click,Detective,Psychological Horror,Visual Novel,Hidden Object,Story Rich,Mystery,Singleplayer,Atmospheric,Escape Room,2D,Short",9.64,https://store.steampowered.com/app/465520/,0.0,0.9403236484807364,casual hiddenobject storyrich greatsoundtrack puzzle adventure singleplayer anime visualnovel 2d escaperoom psychologicalhorror short indie freetoplay horror mystery pointandclick atmospheric detective
Frame of Mind,2021-01-18,0.4892366412165478,0.0,0,https://shared.akamai.steamstatic.com/store_item_assets/steam/apps/1485250/header.jpg?t=1726778839,0,Single-player,"Indie,Free To Play","3D Platformer,Puzzle-Platformer,Exploration,Platformer,Walking Simulator,3D,First-Person,Surreal,Puzzle,Linear,Minimalist,Stylized,Psychedelic,Atmospheric,Mystery,Singleplayer,Psychological,Physics,Logic,Free to Play",5.3,https://store.steampowered.com/app/1485250/,0.0,0.9402583119689448,3dplatformer walkingsimulator surreal psychedelic logic puzzle singleplayer minimalist psychological stylized physics linear indie 3d freetoplay puzzleplatformer exploration mystery platformer firstperson atmospheric
System Shock® 2 (1999),2013-05-10,0.4892366412165478,0.0,0,https://shared.akamai.steamstatic.com/store_item_assets/steam/apps/238210/header.jpg?t=1760115651,0,"Single-player,Multi-player,Co-op,Steam Trading Cards,Family Sharing","Action,RPG","Cyberpunk,RPG,Horror,Sci-fi,Classic,FPS,Survival Horror,Masterpiece,Action,Cult Classic,Space,First-Person,Story Rich,Atmospheric,Immersive Sim,Great Soundtrack,Singleplayer,Co-op,Inventory Management,Shooter",12.99,https://store.steampowered.com/app/915100/,0.0,0.9400835322436404,cyberpunk storyrich greatsoundtrack immersivesim multiplayer survivalhorror singleplayer classic masterpiece fps action rpg shooter horror scifi cultclassic firstperson inventorymanagement atmospheric space coop
Beneath The Surface,2018-11-13,0.5557766305439302,0.0,0,https://shared.akamai.steamstatic.com/store_item_assets/steam/apps/792050/header.jpg?t=1542153222,0,Single-player,Sports,"Sports,Fishing,Psychological Horror,Clicker,Casual,Relaxing,Free to Play,Addictive",7.48,https://store.steampowered.com/app/792050/,0.0,0.9398293695406832,singleplayer psychologicalhorror casual clicker fishing addictive relaxing freetoplay sports
The Penguin IQ Test,2021-01-05,0.4892366412165478,0.0,0,https://shared.akamai.steamstatic.com/store_item_assets/steam/apps/1504220/5c4e023b19e83c521b7fd59f021d7e6a08cc8c19/header.jpg?t=1764265270,0,"Single-player,Multi-player,Shared/Split Screen,Steam Achievements,Steam Workshop,Steam Cloud,Includes level editor,Family Sharing","Adventure,Indie,Strategy","Puzzle,Programming,Education,Strategy,2D,Adventure,Automation,Linear,Narration,Singleplayer,Logic,Indie,Action-Adventure",5.33,https://store.steampowered.com/app/1504220/,0.0,0.9396017931539264,logic programming actionadventure education puzzle multiplayer includesleveleditor adventure singleplayer narration 2d linear indie splitscreen automation strategy
When The Past Was Around - Prologue,2019-11-04,0.5962588843196084,0.0,1,https://shared.akamai.steamstatic.com/store_item_assets/steam/apps/1170640/header.jpg?t=1726552166,12,"Single-player,Remote Play on Phone,Remote Play on Tablet","Adventure,Casual,Indie","Indie,Casual,Puzzle,Point & Click,Adventure,Free to Play,Beautiful,Great Soundtrack,Hand-drawn,Hidden Object,Relaxing,Philosophical,Cute,Emotional,Mystery,Female Protagonist,Touch-Friendly,Surreal,Singleplayer,Atmospheric",6.5,https://store.steampowered.com/app/1170640/,0.0,0.939548804233922,casual remoteplayonphone beautiful surreal relaxing femaleprotagonist hiddenobject emotional greatsoundtrack puzzle adventure singleplayer remoteplayontablet indie freetoplay philosophical mystery pointandclick handdrawn cute atmospheric touchfriendly
Moko's Advice,2019-12-10,0.4892366412165478,0.0,0,https://shared.akamai.steamstatic.com/store_item_assets/steam/apps/897120/header.jpg?t=1576169431,0,Single-player,"Free To Play,Indie,Simulation","Free to Play,Indie,Simulation,Funny,Dark Humor,Casual,Pixel Graphics,2D,Dark,Choices Matter,Comedy,LGBTQ+",6.4,https://store.steampowered.com/app/897120/,0.0,0.9394821563967246,lgbtq+ singleplayer casual choicesmatter pixelgraphics indie funny comedy darkhumor simulation freetoplay 2d dark
Welcome to Light Fields,2018-03-14,0.5557766305439302,0.0,0,https://shared.akamai.steamstatic.com/store_item_assets/steam/apps/771310/header.jpg?t=1521239824,16,"Single-player,Tracked Controller Support,VR Only","Casual,Free To Play","Free to Play,Casual,VR",8.15,https://store.steampowered.com/app/771310/,0.0,0.939341222648908,casual singleplayer controller vr freetoplay
ABI-DOS,2024-11-15,0.5557766305439302,0.0,0,https://shared.akamai.steamstatic.com/store_item_assets/steam/apps/2180700/header.jpg?t=1742366641,0,"Single-player,Steam Achievements,Steam Cloud,Stats,Steam Leaderboards","Casual,Indie,Simulation,Strategy,Free To Play","Programming,Simulation,Automation,Puzzle,Strategy,Sandbox,Education,Building,Hacking,2D,Procedural Generation,Abstract,Logic,Futuristic,Singleplayer,Relaxing,Indie,Casual,Free to Play",1.47,https://store.steampowered.com/app/2180700/,0.0,0.939341222648908,casual abstract logic programming building relaxing simulation education puzzle singleplayer 2d proceduralgeneration indie stats futuristic sandbox hacking freetoplay automation strategy
Mini-Dead,2018-05-04,0.6330768564718121,0.0,1,https://shared.akamai.steamstatic.com/store_item_assets/steam/apps/851530/header.jpg?t=1657742420,44,"Single-player,Steam Achievements","Action,Free To Play,Indie","Free to Play,Indie,Action,Difficult,Top-Down Shooter,Great Soundtrack,2D,Bullet Hell,Pixel Graphics",8.01,https://store.steampowered.com/app/851530/,0.0,0.9391696251711122,singleplayer greatsoundtrack pixelgraphics action indie bullethell 2d freetoplay topdownshooter difficult
Freddy Fazbear's Pizzeria Simulator,2017-12-04,0.8003907929561015,0.0,0,https://shared.akamai.steamstatic.com/store_item_assets/steam/apps/738060/header.jpg?t=1512422259,82,Single-player,"Free To Play,Indie,Simulation","Free to Play,Horror,Singleplayer,Robots,Survival Horror,Simulation,Difficult,Indie,First-Person,Strategy,Story Rich,Management,Psychological Horror,Funny,Pixel Graphics,Atmospheric,Retro,Memes,Family Friendly,Adventure",8.42,https://store.steampowered.com/app/738060/,0.0,0.9391577618116308,pixelgraphics funny simulation strategy storyrich survivalhorror familyfriendly adventure singleplayer psychologicalhorror indie freetoplay memes horror management firstperson atmospheric retro robots difficult
Durka Simulator,2023-03-21,0.6780830971139326,0.0,0,https://shared.akamai.steamstatic.com/store_item_assets/steam/apps/1450150/header.jpg?t=1749496174,0,"Single-player,Steam Achievements,Keyboard Only Option,Mouse Only Option,Narrated Game Menus,Playable without Timed Input,Save Anytime,Touch Only Option,Partial Controller Support,Steam Cloud","Indie,Simulation,Free To Play","Conversation,Singleplayer,Free to Play,Visual Novel,Indie,2D,Adventure,Choose Your Own Adventure,Minimalist,Text-Based,Sandbox,Early Access,Funny,Atmospheric,Interactive Fiction,Simulation,Clicker,Battle Royale,2D Platformer,Survival",3.13,https://store.steampowered.com/app/1450150/,0.0,0.9388101960323384,playablewithouttimedinput keyboardonlyoption funny controller simulation interactivefiction adventure singleplayer conversation minimalist visualnovel 2d textbased survival chooseyourownadventure clicker indie sandbox 2dplatformer earlyaccess battleroyale touchonlyoption freetoplay saveanytime mouseonly atmospheric
Fighting Fiends,2021-11-09,0.4892366412165478,0.0,0,https://shared.akamai.steamstatic.com/store_item_assets/steam/apps/1283430/header.jpg?t=1636722877,0,"Multi-player,PvP,Online PvP,Shared/Split Screen PvP,Shared/Split Screen,Full controller support,Remote Play Together","Action,Early Access","Action,Early Access,Fighting,Multiplayer,Top-Down,4 Player Local,Arcade,2D Fighter,Local Multiplayer",4.49,https://store.steampowered.com/app/1283430/,0.0,0.9387629291699532,4playerlocal onlinepvp controller action multiplayer pvp remoteplaytogether fighting localmultiplayer 2dfighter earlyaccess arcade topdown splitscreen sharedsplitscreenpvp
Coloring Game: Little City,2019-08-16,0.6330768564718121,0.0,6,https://shared.akamai.steamstatic.com/store_item_assets/steam/apps/1132190/header.jpg?t=1723722152,123,"Single-player,Steam Achievements,Steam Cloud","Casual,Indie,Free To Play","Free to Play,Casual,Indie,Pixel Graphics,Relaxing,2D,Singleplayer,Design & Illustration,Colorful,Funny,Family Friendly,Great Soundtrack,Puzzle,Cozy,Point & Click",6.72,https://store.steampowered.com/app/1132190/,0.0,0.9387103157400174,casual singleplayer pointandclick greatsoundtrack puzzle pixelgraphics familyfriendly indie colorful designandillustration relaxing funny 2d cozy freetoplay
My Singing Monsters,2021-03-24,0.755384370197392,0.0,19,https://shared.akamai.steamstatic.com/store_item_assets/steam/apps/1419170/310869173d92c909b03461da8c338d3824e1d641/header_alt_assets_50.jpg?t=1765379858,145,"Single-player,Multi-player,Co-op,Online Co-op,In-App Purchases","Casual,Simulation,Free To Play","Creature Collector,Simulation,Casual,Farming Sim,Colony Sim,Free to Play,Cute,Cartoony,Collectathon,Colorful,Family Friendly,2.5D,Building,Relaxing,Dragons,Dinosaurs,Nature,Music,Horror,Resource Management",5.12,https://store.steampowered.com/app/1419170/,0.0,0.9385871039345028,casual inapppurchases relaxing building simulation nature multiplayer farming familyfriendly colorful cartoon colonysim creaturecollector dragons resourcemanagement collectathon music coop freetoplay horror 2.5d singleplayer dinosaurs cute
Ninja Kiwi Archive,2020-07-08,0.7185660793429937,0.0,0,https://shared.akamai.steamstatic.com/store_item_assets/steam/apps/1275350/header.jpg?t=1667389437,91,"Single-player,Multi-player,PvP,Online PvP,Co-op,Online Co-op,In-App Purchases","Action,Casual,Strategy","Casual,Arcade,Strategy,Tower Defense,Action,Singleplayer,Online Co-Op,Co-op,Multiplayer,Platformer,Top-Down Shooter,2D Platformer,PvP,2D,Pixel Graphics,Top-Down,Cartoony,Survival,Fantasy,Ninja",5.83,https://store.steampowered.com/app/1275350/,0.0,0.9384118492288352,casual fantasy pixelgraphics pvp inapppurchases multiplayer singleplayer arcade 2d cartoon survival action ninja 2dplatformer coop topdownshooter towerdefense platformer onlinepvp topdown strategy
VR Flush,2018-06-20,0.6330768564718121,0.0,1,https://shared.akamai.steamstatic.com/store_item_assets/steam/apps/866540/header.jpg?t=1705684209,0,"Single-player,Steam Achievements,Tracked Controller Support,VR Supported","Adventure,Indie,RPG,Free To Play","Free to Play,Adventure,Indie,RPG,VR,Funny,Short,Space,Sci-fi,Physics,Singleplayer,Comedy,Story Rich,Atmospheric,First-Person,Robots",7.88,https://store.steampowered.com/app/866540/,0.0,0.938315768914153,vr funny controller storyrich adventure singleplayer short physics indie rpg freetoplay scifi firstperson atmospheric comedy space robots
Crashphalt,2018-10-11,0.5557766305439302,0.0,0,https://shared.akamai.steamstatic.com/store_item_assets/steam/apps/921700/header.jpg?t=1539326008,0,"Multi-player,PvP,Shared/Split Screen PvP,Shared/Split Screen,Full controller support,Remote Play Together",Indie,"Indie,Platformer,Local Multiplayer,Controller,PvP,Competitive",7.57,https://store.steampowered.com/app/921700/,0.0,0.9378904094153604,platformer controller multiplayer localmultiplayer pvp remoteplaytogether indie competitive splitscreen sharedsplitscreenpvp
Tilt Brush,2016-04-05,0.6780830971139326,0.0,0,https://shared.akamai.steamstatic.com/store_item_assets/steam/apps/327140/header.jpg?t=1726856282,73,"Tracked Controller Support,VR Only,VR Supported,SteamVR Collectibles","Free To Play,Design & Illustration","Design & Illustration,VR,Free to Play,Hand-drawn,Casual,Singleplayer",10.08,https://store.steampowered.com/app/327140/,0.0,0.9377329965692356,casual vr controller singleplayer handdrawn designandillustration freetoplay
Friday the 13th: Killer Puzzle,2018-04-12,0.7185660793429937,0.0,0,https://shared.akamai.steamstatic.com/store_item_assets/steam/apps/795100/header.jpg?t=1674496870,54,"Single-player,Steam Achievements,Full controller support,Steam Trading Cards,In-App Purchases,Steam Cloud,Family Sharing","Casual,Free To Play,Indie,Strategy","Free to Play,Puzzle,Horror,Gore,Violent,Blood,Casual,Singleplayer,Strategy,Multiplayer,Indie,Funny,1980s,Turn-Based Strategy,Difficult,Action,Cute,Dark Comedy,Atmospheric,Simulation",8.07,https://store.steampowered.com/app/795100/,0.0,0.9373594906058484,casual controller funny inapppurchases simulation multiplayer violent puzzle singleplayer gore action indie turnbasedstrategy freetoplay blood horror darkcomedy cute atmospheric 1980s strategy difficult
Overload Playable Teaser 3.0,2016-03-07,0.5962588843196084,0.0,0,https://shared.akamai.steamstatic.com/store_item_assets/steam/apps/450220/header.jpg?t=1668653300,32,"Single-player,Full controller support,VR Supported",Action,"Action,6DOF,Free to Play,Multiplayer,First-Person,Space,FPS,Shooter,Singleplayer,VR",10.16,https://store.steampowered.com/app/450220/,0.0,0.9373573573120184,singleplayer vr fps controller action firstperson shooter space freetoplay 6dof multiplayer
Medival Hustle,2024-06-18,0.4892366412165478,0.0,0,https://shared.akamai.steamstatic.com/store_item_assets/steam/apps/3028680/header.jpg?t=1738668910,0,Single-player,"Casual,Indie,Free To Play","Hidden Object,Casual,Arcade,3D,Indie,First-Person,Linear,Medieval,Atmospheric,Free to Play,Mystery,Singleplayer",1.88,https://store.steampowered.com/app/3028680/,0.0,0.9372112788155648,mystery casual singleplayer medieval firstperson linear indie atmospheric arcade 3d freetoplay hiddenobject
Exo One: Prologue,2020-08-21,0.5962588843196084,0.0,0,https://shared.akamai.steamstatic.com/store_item_assets/steam/apps/1375530/header.jpg?t=1633515727,19,"Single-player,Full controller support","Adventure,Casual,Indie,Simulation","Flight,Sci-fi,Adventure,Relaxing,Atmospheric,Mystery,3D,Walking Simulator,Third Person,Space,Simulation,Physics,Abstract,Stylized,Soundtrack,Philosophical,Realistic,Casual,Fantasy,Space Sim",5.71,https://store.steampowered.com/app/1375530/,0.0,0.9371150825206458,casual walkingsimulator fantasy controller abstract spacesim relaxing simulation flight adventure realistic stylized physics indie thirdperson 3d mystery singleplayer philosophical scifi atmospheric space soundtrack
Zero-K,2018-04-27,0.7185660793429937,0.0,3,https://shared.akamai.steamstatic.com/store_item_assets/steam/apps/334920/header.jpg?t=1722263050,192,"Single-player,Multi-player,PvP,Online PvP,Co-op,Online Co-op,Cross-Platform Multiplayer,Steam Cloud","Indie,Simulation,Strategy,Free To Play","Strategy,Free to Play,RTS,Indie,Simulation,Multiplayer,Real-Time,Singleplayer,Co-op,Online Co-Op,Robots,Sci-fi,Base-Building",8.02,https://store.steampowered.com/app/334920/,0.0,0.9370300155001876,pvp simulation multiplayer singleplayer rts indie coop freetoplay basebuilding onlinepvp scifi realtime crossplatformmultiplayer strategy robots
Marie's Room,2018-04-13,0.6780830971139326,0.0,1,https://shared.akamai.steamstatic.com/store_item_assets/steam/apps/648390/header.jpg?t=1761063430,53,"Single-player,Steam Achievements","Adventure,Casual,Indie,Free To Play","Free to Play,Story Rich,Atmospheric,Indie,Walking Simulator,Exploration,Adventure,Singleplayer,Female Protagonist,Casual,Great Soundtrack,First-Person,Short,Mystery,Puzzle,Point & Click,Horror,Psychological Horror,Multiplayer,Drama",8.06,https://store.steampowered.com/app/648390/,0.0,0.9368764962751523,casual walkingsimulator femaleprotagonist multiplayer storyrich greatsoundtrack puzzle adventure singleplayer short psychologicalhorror drama indie freetoplay exploration horror mystery pointandclick firstperson atmospheric
Deity Driving,2020-01-21,0.5962588843196084,0.0,0,https://shared.akamai.steamstatic.com/store_item_assets/steam/apps/1213460/header.jpg?t=1579727135,0,"Single-player,Steam Achievements",Adventure,"Adventure,Driving,LGBTQ+,Colorful,2.5D",6.29,https://store.steampowered.com/app/1213460/,0.0,0.9368690907451228,lgbtq+ singleplayer 2.5d adventure colorful driving
Coloring Game 4,2021-07-30,0.6330768564718121,0.0,25,https://shared.akamai.steamstatic.com/store_item_assets/steam/apps/1554790/header.jpg?t=1723721786,184,"Single-player,Steam Achievements,Steam Cloud","Casual,Indie,Free To Play","Free to Play,Casual,Indie,Design & Illustration,Pixel Graphics,Colorful,Relaxing,Singleplayer,Great Soundtrack,Point & Click,Cozy,Short,Puzzle",4.77,https://store.steampowered.com/app/1554790/,0.0,0.9365631189496254,casual singleplayer short pointandclick greatsoundtrack puzzle pixelgraphics indie colorful designandillustration relaxing cozy freetoplay
Surge,2016-05-24,0.5557766305439302,0.0,0,https://shared.akamai.steamstatic.com/store_item_assets/steam/apps/477130/header.jpg?t=1524568810,13,"Single-player,VR Only",Indie,"Indie,VR,Free to Play,Music",9.95,https://store.steampowered.com/app/477130/,0.0,0.9364632514607176,singleplayer indie vr music freetoplay
Guards II: Prologue,2025-03-20,0.5962588843196084,0.0,0,https://shared.akamai.steamstatic.com/store_item_assets/steam/apps/2958580/header.jpg?t=1742914179,8,"Single-player,Steam Achievements","Adventure,Indie,Strategy,Free To Play","Turn-Based Tactics,Tactical RPG,Dungeon Crawler,Strategy,Party-Based RPG,Pixel Graphics,Dark Fantasy,RPG,Adventure,2D,Turn-Based Combat,Fantasy,Class-Based,Mythology,Tactical,Combat,Grid-Based Movement,Singleplayer,Demons,Magic",1.13,https://store.steampowered.com/app/2958580/,0.0,0.9364252087853826,fantasy pixelgraphics tactical gridbasedmovement mythology demons turnbasedtactics combat turnbasedcombat classbased adventure singleplayer 2d tacticalrpg indie rpg freetoplay magic darkfantasy partybasedrpg strategy dungeoncrawler
Cheeky Chooks,2018-10-31,0.6780830971139326,0.0,0,https://shared.akamai.steamstatic.com/store_item_assets/steam/apps/922460/header.jpg?t=1690437314,0,Single-player,"Casual,Free To Play,Indie,Strategy","Free to Play,Casual,Strategy,Indie,Cute,Simulation,Clicker,Management,Singleplayer,Farming,Idler,Colorful",7.51,https://store.steampowered.com/app/922460/,0.0,0.9363432689205218,casual singleplayer idler management clicker indie cute colorful simulation freetoplay strategy farming
Whiteboyz Wit Attitude: The Pursuit of Money,2020-10-09,0.6330768564718121,0.0,1,https://shared.akamai.steamstatic.com/store_item_assets/steam/apps/1411670/header.jpg?t=1657633765,0,"Single-player,Steam Achievements,Full controller support",Free To Play,"Rhythm,FMV,Realistic,On-Rails Shooter,Action,Free to Play,Singleplayer,Hand-drawn,Psychological Horror,Hentai",5.57,https://store.steampowered.com/app/1411670/,0.0,0.936327958546634,singleplayer psychologicalhorror controller action realistic handdrawn onrailsshooter rhythm hentai fmv freetoplay
Aimtastic,2018-01-28,0.7185660793429937,0.0,1,https://shared.akamai.steamstatic.com/store_item_assets/steam/apps/757240/header.jpg?t=1749031793,37,"Single-player,Steam Workshop,Stats,Steam Leaderboards","Action,Indie,Free To Play","Free to Play,Action,FPS,Indie,Early Access,e-sports,Shooter,First-Person,Software Training",8.27,https://store.steampowered.com/app/757240/,0.0,0.936288428319006,singleplayer esports fps software action firstperson indie stats shooter earlyaccess freetoplay
Super Animal Royale,2021-08-26,0.755384370197392,0.0,5,https://shared.akamai.steamstatic.com/store_item_assets/steam/apps/843380/6b36292298ca7a1daeffa9de2556a0b64e4002dc/header_alt_assets_13.jpg?t=1765618890,113,"Multi-player,PvP,Online PvP,Co-op,Online Co-op,Cross-Platform Multiplayer,Steam Achievements,Full controller support,Steam Trading Cards,In-App Purchases,Steam Cloud,Stats,Remote Play on TV","Action,Adventure,Casual,Indie,Massively Multiplayer,Free To Play","Battle Royale,Free to Play,Cute,Multiplayer,Casual,Online Co-Op,Shooter,Massively Multiplayer,Funny,Character Customization,Co-op,Top-Down Shooter,PvP,Action,Indie,Survival,Colorful,Lore-Rich,Family Friendly,Adventure",4.69,https://store.steampowered.com/app/843380/,0.0,0.9362012302567668,casual remoteplayontv controller pvp funny inapppurchases massivelymultiplayer multiplayer charactercustomization familyfriendly adventure colorful survival lorerich action indie stats shooter coop battleroyale freetoplay topdownshooter onlinepvp cute crossplatformmultiplayer
Floodcore,2024-08-23,0.5557766305439302,0.0,0,https://shared.akamai.steamstatic.com/store_item_assets/steam/apps/3118160/header.jpg?t=1759151539,0,"Single-player,Full controller support","Adventure,Casual,Indie,Free To Play","Puzzle,Adventure,Exploration,Atmospheric,Relaxing,Stylized,Cinematic,3D,Puzzle-Platformer,Free to Play,Fantasy,Mystery,Cartoony,Colorful,Top-Down,Magic,Logic,Family Friendly,Singleplayer,Indie",1.7,https://store.steampowered.com/app/3118160/,0.0,0.93614068036955,casual fantasy controller logic relaxing puzzle familyfriendly adventure singleplayer colorful cartoon stylized cinematic indie 3d freetoplay puzzleplatformer magic exploration mystery atmospheric topdown
Tanks: The Crusades,2021-06-24,0.6330768564718121,0.0,0,https://shared.akamai.steamstatic.com/store_item_assets/steam/apps/1660910/header.jpg?t=1735446581,0,"Single-player,Multi-player,PvP,LAN PvP,Co-op,LAN Co-op,Cross-Platform Multiplayer,Steam Workshop,Includes level editor","Action,Casual,Indie,Strategy,Free To Play","Tanks,Arcade,Arena Shooter,Strategy,Retro,Multiplayer,Shooter,Singleplayer,Minimalist,Casual,Level Editor,Family Friendly,Moddable,2.5D,PvP,PvE,Top-Down Shooter,Action,Top-Down,Free to Play",4.87,https://store.steampowered.com/app/1660910/,0.0,0.9361335174405576,casual coop pvp multiplayer strategy lanpvp pve includesleveleditor familyfriendly singleplayer minimalist arcade arenashooter tanks action indie shooter freetoplay topdownshooter moddable 2.5d leveleditor crossplatformmultiplayer topdown retro
Sven Co-op,2016-01-22,0.755384370197392,0.0,0,https://shared.akamai.steamstatic.com/store_item_assets/steam/apps/225840/header.jpg?t=1735034103,111,"Single-player,Multi-player,Co-op,Online Co-op,LAN Co-op,Partial Controller Support,Steam Cloud,Valve Anti-Cheat enabled","Action,Casual,Indie,Free To Play","Co-op,FPS,Online Co-Op,Shooter,Shoot 'Em Up,Retro,1990's,Team-Based,Casual,PvE,First-Person,Free to Play,3D,Third Person,Action,Conversation,Puzzle,Survival,Moddable,Multiplayer",10.29,https://store.steampowered.com/app/225840/,0.0,0.9360403196022168,casual coop controller multiplayer pve puzzle conversation survival fps action indie teambased shooter 1990s thirdperson 3d freetoplay shootemup moddable singleplayer firstperson retro
Retrograde Arena,2020-05-28,0.5962588843196084,0.0,3,https://shared.akamai.steamstatic.com/store_item_assets/steam/apps/1055210/header.jpg?t=1723619501,17,"Single-player,Multi-player,PvP,Online PvP,LAN PvP,Shared/Split Screen PvP,Shared/Split Screen,Steam Achievements,Full controller support,Steam Cloud,Remote Play Together","Action,Free To Play,Indie","Bullet Hell,Twin Stick Shooter,Shoot 'Em Up,Top-Down Shooter,PvP,Arcade,Shooter,Character Customization,2.5D,Cyberpunk,Vehicular Combat,Action,Colorful,Stylized,Family Friendly,Psychedelic,Atmospheric,Physics,Futuristic,Multiplayer",5.94,https://store.steampowered.com/app/1055210/,0.0,0.935997951916162,controller pvp psychedelic charactercustomization multiplayer cyberpunk lanpvp familyfriendly remoteplaytogether colorful arcade sharedsplitscreenpvp stylized action physics indie futuristic shooter bullethell twinstickshooter freetoplay splitscreen topdownshooter shootemup 2.5d singleplayer onlinepvp atmospheric vehicularcombat
Fights in Tight Spaces (Prologue),2020-12-14,0.6330768564718121,0.0,0,https://shared.akamai.steamstatic.com/store_item_assets/steam/apps/1478070/header.jpg?t=1734364954,88,"Single-player,Full controller support","Action,Strategy","Deckbuilding,Strategy,Turn-Based Tactics,Beat 'em up,Card Game,Action,Fighting,Turn-Based Strategy,Turn-Based Combat,Isometric,3D,Tactical,Singleplayer,Combat,Free to Play,Rogue-like,Martial Arts",5.39,https://store.steampowered.com/app/1478070/,0.0,0.9359302333743724,controller tactical deckbuilding turnbasedtactics combat turnbasedcombat roguelike singleplayer cardgame beatemup action isometric turnbasedstrategy 3d freetoplay fighting martialarts strategy
Gnomes & Goblins (preview),2016-09-08,0.6330768564718121,0.0,0,https://shared.akamai.steamstatic.com/store_item_assets/steam/apps/490840/header.jpg?t=1524161663,0,"Single-player,Tracked Controller Support,VR Only","Adventure,Casual,Indie","Adventure,Indie,Casual,VR",9.66,https://store.steampowered.com/app/490840/,0.0,0.9358751072941202,casual singleplayer adventure indie vr controller
Three of Cards,2021-03-04,0.6330768564718121,0.0,0,https://shared.akamai.steamstatic.com/store_item_assets/steam/apps/1552250/header.jpg?t=1711987131,0,"Single-player,Steam Achievements","Action,Adventure,Indie,RPG,Free To Play","Action RPG,Superhero,Story Rich,Puzzle,Atmospheric,Action-Adventure,Lore-Rich,Noir,Metroidvania,Philosophical,Drama,Cute,Stealth,Crime,Singleplayer,RPG,PvE,Platformer,Arcade,Dark",5.17,https://store.steampowered.com/app/1552250/,0.0,0.9357906329519674,actionadventure superhero crime storyrich pve puzzle adventure singleplayer arcade noir metroidvania lorerich actionrpg drama action indie rpg dark freetoplay stealth philosophical platformer cute atmospheric
Mimpi Dreams,2016-03-22,0.4892366412165478,0.0,4,https://shared.akamai.steamstatic.com/store_item_assets/steam/apps/444770/header.jpg?t=1636419947,131,"Single-player,Steam Achievements,Full controller support,Steam Trading Cards","Adventure,Indie","Adventure,Indie,Cute,Puzzle-Platformer,Platformer,Family Friendly,Puzzle,2D,Free to Play,Singleplayer,Dog,2D Platformer,Controller,Atmospheric,Funny,Arcade,Casual,Side Scroller,Cartoon,Stylized",10.12,https://store.steampowered.com/app/444770/,0.0,0.9356675053155284,casual controller funny puzzle familyfriendly adventure singleplayer arcade 2d stylized sidescroller indie 2dplatformer puzzleplatformer freetoplay platformer cartoon dog cute atmospheric
Sonic Generations Collection,2011-11-03,0.7185660793429937,0.0,1,https://shared.akamai.steamstatic.com/store_item_assets/steam/apps/71340/header.jpg?t=1762752644,110,"Single-player,Steam Achievements,Full controller support,Steam Cloud,Stats,Steam Leaderboards,Remote Play on Phone,Remote Play on Tablet,Remote Play on TV,Family Sharing",Action,"Platformer,Great Soundtrack,Action,Fast-Paced,3D Platformer,Singleplayer,2D,Moddable,Adventure,Family Friendly,Classic,Colorful,Retro,Time Travel,3D,Controller,Third Person,Replay Value,3D Vision,Funny",14.51,https://store.steampowered.com/app/71340/,0.0,0.9355596866318094,remoteplayontv 3dplatformer timetravel controller remoteplayonphone funny greatsoundtrack replayvalue familyfriendly adventure singleplayer remoteplayontablet colorful 2d classic action stats thirdperson 3d moddable platformer fastpaced 3dvision retro
TREE,2018-08-13,0.6780830971139326,0.0,0,https://shared.akamai.steamstatic.com/store_item_assets/steam/apps/888090/header.jpg?t=1535993089,0,"Single-player,Steam Achievements","Casual,Free To Play,Indie","Free to Play,Indie,Casual,Short,Emotional,Singleplayer,Visual Novel,Great Soundtrack",7.73,https://store.steampowered.com/app/888090/,0.0,0.9355316655804627,casual singleplayer short greatsoundtrack indie visualnovel freetoplay emotional
Fishy,2019-09-20,0.5962588843196084,0.0,0,https://shared.akamai.steamstatic.com/store_item_assets/steam/apps/1147750/header.jpg?t=1610490384,0,"Single-player,Partial Controller Support","Action,Adventure,Casual,Free To Play,Indie","Free to Play,Indie,Casual,Action,Adventure,Psychological Horror,3D Platformer,Sexual Content,Multiplayer,Memes",6.63,https://store.steampowered.com/app/1147750/,0.0,0.9354911297813948,casual singleplayer psychologicalhorror 3dplatformer action adventure indie sexualcontent controller freetoplay memes multiplayer
Heroines of Swords & Spells,2020-03-17,0.4892366412165478,0.0,1,https://shared.akamai.steamstatic.com/store_item_assets/steam/apps/1212400/header.jpg?t=1762886455,0,"Single-player,Steam Achievements,Partial Controller Support","Adventure,Indie,RPG,Free To Play","Exploration,Turn-Based Tactics,Turn-Based,Party-Based RPG,JRPG,Female Protagonist,Action RPG,Action-Adventure,RPG,2D,Funny,Parody,Story Rich,Turn-Based Combat,Choices Matter,Anime,Loot,Fantasy,Magic,Pixel Graphics",6.14,https://store.steampowered.com/app/1212400/,0.0,0.9354469426894731,fantasy pixelgraphics turnbased turnbasedtactics funny femaleprotagonist jrpg controller actionadventure loot storyrich turnbasedcombat adventure anime 2d actionrpg indie rpg freetoplay magic exploration singleplayer choicesmatter partybasedrpg parody
Fausts Alptraum,2017-04-08,0.6330768564718121,0.0,1,https://shared.akamai.steamstatic.com/store_item_assets/steam/apps/574740/832158b48fe9a5f25ff38ab87ffc3eecd4eb0f7c/header.jpg?t=1759674536,179,Single-player,"Adventure,Indie,Free To Play","Free to Play,Horror,RPGMaker,Indie,Puzzle,Adventure,Anime,Psychological Horror,Pixel Graphics,Female Protagonist,Story Rich,Great Soundtrack,Atmospheric,RPG,Singleplayer,Mystery,Dark",9.08,https://store.steampowered.com/app/574740/,0.0,0.9351040713427164,storyrich singleplayer psychologicalhorror mystery greatsoundtrack puzzle pixelgraphics adventure indie anime rpg rpgmaker femaleprotagonist atmospheric dark freetoplay horror
Knell of St. Godhrkar,2021-12-04,0.5962588843196084,0.0,0,https://shared.akamai.steamstatic.com/store_item_assets/steam/apps/1377450/header.jpg?t=1741953060,0,"Single-player,Steam Cloud","Adventure,Indie,RPG,Simulation,Strategy,Free To Play","Adventure,RPG,Visual Novel,Story Rich,Strategy,Free to Play,Word Game,Immersive Sim,Exploration,Text-Based,Comic Book,Indie,Drama,Atmospheric,Singleplayer,Interactive Fiction,Puzzle,Anime,Noir,Illuminati",4.42,https://store.steampowered.com/app/1377450/,0.0,0.9350696665942168,wordgame simulation storyrich interactivefiction puzzle immersivesim adventure singleplayer anime visualnovel noir textbased drama indie rpg freetoplay exploration illuminati atmospheric strategy comicbook
Retrocycles,2020-07-22,0.4892366412165478,0.0,0,https://shared.akamai.steamstatic.com/store_item_assets/steam/apps/1306180/header.jpg?t=1739393678,0,"Multi-player,PvP,Online PvP,LAN PvP,Shared/Split Screen PvP,Shared/Split Screen,Cross-Platform Multiplayer,Remote Play Together","Action,Indie,Racing,Sports","Action,Indie,Sports,Racing,Multiplayer,Competitive,Free to Play",5.79,https://store.steampowered.com/app/1306180/,0.0,0.9349074315545468,lanpvp onlinepvp action multiplayer pvp remoteplaytogether indie competitive crossplatformmultiplayer racing freetoplay splitscreen sports sharedsplitscreenpvp
Football Manager 2021,2020-11-24,0.8003907929561015,0.0,1,https://shared.akamai.steamstatic.com/store_item_assets/steam/apps/1263850/header.jpg?t=1671725363,11108,"Single-player,Multi-player,Steam Achievements,Steam Cloud,Family Sharing","Simulation,Sports","Sports,Simulation,Management,Football (Soccer),Singleplayer,Multiplayer,Football (American),Strategy,Co-op,Free to Play",5.45,https://store.steampowered.com/app/1263850/,0.0,0.9346882055841484,singleplayer multiplayer management football(soccer) football(american) simulation coop sports strategy freetoplay
Mothlight,2017-08-25,0.5557766305439302,0.0,0,https://shared.akamai.steamstatic.com/store_item_assets/steam/apps/687980/header.jpg?t=1537361258,252,"Single-player,Partial Controller Support","Free To Play,Indie,RPG","Free to Play,RPG,Indie,Nudity,Violent,Gore,Sexual Content,RPGMaker,Great Soundtrack,Surreal",8.7,https://store.steampowered.com/app/687980/,0.0,0.93458456062109,violent singleplayer greatsoundtrack surreal indie rpg sexualcontent gore rpgmaker controller freetoplay nudity
Confess My Love,2017-05-27,0.6330768564718121,0.0,0,https://shared.akamai.steamstatic.com/store_item_assets/steam/apps/637850/header.jpg?t=1669431120,51,"Single-player,Steam Achievements,Partial Controller Support","Adventure,Free To Play,Indie,RPG","Free to Play,Anime,Multiple Endings,RPG,Horror,Indie,Romance,Pixel Graphics,Story Rich,Cute,RPGMaker,Adventure,Visual Novel,Psychological Horror,Singleplayer,Puzzle,Great Soundtrack,2D,Dating Sim,Thriller",8.94,https://store.steampowered.com/app/637850/,0.0,0.9342850086033312,pixelgraphics romance controller storyrich greatsoundtrack puzzle adventure singleplayer anime rpgmaker visualnovel 2d psychologicalhorror datingsim indie rpg thriller freetoplay horror multipleendings cute
你画我拼You draw I puzzle,2022-02-21,0.5557766305439302,0.0,0,https://shared.akamai.steamstatic.com/store_item_assets/steam/apps/1872740/header.jpg?t=1645454421,0,Single-player,"Casual,Free To Play,Indie","Casual,Strategy,Photo Editing,Board Game,Pixel Graphics,Puzzle-Platformer,Minimalist,Level Editor,Free to Play,Indie,Singleplayer,Crafting,Massively Multiplayer",4.2,https://store.steampowered.com/app/1872740/,0.0,0.9341929985109944,casual singleplayer leveleditor pixelgraphics crafting boardgame indie minimalist massivelymultiplayer freetoplay strategy puzzleplatformer
Allumette,2016-10-13,0.5962588843196084,0.0,0,https://shared.akamai.steamstatic.com/store_item_assets/steam/apps/460850/header.jpg?t=1476389190,17,"Single-player,VR Only,Partial Controller Support","Casual,Indie","Indie,Casual,VR,Free to Play,Movie",9.56,https://store.steampowered.com/app/460850/,0.0,0.9341871838766068,casual singleplayer indie vr movie controller freetoplay
Car Tehc,2022-05-28,0.4892366412165478,0.0,1,https://shared.akamai.steamstatic.com/store_item_assets/steam/apps/1709070/header.jpg?t=1743864934,0,"Single-player,Steam Achievements,Partial Controller Support","Casual,Indie,Simulation,Free To Play","Simulation,Casual,Automobile Sim,Voxel,Memes,3D,First-Person,Pixel Graphics,Indie,Early Access,Singleplayer,Colorful,Driving,Relaxing,Free to Play,Multiplayer",3.94,https://store.steampowered.com/app/1709070/,0.0,0.9340357426858126,casual pixelgraphics relaxing controller simulation multiplayer voxel automobilesim singleplayer colorful indie earlyaccess 3d freetoplay memes driving firstperson
Locke(d),2023-01-23,0.5962588843196084,0.0,1,https://shared.akamai.steamstatic.com/store_item_assets/steam/apps/2267810/header.jpg?t=1765447914,0,"Single-player,Steam Achievements","Indie,Free To Play","Philosophical,Conversation,Short,Visual Novel,Artificial Intelligence,Mystery,Anime,Point & Click,Atmospheric,Dark,Psychological Horror,Interactive Fiction,Mythology,Adventure,2D,Linear,Singleplayer,Casual,Free to Play,Narration",3.28,https://store.steampowered.com/app/2267810/,0.0,0.934021797433685,artificialintelligence casual mythology interactivefiction adventure singleplayer conversation anime visualnovel narration 2d short psychologicalhorror linear indie dark freetoplay philosophical mystery pointandclick atmospheric
MouseVentures,2024-07-11,0.5557766305439302,0.0,0,https://shared.akamai.steamstatic.com/store_item_assets/steam/apps/2983070/header.jpg?t=1720709033,0,"Single-player,Partial Controller Support","Casual,Free To Play","Casual,Puzzle,3D,Cute,Third Person,Cartoony,Hand-drawn,Family Friendly,Free to Play,Singleplayer,Fantasy",1.82,https://store.steampowered.com/app/2983070/,0.0,0.9338475973235412,casual singleplayer fantasy puzzle familyfriendly thirdperson cute handdrawn cartoon controller 3d freetoplay
Yakuza Kiwami (Legacy),2019-02-19,0.7185660793429937,0.0,0,https://shared.akamai.steamstatic.com/store_item_assets/steam/apps/834530/header.jpg?t=1765536742,1015,"Single-player,Multi-player,Steam Achievements,Full controller support,Steam Trading Cards,Steam Cloud,Remote Play on Tablet,Remote Play on TV,Family Sharing","Action,Adventure,RPG","Action,Story Rich,Adventure,Beat 'em up,RPG,Open World,Crime,Singleplayer,Great Soundtrack,Violent,Minigames,Drama,Comedy,Third Person,Sexual Content,Remake,Atmospheric,Funny,JRPG,Anime",7.21,https://store.steampowered.com/app/834530/,0.0,0.9336771582389068,remoteplayontv controller funny jrpg crime openworld storyrich violent greatsoundtrack multiplayer adventure singleplayer remoteplayontablet anime beatemup drama action rpg thirdperson minigames remake sexualcontent atmospheric comedy
Active Neurons - Wonders Of The World,2020-10-13,0.4892366412165478,0.0,1,https://shared.akamai.steamstatic.com/store_item_assets/steam/apps/1422630/header.jpg?t=1726250728,0,"Single-player,Steam Achievements,Full controller support,In-App Purchases,Steam Cloud","Casual,Indie,Strategy,Free To Play","Free to Play,Puzzle,Relaxing,Minimalist,Colorful,Arcade,Abstract,Controller,Stylized,Hack and Slash,Logic,Exploration,Education,Puzzle-Platformer,Casual,2D,Third Person,Tutorial,Singleplayer,Strategy",5.56,https://store.steampowered.com/app/1422630/,0.0,0.9336413417124954,casual controller abstract logic inapppurchases relaxing education puzzle singleplayer minimalist colorful arcade 2d stylized indie thirdperson tutorial freetoplay puzzleplatformer exploration strategy hackandslash
The Cat and the Coup,2011-06-15,0.6330768564718121,0.0,0,https://shared.akamai.steamstatic.com/store_item_assets/steam/apps/95700/header.jpg?t=1670976165,22,"Single-player,Partial Controller Support","Free To Play,Indie","Free to Play,Indie,Cats,Historical,Short,Puzzle,Singleplayer,Surreal",14.89,https://store.steampowered.com/app/95700/,0.0,0.9335729589769642,singleplayer short puzzle cats indie surreal historical controller freetoplay
Mr. Hopp's Playhouse,2019-11-15,0.6330768564718121,0.0,0,https://shared.akamai.steamstatic.com/store_item_assets/steam/apps/1182370/header.jpg?t=1605007063,0,"Single-player,Partial Controller Support","Free To Play,Indie,Strategy","Horror,Free to Play,Indie,Singleplayer,Survival Horror,Pixel Graphics,Strategy,2D,Female Protagonist,Psychological Horror,Multiplayer,Dark",6.47,https://store.steampowered.com/app/1182370/,0.0,0.9335664465713992,singleplayer psychologicalhorror pixelgraphics survivalhorror indie femaleprotagonist controller 2d freetoplay strategy dark multiplayer horror
Unroaded,2019-03-06,0.5557766305439302,0.0,1,https://shared.akamai.steamstatic.com/store_item_assets/steam/apps/1031110/header.jpg?t=1719173947,0,"Single-player,Steam Achievements","Adventure,Casual,Indie,RPG,Free To Play","Free to Play,Indie,Adventure,Casual,Visual Novel,Violent,RPG,Dark,Philosophical,Choices Matter",7.17,https://store.steampowered.com/app/1031110/,0.0,0.933520947557774,violent casual singleplayer philosophical choicesmatter adventure indie rpg visualnovel dark freetoplay
Janosik,2020-09-25,0.4892366412165478,0.0,0,https://shared.akamai.steamstatic.com/store_item_assets/steam/apps/1412170/header.jpg?t=1759746901,25,"Single-player,Full controller support","Action,Adventure,Casual,Indie,Free To Play","Action,Adventure,Casual,Platformer,2D Platformer,Free to Play,Metroidvania,Pixel Graphics,2D,Singleplayer,Indie,Colorful,1980s,1990's,Controller,Retro,Precision Platformer,Puzzle-Platformer,Family Friendly,Cartoony",5.61,https://store.steampowered.com/app/1412170/,0.0,0.9326991176747854,casual controller pixelgraphics familyfriendly adventure singleplayer colorful cartoon 2d metroidvania action indie 2dplatformer 1990s freetoplay puzzleplatformer platformer precisionplatformer 1980s retro
"Just, Bearly",2018-05-31,0.5557766305439302,0.0,1,https://shared.akamai.steamstatic.com/store_item_assets/steam/apps/792030/header.jpg?t=1544700221,48,"Single-player,Steam Achievements","Casual,Indie","Indie,Casual,Story Rich,Comedy,Design & Illustration,Gaming,Dark Humor,Intentionally Awkward Controls,Dark Comedy,Free to Play",7.93,https://store.steampowered.com/app/792030/,0.0,0.932682378137332,storyrich casual singleplayer darkcomedy indie designandillustration comedy gaming darkhumor freetoplay intentionallyawkwardcontrols
BVOVB - Bruising Vengeance of the Vintage Boxer,2022-08-11,0.4892366412165478,0.0,0,https://shared.akamai.steamstatic.com/store_item_assets/steam/apps/2087290/header.jpg?t=1660250485,0,"Single-player,Full controller support","Action,Indie","Action,Boxing,Beat 'em up,Side Scroller,2D,Dark Humor,Abstract,Cinematic,America,Historical,Comedy,Parody,Retro,Satire,Martial Arts,Hack and Slash,Combat,Singleplayer,Indie",3.73,https://store.steampowered.com/app/2087290/,0.0,0.9326448263657876,controller abstract america combat boxing singleplayer 2d satire beatemup cinematic action sidescroller indie darkhumor parody historical comedy martialarts retro hackandslash
Stormworm+,2016-05-20,0.5557766305439302,0.0,0,https://shared.akamai.steamstatic.com/store_item_assets/steam/apps/449240/header.jpg?t=1579872631,0,"Single-player,Steam Achievements,Full controller support,Steam Trading Cards,Steam Leaderboards",Indie,"Indie,Arcade,Score Attack,Sci-fi,Free to Play",9.96,https://store.steampowered.com/app/449240/,0.0,0.9323866362529578,singleplayer scifi controller indie arcade scoreattack freetoplay
Lovers of Aether,2019-04-01,0.6330768564718121,0.0,0,https://shared.akamai.steamstatic.com/store_item_assets/steam/apps/1043180/header.jpg?t=1748939171,132,"Single-player,Steam Cloud","Casual,Indie,Simulation","Dating Sim,Free to Play,Visual Novel,Indie,Casual,Cute,Simulation,Anime,Singleplayer,Comedy,Memes,Funny,Family Friendly,Romance,LGBTQ+,Horror",7.1,https://store.steampowered.com/app/1043180/,0.0,0.9323527850605444,lgbtq+ casual singleplayer datingsim familyfriendly indie anime romance cute funny visualnovel comedy simulation freetoplay memes horror
DEPO : Death Epileptic Pixel Origins,2022-07-25,0.6780830971139326,0.0,3,https://shared.akamai.steamstatic.com/store_item_assets/steam/apps/1091320/header.jpg?t=1754321184,0,"Single-player,Multi-player,PvP,Shared/Split Screen PvP,Co-op,Online Co-op,Shared/Split Screen,Cross-Platform Multiplayer,Steam Achievements,Full controller support,Steam Workshop,Camera Comfort,Adjustable Difficulty,Playable without Timed Input,Save Anytime,Stereo Sound,Surround Sound,Steam Cloud,Includes level editor,Remote Play Together","Adventure,Indie,Free To Play","Singleplayer,Free to Play,3D Platformer,Parkour,Adventure,First-Person,Psychedelic,Conspiracy,Mystery,Cute,Fantasy,Narration,Indie,Puzzle,Exploration,Colorful,Local Multiplayer,Level Editor,Voxel,Emotional",3.78,https://store.steampowered.com/app/1091320/,0.0,0.9323195988979288,playablewithouttimedinput 3dplatformer fantasy controller localmultiplayer pvp psychedelic surroundsound emotional voxel puzzle multiplayer includesleveleditor remoteplaytogether adventure singleplayer colorful conspiracy narration sharedsplitscreenpvp parkour stereosound indie coop freetoplay splitscreen exploration saveanytime mystery leveleditor firstperson cute crossplatformmultiplayer
Ms.Director,2021-05-17,0.5557766305439302,0.0,0,https://shared.akamai.steamstatic.com/store_item_assets/steam/apps/1462430/header.jpg?t=1731516295,0,Single-player,"Adventure,Indie,Free To Play","Horror,Investigation,2D,Noir,Historical,LGBTQ+,Story Rich,Multiple Endings,Puzzle,Cartoony,Indie,Pixel Graphics,Adventure,Free to Play,Atmospheric,Drama,RPGMaker,Female Protagonist,Singleplayer",4.97,https://store.steampowered.com/app/1462430/,0.0,0.932168167695948,pixelgraphics femaleprotagonist storyrich puzzle adventure singleplayer rpgmaker cartoon 2d noir drama indie freetoplay horror lgbtq+ investigation multipleendings atmospheric historical
Knock Harder: Useless,2020-01-13,0.5962588843196084,0.0,0,https://shared.akamai.steamstatic.com/store_item_assets/steam/apps/1120690/header.jpg?t=1582959544,0,"Single-player,Steam Achievements,Steam Cloud","Action,Adventure,Casual,Free To Play,Indie,RPG,Simulation","Indie,Adventure,Casual,Action,Singleplayer,Survival,Horror,Zombies,2D,Atmospheric,Hand-drawn,Replay Value,Top-Down,Experimental,Difficult,Mystery,Choices Matter,Post-apocalyptic,Addictive,Free to Play",6.31,https://store.steampowered.com/app/1120690/,0.0,0.9321103622114052,casual addictive simulation postapocalyptic replayvalue adventure singleplayer 2d survival zombies action indie rpg freetoplay horror mystery choicesmatter handdrawn atmospheric experimental topdown difficult
Mega Hasan,2020-01-13,0.4892366412165478,0.0,0,https://shared.akamai.steamstatic.com/store_item_assets/steam/apps/1217100/header.jpg?t=1735878569,0,"Single-player,Steam Achievements,Partial Controller Support,Steam Leaderboards","Action,Adventure,Indie,Free To Play","Free to Play,Indie,Action,Adventure,2D Platformer,Funny,Platformer",6.31,https://store.steampowered.com/app/1217100/,0.0,0.932093730000717,singleplayer platformer action adventure indie 2dplatformer funny controller freetoplay
Perfect Vermin,2020-11-06,0.6330768564718121,0.0,1,https://shared.akamai.steamstatic.com/store_item_assets/steam/apps/1416130/header.jpg?t=1708109979,0,"Single-player,Steam Achievements,Partial Controller Support","Action,Adventure,Casual,Indie,Free To Play","Free to Play,Indie,Surreal,Horror,Dark,Adventure,Psychological Horror,Singleplayer,First-Person,Action,Casual,Short,Atmospheric,Destruction,Story Rich,Puzzle,Great Soundtrack,Gore,Exploration,Multiplayer",5.49,https://store.steampowered.com/app/1416130/,0.0,0.932078140223376,casual surreal controller multiplayer storyrich greatsoundtrack puzzle adventure singleplayer destruction gore psychologicalhorror short action indie dark freetoplay exploration horror firstperson atmospheric
Vectorio Classic,2021-03-22,0.6330768564718121,0.0,0,https://shared.akamai.steamstatic.com/store_item_assets/steam/apps/1462470/header.jpg?t=1727826097,0,"Single-player,Multi-player,PvP,Online PvP,Co-op,Online Co-op,Steam Achievements","Casual,Indie,Strategy","Base-Building,Tower Defense,Survival,Strategy,Multiplayer,PvE,Co-op,Resource Management,PvP,Top-Down,Real Time Tactics,Casual,2D,Building,Sandbox,Singleplayer,Puzzle,Economy,Automation,Colorful",5.12,https://store.steampowered.com/app/1462470/,0.0,0.931926054847618,casual pvp building multiplayer pve puzzle singleplayer colorful 2d survival realtimetactics resourcemanagement economy indie sandbox coop towerdefense basebuilding onlinepvp automation topdown strategy
cityglitch,2018-02-23,0.4892366412165478,0.0,0,https://shared.akamai.steamstatic.com/store_item_assets/steam/apps/756790/header.jpg?t=1707831781,26,"Single-player,Steam Achievements,Steam Cloud","Casual,Indie,Strategy,Free To Play","Casual,Indie,Free to Play,Strategy,Puzzle,Pixel Graphics,2D,Turn-Based,Female Protagonist,Mouse only,Family Friendly,Singleplayer,Atmospheric,Difficult,Grid-Based Movement,Retro,Colorful,Dystopian,Cute",8.2,https://store.steampowered.com/app/756790/,0.0,0.9318186180047324,casual pixelgraphics gridbasedmovement turnbased femaleprotagonist strategy puzzle familyfriendly singleplayer colorful 2d dystopian indie mouseonly freetoplay cute atmospheric retro difficult
SEQUENCE STORM,2018-12-21,0.4892366412165478,0.0,8,https://shared.akamai.steamstatic.com/store_item_assets/steam/apps/630640/header.jpg?t=1650059037,0,"Single-player,Multi-player,Shared/Split Screen,Steam Achievements,Full controller support,Steam Workshop,Steam Cloud,Steam Leaderboards,Includes level editor,Remote Play Together","Action,Indie,Racing","Rhythm,Music,Racing,Level Editor,Action,Score Attack,Cyberpunk,Indie,Split Screen,Controller,Difficult,Action-Adventure,Combat Racing,3D,Colorful,Futuristic,Story Rich,Driving,Local Multiplayer,Singleplayer",7.37,https://store.steampowered.com/app/630640/,0.0,0.9318183016496518,combatracing controller localmultiplayer actionadventure cyberpunk splitscreen storyrich multiplayer includesleveleditor remoteplaytogether singleplayer colorful racing scoreattack action indie futuristic music 3d rhythm driving leveleditor difficult
1982,2017-06-28,0.5962588843196084,0.0,0,https://shared.akamai.steamstatic.com/store_item_assets/steam/apps/639650/header.jpg?t=1560444918,29,"Single-player,Steam Achievements,Full controller support","Action,Casual,Free To Play,Indie","Free to Play,Retro,Pixel Graphics,Arcade,Action,Indie,Casual,Shooter,1980s,2D,Bullet Hell,Sci-fi,Shoot 'Em Up,Difficult,Singleplayer",8.85,https://store.steampowered.com/app/639650/,0.0,0.9318182091481662,casual singleplayer scifi controller action pixelgraphics indie shooter bullethell arcade 1980s 2d freetoplay retro shootemup difficult
Relic Hunters Zero: Remix,2015-08-18,0.755384370197392,0.0,1,https://shared.akamai.steamstatic.com/store_item_assets/steam/apps/382490/header.jpg?t=1746834120,85,"Single-player,Multi-player,Co-op,Shared/Split Screen Co-op,Shared/Split Screen,Steam Achievements,Full controller support,Steam Trading Cards,Steam Workshop,Camera Comfort,Custom Volume Controls,Adjustable Difficulty,Keyboard Only Option,Steam Cloud,Steam Leaderboards,Remote Play Together","Action,Indie,Free To Play","Looter Shooter,Twin Stick Shooter,Action,Top-Down Shooter,Action Roguelike,Adventure,Co-op,Multiplayer,Free to Play,Bullet Hell,Pixel Graphics,Local Co-Op,Shooter,Rogue-like,2D,Colorful,RPG,Singleplayer,Co-op Campaign,Space",10.72,https://store.steampowered.com/app/382490/,0.0,0.9317477388782636,sharedsplitscreencoop controller pixelgraphics keyboardonlyoption actionroguelike lootershooter multiplayer customvolumecontrols coop roguelike remoteplaytogether adventure singleplayer colorful 2d action indie rpg shooter bullethell twinstickshooter freetoplay splitscreen topdownshooter space
"Dr. Langeskov, The Tiger, and The Terribly Cursed Emerald: A Whirlwind Heist",2015-12-04,0.7185660793429937,0.0,0,https://shared.akamai.steamstatic.com/store_item_assets/steam/apps/409160/header.jpg?t=1565696316,34,"Single-player,Steam Achievements,Steam Trading Cards,Captions available,Partial Controller Support,Commentary available","Free To Play,Indie","Free to Play,Comedy,First-Person,Narration,Indie,Walking Simulator,Funny,Short,Singleplayer,Heist,Stealth,Story Rich,Experimental,Casual,Adventure,Atmospheric,Satire,Puzzle,Action,Psychological Horror",10.42,https://store.steampowered.com/app/409160/,0.0,0.9316555144069772,casual walkingsimulator funny controller heist storyrich puzzle adventure singleplayer commentaryavailable narration satire short psychologicalhorror action indie freetoplay stealth firstperson atmospheric comedy experimental
Doll Explorer Prologue,2021-01-22,0.4892366412165478,0.0,1,https://shared.akamai.steamstatic.com/store_item_assets/steam/apps/1492160/header.jpg?t=1667006453,0,"Single-player,Steam Achievements","Casual,Free To Play,Indie","Casual,Singleplayer,2D,Fantasy,Turn-Based Tactics,Free to Play,Card Battler,Turn-Based Strategy,Indie,Puzzle,Female Protagonist",5.28,https://store.steampowered.com/app/1492160/,0.0,0.931628878750986,casual singleplayer fantasy puzzle indie turnbasedtactics femaleprotagonist 2d turnbasedstrategy freetoplay cardbattler
Lines X Free,2017-10-31,0.6330768564718121,0.0,0,https://shared.akamai.steamstatic.com/store_item_assets/steam/apps/725340/header.jpg?t=1646329034,66,"Single-player,Steam Achievements,Steam Cloud","Casual,Free To Play,Indie,Strategy","Puzzle,Casual,Free to Play,Indie,Strategy,Minimalist,Relaxing,Singleplayer,Atmospheric,Stylized,Abstract",8.51,https://store.steampowered.com/app/725340/,0.0,0.9315968240802146,casual singleplayer puzzle abstract indie minimalist relaxing atmospheric freetoplay strategy stylized
天岚行 - Through the Mist and Sky,2018-06-06,0.5557766305439302,0.0,1,https://shared.akamai.steamstatic.com/store_item_assets/steam/apps/865880/header.jpg?t=1760001788,565,"Single-player,Steam Achievements,Steam Cloud","Adventure,Indie,RPG,Free To Play","Free to Play,Indie,RPG,Adventure,RPGMaker",7.92,https://store.steampowered.com/app/865880/,0.0,0.9315863821440644,singleplayer adventure indie rpg rpgmaker freetoplay
4D Minesweeper,2018-02-14,0.5557766305439302,0.0,0,https://shared.akamai.steamstatic.com/store_item_assets/steam/apps/787980/header.jpg?t=1541187241,465,"Single-player,Steam Cloud","Casual,Indie","Psychological Horror,Puzzle,Singleplayer,Indie,Casual,Free to Play,Horror,Souls-like,Hentai",8.22,https://store.steampowered.com/app/787980/,0.0,0.9315814772573552,casual psychologicalhorror singleplayer puzzle indie hentai freetoplay soulslike horror
Eye 4 Eye,2023-06-01,0.6330768564718121,0.0,0,https://shared.akamai.steamstatic.com/store_item_assets/steam/apps/2269450/header.jpg?t=1685739285,0,"Single-player,Steam Achievements","Adventure,Free To Play,Indie","Adventure,Detective,Mystery,First-Person,Puzzle,Story Rich,Investigation,Exploration,Indie,Free to Play,Retro,Female Protagonist,3D,Atmospheric,Stylized,Pixel Graphics,Conspiracy,Cyberpunk,Dystopian,Psychological",2.93,https://store.steampowered.com/app/2269450/,0.0,0.9315307708890712,pixelgraphics femaleprotagonist storyrich cyberpunk puzzle adventure conspiracy psychological stylized dystopian indie 3d freetoplay exploration mystery singleplayer firstperson investigation atmospheric detective retro
Kairos'Light,2020-05-29,0.4892366412165478,0.0,1,https://shared.akamai.steamstatic.com/store_item_assets/steam/apps/1260960/header.jpg?t=1718488826,0,"Single-player,Steam Achievements,Commentary available","Free To Play,Indie,Simulation","Free to Play,Simulation,Indie,Multiple Endings,Life Sim,Time Management,2D,Management,Relaxing,Funny,Singleplayer,Replay Value,Adventure,Point & Click,Time Travel,Hidden Object,Colorful,Hand-drawn,Survival,Mystery",5.94,https://store.steampowered.com/app/1260960/,0.0,0.9313975083355244,timetravel funny relaxing simulation timemanagement hiddenobject replayvalue adventure singleplayer colorful commentaryavailable 2d survival indie freetoplay mystery pointandclick management multipleendings handdrawn lifesim
Gladiator Guild Manager: Prologue,2020-08-27,0.6780830971139326,0.0,0,https://shared.akamai.steamstatic.com/store_item_assets/steam/apps/1332470/header.jpg?t=1765017756,61,Single-player,"Indie,Simulation,Strategy","Simulation,Auto Battler,Strategy,Management,Fantasy,Free to Play,Singleplayer,Indie,Strategy RPG,RPG,Trading,Medieval,Tactical RPG,Survival,Turn-Based Tactics,Magic,War,Base-Building,Combat,Cartoony",5.69,https://store.steampowered.com/app/1332470/,0.0,0.931348987677572,war fantasy turnbasedtactics simulation medieval combat singleplayer cartoon trading survival tacticalrpg strategyrpg indie rpg freetoplay magic basebuilding autobattler management strategy
Craft Hero - Prologue,2022-03-07,0.5962588843196084,0.0,0,https://shared.akamai.steamstatic.com/store_item_assets/steam/apps/1907060/header.jpg?t=1727408559,892,"Single-player,Partial Controller Support","RPG,Simulation,Strategy,Free To Play","Crafting,Sandbox,Base-Building,Pixel Graphics,Top-Down,Dungeon Crawler,Survival,Building,Free to Play,Strategy,2D,Indie,Singleplayer,Adventure,Combat,Turn-Based Combat,Board Game,Strategy RPG,Rogue-lite,Simulation",4.16,https://store.steampowered.com/app/1907060/,0.0,0.9312706680737146,pixelgraphics boardgame building controller simulation roguelite combat turnbasedcombat adventure singleplayer 2d survival strategyrpg indie rpg sandbox freetoplay basebuilding topdown crafting strategy dungeoncrawler
Flicker of Hope,2020-08-02,0.4892366412165478,0.0,0,https://shared.akamai.steamstatic.com/store_item_assets/steam/apps/1314460/header.jpg?t=1608175662,0,"Single-player,Full controller support",Indie,"Horror,Stealth,Indie,Dark,Resource Management,Short,3D,Medieval,Atmospheric,Choices Matter,Action,Demons,Adventure,Singleplayer,Action-Adventure,Survival Horror,Third Person,Multiplayer,Survival,Tutorial",5.76,https://store.steampowered.com/app/1314460/,0.0,0.9311483483160384,controller demons actionadventure medieval multiplayer survivalhorror adventure singleplayer survival short action resourcemanagement indie thirdperson tutorial dark 3d stealth horror choicesmatter atmospheric
Backworlds,2020-02-20,0.4892366412165478,0.0,0,https://shared.akamai.steamstatic.com/store_item_assets/steam/apps/910470/header.jpg?t=1635535794,0,"Single-player,Steam Achievements,Full controller support,Steam Cloud,Remote Play on TV",Indie,"Indie,Puzzle,Puzzle-Platformer,Singleplayer,Family Friendly,Platformer,2D,Cute,Beautiful,Logic,Experimental",6.21,https://store.steampowered.com/app/910470/,0.0,0.9311082953161972,singleplayer remoteplayontv platformer puzzle controller familyfriendly beautiful indie logic cute 2d experimental puzzleplatformer
Clodhoppers,2021-04-28,0.5962588843196084,0.0,0,https://shared.akamai.steamstatic.com/store_item_assets/steam/apps/1066420/header.jpg?t=1719245159,0,"Single-player,Multi-player,PvP,Online PvP,Shared/Split Screen PvP,Co-op,Online Co-op,Shared/Split Screen Co-op,Shared/Split Screen,Partial Controller Support,Family Sharing","Action,Indie,Early Access","Early Access,Arena Shooter,Beat 'em up,Funny,PvP,Multiplayer,Platformer,2D Fighter,Arcade,Character Customization,2.5D,2D,2D Platformer,Controller,Action,Cartoony,Stylized,Colorful,Comedy,Cartoon",5.02,https://store.steampowered.com/app/1066420/,0.0,0.931085278497168,sharedsplitscreencoop pvp funny controller multiplayer charactercustomization colorful arcade 2d cartoon arenashooter sharedsplitscreenpvp stylized beatemup action indie 2dplatformer coop earlyaccess splitscreen 2.5d singleplayer platformer onlinepvp 2dfighter comedy
Woodways,2018-04-02,0.4892366412165478,0.0,1,https://shared.akamai.steamstatic.com/store_item_assets/steam/apps/818760/header.jpg?t=1626880007,12,"Single-player,Steam Achievements,Partial Controller Support,Steam Cloud","Casual,Indie","Sokoban,Turn-Based,Puzzle,2D,Cute,Top-Down,Difficult,Controller,Relaxing,Casual,Cartoony,Logic,Colorful,Family Friendly,Nature,Grid-Based Movement,Singleplayer,Short,Free to Play,Indie",8.09,https://store.steampowered.com/app/818760/,0.0,0.931065767551236,casual gridbasedmovement turnbased logic relaxing controller sokoban puzzle nature familyfriendly singleplayer colorful cartoon 2d short indie freetoplay cute topdown difficult
Crimzon Clover WORLD IGNITION,2014-06-06,0.6330768564718121,0.0,4,https://shared.akamai.steamstatic.com/store_item_assets/steam/apps/285440/header.jpg?t=1729476866,93,"Single-player,Multi-player,Shared/Split Screen,Steam Achievements,Full controller support,Steam Trading Cards,Steam Cloud,Steam Leaderboards,Remote Play Together,Family Sharing","Action,Indie","Bullet Hell,Shoot 'Em Up,Indie,Action,Arcade,Shooter,Great Soundtrack,Difficult,Local Co-Op,2D,Singleplayer,Local Multiplayer",11.92,https://store.steampowered.com/app/285440/,0.0,0.9310376639058832,controller localmultiplayer greatsoundtrack multiplayer remoteplaytogether singleplayer arcade 2d coop action indie shooter bullethell splitscreen shootemup difficult
Wurroom,2019-11-08,0.5962588843196084,0.0,2,https://shared.akamai.steamstatic.com/store_item_assets/steam/apps/1153130/header.jpg?t=1740984410,0,"Single-player,Steam Achievements","Adventure,Casual,Indie,Free To Play","Free to Play,Adventure,Indie,Casual,Point & Click,Surreal,Psychedelic,2D,Atmospheric,Exploration,Singleplayer,Stylized,Mystery,Great Soundtrack,Hand-drawn,Short",6.49,https://store.steampowered.com/app/1153130/,0.0,0.9308964068534776,mystery casual singleplayer short pointandclick greatsoundtrack adventure surreal indie psychedelic handdrawn atmospheric 2d freetoplay exploration stylized
In Your Face TD,2017-03-22,0.4892366412165478,0.0,0,https://shared.akamai.steamstatic.com/store_item_assets/steam/apps/564330/header.jpg?t=1497888400,43,"Single-player,VR Only,Steam Cloud","Action,Strategy","Strategy,Action,VR,Tower Defense,Free to Play",9.12,https://store.steampowered.com/app/564330/,0.0,0.9308541266681007,singleplayer action vr freetoplay strategy towerdefense
Gravity Bone,2018-11-08,0.5557766305439302,0.0,0,https://shared.akamai.steamstatic.com/store_item_assets/steam/apps/974090/header.jpg?t=1586734224,0,Single-player,"Adventure,Indie","Adventure,Indie,Free to Play,Short,First-Person,Singleplayer,Exploration,Atmospheric,Interactive Fiction,Walking Simulator,Story Rich,Drama,Linear,Casual,Experimental,Great Soundtrack,Experience,FPS",7.49,https://store.steampowered.com/app/974090/,0.0,0.930817028414618,casual walkingsimulator interactivefiction storyrich greatsoundtrack adventure singleplayer experience short drama fps linear indie freetoplay exploration firstperson atmospheric experimental
Jigoku Kisetsukan: Sense of the Seasons,2015-05-12,0.6330768564718121,0.0,0,https://shared.akamai.steamstatic.com/store_item_assets/steam/apps/368950/header.jpg?t=1568829069,56,"Single-player,Steam Achievements,Partial Controller Support","Free To Play,Indie","Bullet Hell,Free to Play,Anime,Shoot 'Em Up,Indie,Difficult,Great Soundtrack,Singleplayer,Shooter,Female Protagonist,2D,Action,Pixel Graphics,Cute",10.98,https://store.steampowered.com/app/368950/,0.0,0.9306071036849414,singleplayer greatsoundtrack pixelgraphics action indie anime shooter cute bullethell femaleprotagonist controller 2d freetoplay shootemup difficult
Oats Studios - Volume 1 Assets,2017-06-14,0.4892366412165478,0.0,0,https://shared.akamai.steamstatic.com/store_item_assets/steam/apps/652150/header.jpg?t=1500057853,0,Single-player,"Violent,Gore,Action,Adventure,Casual,Indie,Simulation,Strategy,Video Production","Action,Short,Thriller,Gore,Indie,Video Production,Violent,Adventure,Casual,Simulation,Strategy,Sci-fi,Movie",8.89,https://store.steampowered.com/app/652930/,0.0,0.9304325054892476,violent casual singleplayer short scifi action thriller adventure indie gore movie simulation strategy
Gizmo,2018-12-05,0.5557766305439302,0.0,0,https://shared.akamai.steamstatic.com/store_item_assets/steam/apps/979260/header.jpg?t=1756291806,0,"Single-player,Steam Achievements,Full controller support","Action,Indie","Indie,Action,Free to Play,3D Platformer,Singleplayer,Short,Platformer,Third Person,3D,Comedy,Cute,Family Friendly,Controller,Replay Value,Puzzle-Platformer,Funny,Sci-fi,Great Soundtrack,Fast-Paced,Robots",7.42,https://store.steampowered.com/app/979260/,0.0,0.9304066177025982,3dplatformer controller funny greatsoundtrack replayvalue familyfriendly singleplayer short action indie thirdperson 3d freetoplay puzzleplatformer platformer fastpaced scifi cute comedy robots
Toran,2019-04-18,0.5557766305439302,0.0,0,https://shared.akamai.steamstatic.com/store_item_assets/steam/apps/720300/header.jpg?t=1572862815,0,"Single-player,Tracked Controller Support,VR Only","Adventure,Free To Play,Indie","Indie,Adventure,Free to Play,VR,Short,Singleplayer,Puzzle,Futuristic,Atmospheric,Sci-fi,Great Soundtrack,Space,Beautiful,Experimental,Relaxing",7.05,https://store.steampowered.com/app/720300/,0.0,0.9303637236009464,singleplayer short controller puzzle scifi greatsoundtrack adventure indie vr futuristic beautiful atmospheric relaxing space experimental freetoplay
Mission Zigloton,2020-02-14,0.5557766305439302,0.0,0,https://shared.akamai.steamstatic.com/store_item_assets/steam/apps/1236070/header.jpg?t=1581684333,0,"Single-player,Full controller support","Adventure,Free To Play,Indie","Free to Play,Indie,Adventure,Platformer,Singleplayer,Action,Great Soundtrack,Side Scroller,Difficult,Cute,Exploration,Precision Platformer,Funny,Atmospheric,2D Platformer,Puzzle-Platformer",6.22,https://store.steampowered.com/app/1236070/,0.0,0.9303637236009464,singleplayer platformer greatsoundtrack controller action adventure indie sidescroller 2dplatformer cute funny atmospheric precisionplatformer freetoplay puzzleplatformer exploration difficult
LOEK,2020-02-10,0.5557766305439302,0.0,0,https://shared.akamai.steamstatic.com/store_item_assets/steam/apps/928950/header.jpg?t=1603706778,0,"Single-player,Steam Achievements,Steam Cloud,Stats,Steam Leaderboards","Action,Free To Play,Indie","Indie,Action,Free to Play,Psychological Horror,Violent,Gore,Psychedelic,FPS,Shooter,First-Person,Sexual Content,Singleplayer,Retro,Difficult,Fast-Paced,Competitive,Nudity,Funny,Survival Horror,Multiplayer",6.23,https://store.steampowered.com/app/928950/,0.0,0.9303519268503192,psychedelic funny multiplayer nudity violent survivalhorror singleplayer gore psychologicalhorror fps action indie stats shooter freetoplay fastpaced firstperson sexualcontent competitive retro difficult
Sunset Motel: Prologue,2024-07-29,0.6330768564718121,0.0,0,https://shared.akamai.steamstatic.com/store_item_assets/steam/apps/2905970/a736deb5abc5da48e7ef6a1b75091288273b14e0/header.jpg?t=1756048455,131,"Single-player,Steam Achievements,Full controller support","Action,Casual,Simulation,Free To Play","Action,Multiplayer,Casual,Simulation,Life Sim,First-Person,America,Free to Play,Building,Economy,Cooking,Relaxing,Management,Funny,Base-Building,Singleplayer,Resource Management,Choices Matter",1.77,https://store.steampowered.com/app/2905970/,0.0,0.9303400147699684,casual cooking controller america funny relaxing building simulation multiplayer singleplayer action economy resourcemanagement freetoplay basebuilding choicesmatter management firstperson lifesim
Double Action: Boogaloo,2014-10-23,0.755384370197392,0.0,0,https://shared.akamai.steamstatic.com/store_item_assets/steam/apps/317360/header.jpg?t=1748159220,63,"Multi-player,Cross-Platform Multiplayer,VR Supported,Includes level editor,Includes Source SDK","Action,Indie,Free To Play","Free to Play,Action,Multiplayer,Shooter,Parkour,Third-Person Shooter,FPS,Bullet Time,First-Person,Open World,Funny,Indie,Co-op,Comedy,Singleplayer,Online Co-Op,Adventure,Survival,Controller,Zombies",11.53,https://store.steampowered.com/app/317360/,0.0,0.9302723287136772,vr includessourcesdk funny openworld multiplayer includesleveleditor adventure singleplayer parkour survival zombies fps action indie shooter coop freetoplay bullettime thirdpersonshooter firstperson crossplatformmultiplayer comedy controller
TheDawn,2020-12-11,0.7185660793429937,0.0,0,https://shared.akamai.steamstatic.com/store_item_assets/steam/apps/1475380/header.jpg?t=1610068224,0,Single-player,"Action,Adventure,Free To Play,Indie","Anime,Action,Third-Person Shooter,Cute,Shooter,Time Manipulation,Adventure,Singleplayer,Bullet Hell,Hero Shooter,3D,Third Person,Free to Play,Robots,Atmospheric,Cyberpunk,Dark,Tactical,Futuristic,PvE",5.4,https://store.steampowered.com/app/1475380/,0.0,0.9300151856762048,tactical cyberpunk pve adventure singleplayer anime action indie futuristic shooter thirdperson bullethell dark 3d freetoplay heroshooter thirdpersonshooter cute timemanipulation atmospheric robots
The Robot Girl Meets The Human!,2022-08-19,0.4892366412165478,0.0,0,https://shared.akamai.steamstatic.com/store_item_assets/steam/apps/2002410/header.jpg?t=1666024299,0,Single-player,"Adventure,Free To Play,Indie","Interactive Fiction,Story Rich,Robots,Cute,Fantasy,Multiple Endings,Post-apocalyptic,Adventure,2.5D,Emotional,Atmospheric,Visual Novel,Side Scroller,Indie,Anime,Choose Your Own Adventure,Colorful,Singleplayer,Free to Play",3.71,https://store.steampowered.com/app/2002410/,0.0,0.9300147761942322,fantasy postapocalyptic emotional interactivefiction storyrich adventure singleplayer anime colorful visualnovel chooseyourownadventure sidescroller indie freetoplay 2.5d cute multipleendings atmospheric robots
Applewood,2019-09-23,0.4892366412165478,0.0,0,https://shared.akamai.steamstatic.com/store_item_assets/steam/apps/1107470/header.jpg?t=1585513902,0,"Single-player,Steam Achievements,Full controller support",Adventure,"Adventure,Platformer,Cute,Lore-Rich,Nature,Free to Play",6.62,https://store.steampowered.com/app/1107470/,0.0,0.9300147761942322,singleplayer platformer lorerich controller nature adventure cute freetoplay
Ghost Productions: Wraith VR Total Knee Replacement Surgery Simulation,2019-10-01,0.5557766305439302,0.0,0,https://shared.akamai.steamstatic.com/store_item_assets/steam/apps/1136210/header.jpg?t=1569944691,0,"Tracked Controller Support,VR Only",Education,"Education,VR",6.6,https://store.steampowered.com/app/1136210/,0.0,0.9300147761942322,controller vr education
Under Maintenance,2023-02-14,0.5557766305439302,0.0,0,https://shared.akamai.steamstatic.com/store_item_assets/steam/apps/2274430/header.jpg?t=1677689204,0,"Single-player,Steam Achievements,Partial Controller Support","Casual,Free To Play,Indie,Simulation","Casual,Simulation,Visual Novel,Interactive Fiction,Otome,2D,Free to Play,Indie,Comedy,Drama,Romance,Character Customization,Female Protagonist,Multiple Endings,Narration,Story Rich,Singleplayer",3.22,https://store.steampowered.com/app/2274430/,0.0,0.9297830664196765,casual romance otome femaleprotagonist controller simulation charactercustomization interactivefiction storyrich singleplayer visualnovel narration 2d drama indie freetoplay multipleendings comedy
Fantastic Dream,2023-07-10,0.4892366412165478,0.0,0,https://shared.akamai.steamstatic.com/store_item_assets/steam/apps/2451860/header.jpg?t=1689217808,0,Single-player,Casual,"Visual Novel,Casual,Singleplayer,Drama,Emotional,Text-Based,2D,Story Rich",2.82,https://store.steampowered.com/app/2451860/,0.0,0.9297523493537224,storyrich casual singleplayer drama visualnovel 2d textbased emotional
Whimsy,2019-12-21,0.5557766305439302,0.0,0,https://shared.akamai.steamstatic.com/store_item_assets/steam/apps/1170370/header.jpg?t=1622992113,0,Single-player,"Adventure,Casual,Indie","Indie,Adventure,Casual,Free to Play,Puzzle,Point & Click",6.37,https://store.steampowered.com/app/1170370/,0.0,0.9295179388673548,casual singleplayer pointandclick puzzle adventure indie freetoplay
The Floor Is Still Really Cheap Lava,2020-11-25,0.5962588843196084,0.0,0,https://shared.akamai.steamstatic.com/store_item_assets/steam/apps/1189060/header.jpg?t=1734879606,0,"Single-player,Multi-player,PvP,Online PvP,Steam Achievements,In-App Purchases,Steam Cloud,Stats,Steam Leaderboards","Action,Casual,Indie,Racing,Strategy,Free To Play","Third-Person Shooter,PvP,Shooter,Runner,Multiplayer,3D,Third Person,Funny,Action,Casual,Cartoony,Colorful,Comedy,Combat,Singleplayer,Free to Play,Indie,Racing,Strategy,Nudity",5.44,https://store.steampowered.com/app/1189060/,0.0,0.9295179388673548,casual pvp funny inapppurchases multiplayer combat runner nudity singleplayer colorful racing cartoon action indie stats shooter thirdperson 3d freetoplay onlinepvp thirdpersonshooter comedy strategy
Source Filmmaker,2012-07-10,0.755384370197392,0.0,0,https://shared.akamai.steamstatic.com/store_item_assets/steam/apps/1840/header.jpg?t=1677267197,140,Steam Workshop,"Animation & Modeling,Video Production","Animation & Modeling,Free to Play,Video Production,Software,Movie,Difficult,Sandbox,Funny,Comedy,Singleplayer,Moddable,Character Customization,Memes,Survival Horror,Games Workshop,3D,Anime,Great Soundtrack,Souls-like,Family Friendly",13.82,https://store.steampowered.com/app/1840/,0.0,0.9293904227339852,funny movie charactercustomization greatsoundtrack survivalhorror familyfriendly gamesworkshop singleplayer anime soulslike animationandmodeling sandbox 3d freetoplay memes moddable software comedy difficult
Kowloon's Curse: Lost Report,2023-03-22,0.5557766305439302,0.0,0,https://shared.akamai.steamstatic.com/store_item_assets/steam/apps/1161640/header.jpg?t=1706579873,0,"Single-player,Steam Achievements,Partial Controller Support","Adventure,Indie,RPG","Adventure,RPG,JRPG,Visual Novel,3D,First-Person,Atmospheric,Cyberpunk,Dark,Horror,Multiple Endings,Perma Death,Turn-Based Combat,Singleplayer,Alternate History,Choices Matter,Story Rich,Indie,Surreal,Free to Play",3.12,https://store.steampowered.com/app/1161640/,0.0,0.9293161967900764,surreal jrpg controller cyberpunk storyrich turnbasedcombat permadeath adventure singleplayer visualnovel indie rpg dark 3d freetoplay horror choicesmatter firstperson multipleendings atmospheric alternatehistory
Snail Trek - Chapter 1: Intershellar,2017-11-29,0.5557766305439302,0.0,1,https://shared.akamai.steamstatic.com/store_item_assets/steam/apps/751280/header.jpg?t=1550208339,0,"Single-player,Steam Achievements","Adventure,Indie","Adventure,Indie,Retro,Point & Click,Pixel Graphics,Space,Puzzle,2D",8.43,https://store.steampowered.com/app/751280/,0.0,0.9290910337156378,singleplayer pointandclick puzzle pixelgraphics adventure indie space 2d retro
"So, uh... a spaceship crashed in my yard.",2018-08-06,0.4892366412165478,0.0,0,https://shared.akamai.steamstatic.com/store_item_assets/steam/apps/899610/header.jpg?t=1656376327,0,"Single-player,Steam Achievements,Full controller support","Adventure,Free To Play,Indie","Free to Play,Adventure,Indie,Funny,Comedy,RPGMaker,Walking Simulator,Pixel Graphics",7.75,https://store.steampowered.com/app/899610/,0.0,0.9289650688321932,singleplayer walkingsimulator controller pixelgraphics adventure indie funny rpgmaker comedy freetoplay
Kitten Adventures in City Park,2017-09-08,0.5557766305439302,0.0,1,https://shared.akamai.steamstatic.com/store_item_assets/steam/apps/643870/header.jpg?t=1571403336,0,"Single-player,Steam Achievements","Adventure,Indie","Cute,Adventure,Indie,Family Friendly,Singleplayer,Short,Free to Play,Exploration,Atmospheric,Cats,Funny,Point & Click,Comedy,Colorful,Cartoon,Retro,2D,Hand-drawn,Casual",8.66,https://store.steampowered.com/app/643870/,0.0,0.9289372940535784,casual funny familyfriendly adventure singleplayer colorful 2d short indie freetoplay exploration cartoon pointandclick cats cute handdrawn atmospheric comedy retro
BlamBox,2018-10-02,0.4892366412165478,0.0,0,https://shared.akamai.steamstatic.com/store_item_assets/steam/apps/899270/header.jpg?t=1696168778,0,"Single-player,Steam Achievements,Steam Cloud,Steam Leaderboards","Action,Casual,Indie","Action,Indie,Casual,Voxel,Arcade,Shooter,Fast-Paced,Singleplayer",7.59,https://store.steampowered.com/app/899270/,0.0,0.9288859822618812,casual singleplayer fastpaced voxel action indie shooter arcade
Underminer,2024-01-10,0.5962588843196084,0.0,0,https://shared.akamai.steamstatic.com/store_item_assets/steam/apps/2735870/header.jpg?t=1752123923,0,"Single-player,Full controller support,Steam Cloud","Action,Adventure,Indie,Simulation","Simulation,Action-Adventure,Collectathon,Pixel Graphics,Singleplayer,Indie,Adventure,Action,Free to Play,Mining",2.32,https://store.steampowered.com/app/2735870/,0.0,0.9287628902125432,singleplayer mining controller action actionadventure pixelgraphics adventure indie collectathon simulation freetoplay
Escape from the Cursed Convent,2025-01-21,0.5557766305439302,0.0,0,https://shared.akamai.steamstatic.com/store_item_assets/steam/apps/1142740/header.jpg?t=1765063642,0,"Single-player,Steam Achievements,Steam Cloud","Adventure,Indie,RPG,Free To Play,Design & Illustration","Choose Your Own Adventure,Puzzle,Visual Novel,Female Protagonist,RPG,2D,Top-Down,Horror,Story Rich,Cooking,Choices Matter,Multiple Endings,Linear,Pixel Graphics,Anime,Stylized,Medieval,Crafting,Atmospheric,Emotional",1.29,https://store.steampowered.com/app/1142740/,0.0,0.9287367025443782,cooking pixelgraphics designandillustration femaleprotagonist medieval emotional storyrich puzzle adventure anime visualnovel 2d stylized chooseyourownadventure linear indie rpg freetoplay horror singleplayer choicesmatter multipleendings atmospheric topdown crafting
The Pilgrim,2019-08-16,0.5557766305439302,0.0,0,https://shared.akamai.steamstatic.com/store_item_assets/steam/apps/1132880/header.jpg?t=1670245859,0,Single-player,Free To Play,"Free to Play,Puzzle,Hidden Object,Adventure,Indie,Mystery,Action,Point & Click,RPG,CRPG,Puzzle-Platformer,3D,3D Vision,Abstract,Third Person,Magic,Logic,Singleplayer,Short",6.72,https://store.steampowered.com/app/1132880/,0.0,0.9287050061660044,abstract logic hiddenobject puzzle adventure singleplayer short crpg action indie rpg thirdperson 3d puzzleplatformer freetoplay magic mystery pointandclick 3dvision
Have a Nice Dream,2021-05-24,0.6780830971139326,0.0,0,https://shared.akamai.steamstatic.com/store_item_assets/steam/apps/1625080/header.jpg?t=1661436897,0,Single-player,"Free To Play,Indie,RPG","RPG,Pixel Graphics,Puzzle,Psychological Horror,Adventure,Free to Play,Emotional,Drama,2D Platformer,Singleplayer,Minimalist,Indie,Linear,RPGMaker,Horror",4.95,https://store.steampowered.com/app/1625080/,0.0,0.928698565167865,singleplayer psychologicalhorror puzzle pixelgraphics drama adventure indie rpg minimalist 2dplatformer linear rpgmaker freetoplay emotional horror
Void Pyramid,2016-12-05,0.4892366412165478,0.0,0,https://shared.akamai.steamstatic.com/store_item_assets/steam/apps/563430/header.jpg?t=1658598650,128,Single-player,RPG,"RPG,Pixel Graphics,Sci-fi,Indie,Post-apocalyptic,Free to Play,JRPG",9.42,https://store.steampowered.com/app/563430/,0.0,0.9286933181264788,singleplayer scifi pixelgraphics indie rpg jrpg freetoplay postapocalyptic
Aurora: A Child's Journey,2020-11-20,0.5962588843196084,0.0,0,https://shared.akamai.steamstatic.com/store_item_assets/steam/apps/1438440/header.jpg?t=1618949092,0,"Single-player,Full controller support","Action,Adventure,Free To Play,Indie","Action,Story Rich,Adventure,Emotional,Atmospheric,Puzzle-Platformer,3D,Cartoony,Colorful,Cute,Stylized,Third Person,Family Friendly,Drama,Foreign,Mystery,Nature,Psychological,Linear,Sailing",5.46,https://store.steampowered.com/app/1438440/,0.0,0.9284423963391596,controller sailing emotional storyrich nature familyfriendly adventure colorful cartoon psychological foreign stylized drama action linear indie thirdperson 3d freetoplay puzzleplatformer mystery singleplayer cute atmospheric
Shinobi Warfare,2022-06-14,0.6330768564718121,0.0,0,https://shared.akamai.steamstatic.com/store_item_assets/steam/apps/1895300/header.jpg?t=1655218818,1776,"Multi-player,PvP,Online PvP,Co-op,Online Co-op,Cross-Platform Multiplayer,In-App Purchases","Free To Play,RPG","RPG,Turn-Based Tactics,Ninja,2D,Free to Play,2D Fighter,Character Customization,PvP,Combat,PvE,Conversation,Co-op,Online Co-Op,Multiplayer,Singleplayer,Anime",3.89,https://store.steampowered.com/app/1895300/,0.0,0.9284234465353364,pvp turnbasedtactics inapppurchases multiplayer charactercustomization combat pve singleplayer conversation anime 2d ninja rpg coop freetoplay onlinepvp 2dfighter crossplatformmultiplayer
Jiangshi x Daoshi,2020-07-16,0.4892366412165478,0.0,1,https://shared.akamai.steamstatic.com/store_item_assets/steam/apps/1338460/header.jpg?t=1743588530,48,"Single-player,Steam Cloud","Action,Adventure,Casual","Action,Visual Novel,Comic Book,Magic,Swordplay,Mystery,Dark Humor,Mythology,Horror,Parody,Fantasy,Assassin,Blood,Narration,Adventure,Text-Based,Casual,Singleplayer,Gore,Violent",5.8,https://store.steampowered.com/app/1338460/,0.0,0.928357740330192,casual fantasy mythology violent adventure singleplayer gore visualnovel narration textbased swordplay action darkhumor magic blood horror mystery parody assassin comicbook
Spooky's Jump Scare Mansion,2015-07-28,0.755384370197392,0.0,2,https://shared.akamai.steamstatic.com/store_item_assets/steam/apps/356670/header.jpg?t=1572974273,49,Single-player,"Action,Adventure,Free To Play,Indie","Horror,Free to Play,Cute,First-Person,Singleplayer,Indie,Atmospheric,Psychological Horror,Cartoon,Dark Humor,Funny,Dark,Adventure,Survival Horror,Procedural Generation,Survival,Action,3D,Walking Simulator,Comedy",10.77,https://store.steampowered.com/app/356670/,0.0,0.9283299520759904,walkingsimulator funny survivalhorror adventure singleplayer proceduralgeneration survival psychologicalhorror action indie darkhumor dark freetoplay 3d horror cartoon firstperson cute atmospheric comedy
You Have to Win the Game,2014-05-06,0.6780830971139326,0.0,0,https://shared.akamai.steamstatic.com/store_item_assets/steam/apps/286100/header.jpg?t=1733078621,66,"Single-player,Steam Achievements,Full controller support,Steam Cloud,Stats","Action,Indie","Metroidvania,Free to Play,Retro,Platformer,Indie,2D,Pixel Graphics,Difficult,Singleplayer,Precision Platformer,Action,Adventure,Exploration,Old School,Arcade,Side Scroller,Great Soundtrack,Classic,Controller,Open World",12.0,https://store.steampowered.com/app/286100/,0.0,0.9282982982928962,controller pixelgraphics openworld greatsoundtrack adventure singleplayer arcade 2d metroidvania classic action sidescroller indie stats freetoplay exploration platformer oldschool precisionplatformer retro difficult
Tank Team,2024-04-11,0.5962588843196084,0.0,1,https://shared.akamai.steamstatic.com/store_item_assets/steam/apps/2587450/header.jpg?t=1755434263,71,"Multi-player,PvP,Online PvP,Co-op,Online Co-op,Steam Workshop,Includes level editor,Family Sharing","Action,Casual,Indie,Free To Play","Team-Based,Online Co-Op,Casual,Vehicular Combat,PvP,Funny,Free to Play,Character Customization,2D,Side Scroller,Minimalist,Action,War,Indie,Colorful,Co-op,Multiplayer,Combat,Arcade,Tanks",2.07,https://store.steampowered.com/app/2587450/,0.0,0.9277436001331164,casual war pvp funny charactercustomization multiplayer combat includesleveleditor minimalist colorful arcade 2d tanks action sidescroller indie teambased coop freetoplay onlinepvp vehicularcombat
Cosmic Sugar VR,2016-11-27,0.5962588843196084,0.0,1,https://shared.akamai.steamstatic.com/store_item_assets/steam/apps/559010/header.jpg?t=1543969592,41,"Single-player,Tracked Controller Support,VR Only","Free To Play,Simulation","Free to Play,Simulation,VR",9.44,https://store.steampowered.com/app/559010/,0.0,0.9274246560864836,singleplayer controller vr simulation freetoplay
Open World Game: the Open World Game,2019-11-19,0.6330768564718121,0.0,2,https://shared.akamai.steamstatic.com/store_item_assets/steam/apps/1144110/header.jpg?t=1589476180,69,"Single-player,Steam Achievements,Full controller support,Steam Cloud","Adventure,Free To Play,Indie,RPG,Simulation","Open World,Free to Play,RPG,Satire,Adventure,Indie,Simulation,Psychological Horror,Memes,2D,Open World Survival Craft",6.46,https://store.steampowered.com/app/1144110/,0.0,0.9274073352942124,singleplayer psychologicalhorror openworldsurvivalcraft controller adventure indie rpg 2d simulation freetoplay memes openworld satire
Senza Peso,2016-10-11,0.5557766305439302,0.0,0,https://shared.akamai.steamstatic.com/store_item_assets/steam/apps/496190/header.jpg?t=1478014109,15,"Single-player,Full controller support,Tracked Controller Support,VR Only","Adventure,Casual","Casual,Adventure,VR,Free to Play",9.57,https://store.steampowered.com/app/496190/,0.0,0.9273010276404864,casual singleplayer controller adventure vr freetoplay
Demonpact: Clarice,2021-02-11,0.4892366412165478,0.0,0,https://shared.akamai.steamstatic.com/store_item_assets/steam/apps/1500600/header.jpg?t=1741750091,0,Single-player,"Adventure,Casual,Indie,RPG","Adventure,RPG,Turn-Based Strategy,Visual Novel,Choices Matter,Horror,2D,Cartoon,Colorful,Cute,Pixel Graphics,Dark,Demons,Funny,Mystery,Linear,Singleplayer,Comedy,Multiple Endings,Perma Death",5.23,https://store.steampowered.com/app/1500600/,0.0,0.9271696693208707,casual pixelgraphics demons funny permadeath adventure singleplayer colorful visualnovel 2d linear indie rpg turnbasedstrategy dark horror mystery cartoon choicesmatter cute multipleendings comedy
VTube Studio,2021-03-12,0.755384370197392,0.0,3,https://shared.akamai.steamstatic.com/store_item_assets/steam/apps/1325860/header.jpg?t=1750309780,71,"Single-player,Steam Workshop","Indie,Animation & Modeling,Video Production","Indie,Mature,Anime,Animation & Modeling,Free to Play,NSFW,Software,Cute,Video Production,Character Customization,2D,Utilities,Funny,Singleplayer,3D,Multiplayer,Co-op,Survival Horror,Souls-like",5.15,https://store.steampowered.com/app/1325860/,0.0,0.927146778481276,funny multiplayer charactercustomization utilities survivalhorror singleplayer anime 2d soulslike nsfw mature indie animationandmodeling 3d freetoplay cute software coop
The Awesome Adventures of Captain Spirit,2018-06-25,0.8003907929561015,0.0,0,https://shared.akamai.steamstatic.com/store_item_assets/steam/apps/845070/header.jpg?t=1728485234,71,"Single-player,Full controller support,Steam Cloud,Remote Play on TV,Family Sharing","Adventure,Free To Play","Free to Play,Story Rich,Adventure,Choices Matter,Atmospheric,Singleplayer,Great Soundtrack,Drama,Superhero,Short,Point & Click,Walking Simulator,Third Person,Controller,Casual,Emotional,Action,Cute,Indie,Memes",7.86,https://store.steampowered.com/app/845070/,0.0,0.927115274588054,remoteplayontv casual walkingsimulator controller superhero emotional storyrich greatsoundtrack adventure singleplayer short drama action indie thirdperson freetoplay memes pointandclick choicesmatter cute atmospheric
Super Raft Boat Classic,2021-02-21,0.6330768564718121,0.0,0,https://shared.akamai.steamstatic.com/store_item_assets/steam/apps/1541250/header.jpg?t=1721532174,0,"Single-player,Steam Achievements,Full controller support,Steam Cloud,Steam Leaderboards,Remote Play on Phone,Remote Play on Tablet","Action,Indie,Free To Play","Action,Action Roguelike,Rogue-lite,Top-Down Shooter,Bullet Hell,2D,Pixel Graphics,Top-Down,Fishing,Crafting,Robots,Multiple Endings,Retro,Female Protagonist,Multiplayer,Free to Play,PvE,Singleplayer,Base-Building,Indie",5.2,https://store.steampowered.com/app/1541250/,0.0,0.9270692227081412,controller remoteplayonphone pixelgraphics actionroguelike fishing femaleprotagonist multiplayer roguelite pve singleplayer remoteplayontablet 2d action indie bullethell freetoplay topdownshooter basebuilding multipleendings topdown crafting retro robots
Tournament Ark,2022-12-18,0.4892366412165478,0.0,0,https://shared.akamai.steamstatic.com/store_item_assets/steam/apps/1666520/header.jpg?t=1732843658,0,"Single-player,Steam Achievements,Steam Cloud,Steam Leaderboards","Indie,Strategy,Free To Play","Deckbuilding,Card Battler,Card Game,Anime,Comedy,Parody,Rogue-lite,Strategy,Rogue-like,Character Customization,Turn-Based Strategy,2D,Hand-drawn,Funny,Turn-Based Tactics,Turn-Based Combat,Fantasy,Sci-fi,Singleplayer,Free to Play",3.38,https://store.steampowered.com/app/1666520/,0.0,0.9270614798467957,fantasy deckbuilding turnbasedtactics funny charactercustomization roguelite turnbasedcombat roguelike singleplayer anime 2d cardgame indie turnbasedstrategy freetoplay scifi parody handdrawn comedy strategy cardbattler
Accounting (Legacy),2016-10-18,0.6780830971139326,0.0,0,https://shared.akamai.steamstatic.com/store_item_assets/steam/apps/518580/header.jpg?t=1728164233,36,"Single-player,Tracked Controller Support,VR Only","Adventure,Indie","Indie,VR,Adventure,Comedy,Free to Play,Dark Humor,Funny,Horror,Singleplayer",9.55,https://store.steampowered.com/app/518580/,0.0,0.9270533745649672,singleplayer horror adventure indie vr funny comedy darkhumor controller freetoplay
GET OUT!,2021-03-02,0.6330768564718121,0.0,0,https://shared.akamai.steamstatic.com/store_item_assets/steam/apps/1548320/header.jpg?t=1667072730,0,Single-player,"Casual,Free To Play,Indie,Strategy","Puzzle,Point & Click,Cold War,Noir,Historical,Casual,Hand-drawn,Strategy,Clicker,Hidden Object,2D,Cinematic,Minimalist,Stylized,Alternate History,Conspiracy,Education,Free to Play,Investigation,Singleplayer",5.18,https://store.steampowered.com/app/1548320/,0.0,0.9270066011266592,casual hiddenobject education puzzle singleplayer minimalist conspiracy 2d noir stylized cinematic clicker indie coldwar freetoplay pointandclick investigation handdrawn historical strategy alternatehistory
家有大貓 Nekojishi,2017-11-12,0.6780830971139326,0.0,3,https://shared.akamai.steamstatic.com/store_item_assets/steam/apps/570840/header.jpg?t=1761909062,198,"Single-player,Steam Achievements","Indie,Free To Play","LGBTQ+,Visual Novel,Dating Sim,Sexual Content,Choices Matter,Cute,Romance,Multiple Endings,Nudity,Story Rich,Cats,Text-Based,Free to Play,Anime,Singleplayer,Atmospheric,Adventure,Modern,Memes,Indie",8.48,https://store.steampowered.com/app/570840/,0.0,0.9269719707559132,modern romance nudity storyrich adventure singleplayer anime visualnovel textbased datingsim indie freetoplay memes lgbtq+ choicesmatter cats sexualcontent cute multipleendings atmospheric
文字遊戯 第零章(日本語版),2023-07-13,0.5962588843196084,0.0,0,https://shared.akamai.steamstatic.com/store_item_assets/steam/apps/2324070/header.jpg?t=1754614693,52,Single-player,"Adventure,Indie,RPG","Indie,Minimalist,Pixel Graphics,RPG,Story Rich,Puzzle,Free to Play,Adventure,Choose Your Own Adventure,Text-Based,JRPG,Exploration,2D,Stylized,Noir,Dragons,Atmospheric,Magic,Grid-Based Movement,Narration",2.81,https://store.steampowered.com/app/2324070/,0.0,0.9269044716248191,pixelgraphics gridbasedmovement jrpg storyrich puzzle adventure minimalist narration 2d noir textbased stylized chooseyourownadventure dragons indie rpg freetoplay magic exploration singleplayer atmospheric
Drunken Wrestlers,2020-01-10,0.5962588843196084,0.0,0,https://shared.akamai.steamstatic.com/store_item_assets/steam/apps/1188720/header.jpg?t=1663599371,0,"Single-player,Multi-player,PvP,Shared/Split Screen PvP,Shared/Split Screen,Remote Play Together","Action,Casual,Free To Play,Indie,Simulation,Sports","Free to Play,Local Multiplayer,Simulation,Sports,Action,Casual,Indie,Funny,Physics,Fighting,Blood,Multiplayer",6.32,https://store.steampowered.com/app/1188720/,0.0,0.926717707756166,casual singleplayer localmultiplayer action multiplayer pvp remoteplaytogether physics indie fighting funny simulation freetoplay splitscreen sports sharedsplitscreenpvp blood
Coloring Game,2019-04-12,0.6780830971139326,0.0,5,https://shared.akamai.steamstatic.com/store_item_assets/steam/apps/1026820/header.jpg?t=1723721158,54,"Single-player,Steam Achievements,Steam Cloud","Casual,Indie,Free To Play","Free to Play,Relaxing,Pixel Graphics,Casual,Singleplayer,Indie,Colorful,2D,Design & Illustration,Family Friendly,Point & Click,Cozy,Funny,Great Soundtrack,Puzzle,Hand-drawn,Short",7.07,https://store.steampowered.com/app/1026820/,0.0,0.9266065563946048,casual pixelgraphics funny designandillustration relaxing greatsoundtrack puzzle familyfriendly singleplayer colorful 2d short indie freetoplay pointandclick handdrawn cozy
Tulip,2024-01-31,0.4892366412165478,0.0,0,https://shared.akamai.steamstatic.com/store_item_assets/steam/apps/2627550/header.jpg?t=1706721001,0,"Single-player,Full controller support","Adventure,Casual,Indie","Casual,Adventure,Cute,Hand-drawn,Story Rich,Puzzle,2D,Collectathon,Exploration,Cartoony,Indie,Colorful,Atmospheric,Emotional,Nature,Singleplayer,Linear,Free to Play",2.26,https://store.steampowered.com/app/2627550/,0.0,0.9265155150039438,casual controller emotional storyrich puzzle nature adventure singleplayer colorful cartoon 2d linear indie collectathon freetoplay exploration cute handdrawn atmospheric
Door Game Deluxe,2025-02-06,0.4892366412165478,0.0,0,https://shared.akamai.steamstatic.com/store_item_assets/steam/apps/3252920/header.jpg?t=1738902643,0,"Single-player,Steam Achievements","RPG,Free To Play","Comedy,RPG,Short,Multiple Endings,Text-Based,Satire,Philosophical,2D,Pixel Graphics,Immersive Sim,Free to Play,Top-Down,Choices Matter,Parody,Singleplayer,Funny",1.24,https://store.steampowered.com/app/3252920/,0.0,0.9264916476580988,philosophical singleplayer short choicesmatter pixelgraphics immersivesim rpg parody multipleendings textbased funny comedy 2d topdown freetoplay satire
Apocalypse Delivery Service,2024-06-18,0.4892366412165478,0.0,0,https://shared.akamai.steamstatic.com/store_item_assets/steam/apps/2992180/header.jpg?t=1738669205,0,Single-player,"Indie,Free To Play","Walking Simulator,Indie,Arcade,Post-apocalyptic,3D,Casual,Singleplayer,Free to Play",1.88,https://store.steampowered.com/app/2992180/,0.0,0.9263931025821718,singleplayer casual walkingsimulator indie arcade 3d freetoplay postapocalyptic
Tiny Toy Tanks,2020-11-20,0.4892366412165478,0.0,0,https://shared.akamai.steamstatic.com/store_item_assets/steam/apps/1452850/header.jpg?t=1627988529,0,Single-player,"Action,Casual,Free To Play,Indie,Strategy","Action,Casual,Strategy,Arcade,Shooter,Arena Shooter,Bullet Hell,Wargame,3D,Colorful,1980s,1990's,Military,Old School,War,World War I,World War II,Artificial Intelligence,Combat,Singleplayer",5.46,https://store.steampowered.com/app/1452850/,0.0,0.9262102101304848,casual war artificialintelligence combat worldwari singleplayer colorful arcade arenashooter action indie shooter bullethell 1990s 3d freetoplay wargame oldschool military worldwarii 1980s strategy
Disturbed,2016-10-03,0.6780830971139326,0.0,1,https://shared.akamai.steamstatic.com/store_item_assets/steam/apps/529780/header.jpg?t=1623356162,146,"Single-player,Full controller support","Adventure,Casual,Free To Play,Indie,Simulation","Free to Play,Horror,Adventure,Visual Novel,Simulation,Choose Your Own Adventure,Dark,Short,Atmospheric,Puzzle,Difficult,Interactive Fiction,Singleplayer,Point & Click,Fantasy,Psychological Horror,2D,Story Rich,Hand-drawn,First-Person",9.59,https://store.steampowered.com/app/529780/,0.0,0.9260269294993048,casual fantasy controller simulation interactivefiction storyrich puzzle adventure singleplayer visualnovel 2d short chooseyourownadventure psychologicalhorror indie dark freetoplay horror pointandclick firstperson handdrawn atmospheric difficult
Sisyphus Reborn,2016-09-05,0.5962588843196084,0.0,2,https://shared.akamai.steamstatic.com/store_item_assets/steam/apps/517910/header.jpg?t=1611526511,222407,"Single-player,Steam Achievements",Adventure,"Adventure,Free to Play,Philosophical,Atmospheric,Indie,Short,Singleplayer,Point & Click,2D,Great Soundtrack,Dark",9.66,https://store.steampowered.com/app/517910/,0.0,0.9259593304062668,philosophical singleplayer short pointandclick greatsoundtrack adventure indie atmospheric 2d dark freetoplay
Gravitational Phenomenon,2024-06-28,0.4892366412165478,0.0,0,https://shared.akamai.steamstatic.com/store_item_assets/steam/apps/3032640/header.jpg?t=1738669011,0,Single-player,"Indie,Free To Play","Precision Platformer,Indie,3D Platformer,Arcade,3D,Casual,Action,Singleplayer,Free to Play",1.85,https://store.steampowered.com/app/3032640/,0.0,0.9259128417341468,singleplayer casual 3dplatformer action indie precisionplatformer arcade 3d freetoplay
FEWAR-DVD,2021-12-31,0.4892366412165478,0.0,0,https://shared.akamai.steamstatic.com/store_item_assets/steam/apps/1769510/header.jpg?t=1691493223,0,"Single-player,Steam Achievements,Full controller support,Steam Cloud",Indie,"Arcade,Action Roguelike,Action,Procedural Generation,Dungeon Crawler,Rogue-lite,Psychedelic,2.5D,Indie,Controller,Singleplayer",4.34,https://store.steampowered.com/app/1769510/,0.0,0.92590316301694,2.5d singleplayer controller action indie actionroguelike psychedelic arcade proceduralgeneration roguelite dungeoncrawler
Hare Apparent,2022-04-04,0.5557766305439302,0.0,0,https://shared.akamai.steamstatic.com/store_item_assets/steam/apps/1939500/header.jpg?t=1649057666,0,Single-player,"Casual,Indie,RPG","Casual,RPG,Interactive Fiction,Choose Your Own Adventure,2D,Colorful,Minimalist,Text-Based,Atmospheric,Diplomacy,Fantasy,Lore-Rich,Political,Choices Matter,Conversation,Multiple Endings,Story Rich,Singleplayer,Indie,Free to Play",4.09,https://store.steampowered.com/app/1939500/,0.0,0.9258898021790573,casual fantasy interactivefiction storyrich diplomacy political singleplayer conversation minimalist colorful 2d textbased lorerich chooseyourownadventure indie rpg freetoplay choicesmatter multipleendings atmospheric
Pink Hour,2015-10-28,0.6330768564718121,0.0,0,https://shared.akamai.steamstatic.com/store_item_assets/steam/apps/409670/header.jpg?t=1729065126,25,"Single-player,Full controller support,Steam Cloud","Action,Indie,Free To Play","Free to Play,Indie,Pixel Graphics,Action,Platformer,2D,Female Protagonist,Singleplayer,Cute,Short,Shooter,Great Soundtrack,Controller,Fantasy,Difficult,Side Scroller",10.52,https://store.steampowered.com/app/409670/,0.0,0.925665265634602,fantasy controller pixelgraphics femaleprotagonist greatsoundtrack singleplayer 2d short action sidescroller indie shooter freetoplay platformer cute difficult
Inline,2018-06-01,0.4892366412165478,0.0,0,https://shared.akamai.steamstatic.com/store_item_assets/steam/apps/716010/header.jpg?t=1698319952,49,"Single-player,Steam Achievements,Steam Cloud,Stats","Casual,Indie,Strategy","Casual,Indie,Strategy,Puzzle,Relaxing,Singleplayer,Minimalist,2D,Abstract,Family Friendly,Mouse only,Atmospheric",7.93,https://store.steampowered.com/app/716010/,0.0,0.9255834592941294,casual singleplayer puzzle familyfriendly abstract indie stats minimalist mouseonly relaxing atmospheric 2d strategy
Letter Quest: Grimm's Journey,2014-11-20,0.5962588843196084,0.0,0,https://shared.akamai.steamstatic.com/store_item_assets/steam/apps/328730/header.jpg?t=1593028821,233,"Single-player,Steam Achievements,Steam Trading Cards,Steam Cloud,Steam Leaderboards,Family Sharing","Casual,Indie","Casual,Indie,Word Game,Puzzle,Touch-Friendly,Singleplayer,RPG,Spelling,Typing",11.46,https://store.steampowered.com/app/328730/,0.0,0.9255709263038784,casual singleplayer typing puzzle wordgame indie rpg touchfriendly spelling
Football Manager 2022,2021-11-09,0.8003907929561015,0.0,1,https://shared.akamai.steamstatic.com/store_item_assets/steam/apps/1569040/header.jpg?t=1700159808,11839,"Single-player,Multi-player,Steam Achievements,Steam Cloud,Family Sharing","Simulation,Sports","Sports,Management,Football (Soccer),Simulation,Football (American),Real Time Tactics,Strategy,Multiplayer,e-sports,2D,Character Customization,3D,Singleplayer,Text-Based",4.49,https://store.steampowered.com/app/1569040/,0.0,0.9253547738808514,esports football(soccer) simulation charactercustomization multiplayer singleplayer 2d textbased sports realtimetactics football(american) 3d management strategy
그랑 엠파이어,2021-01-10,0.4892366412165478,0.0,0,https://shared.akamai.steamstatic.com/store_item_assets/steam/apps/1504760/header.jpg?t=1670333802,0,Single-player,"Indie,Simulation,Strategy","Simulation,Dating Sim,Visual Novel,Cute,Romance,2D,Fantasy,Multiple Endings,Story Rich,Turn-Based Strategy,Cartoony,Anime,Management,Family Friendly,Choices Matter,Text-Based,Singleplayer,Indie,Casual,Foreign",5.32,https://store.steampowered.com/app/1504760/,0.0,0.925198693690469,casual fantasy romance simulation storyrich familyfriendly singleplayer anime visualnovel cartoon 2d textbased foreign datingsim indie turnbasedstrategy choicesmatter management cute multipleendings strategy
Mansions of Madness,2016-08-01,0.6780830971139326,0.0,4,https://shared.akamai.steamstatic.com/store_item_assets/steam/apps/478980/header.jpg?t=1746672312,521,"Single-player,Multi-player,Co-op,Shared/Split Screen,Remote Play Together","Adventure,Strategy","Adventure,Strategy,Board Game,Lovecraftian,Free to Play,Card Game,Horror,Co-op,Tabletop,Multiplayer",9.76,https://store.steampowered.com/app/478980/,0.0,0.9251806953140056,tabletop singleplayer horror multiplayer lovecraftian remoteplaytogether adventure boardgame coop strategy splitscreen cardgame freetoplay
Swarm,2020-06-12,0.5557766305439302,0.0,0,https://shared.akamai.steamstatic.com/store_item_assets/steam/apps/1311640/header.jpg?t=1591974135,0,"Single-player,Steam Achievements,Full controller support","Action,Free To Play,Indie","Free to Play,Action,Indie,Difficult,Music,Rhythm,Great Soundtrack,Singleplayer,Short,Controller,Replay Value,Score Attack",5.9,https://store.steampowered.com/app/1311640/,0.0,0.924880459299076,singleplayer short greatsoundtrack controller action replayvalue indie music rhythm scoreattack freetoplay difficult
Duel of games,2024-03-28,0.5557766305439302,0.0,0,https://shared.akamai.steamstatic.com/store_item_assets/steam/apps/2859870/header.jpg?t=1763199524,0,"Single-player,Multi-player,PvP,Shared/Split Screen PvP,Shared/Split Screen,Remote Play Together","Action,Indie,Free To Play","Spectacle fighter,PvP,2D Fighter,Arcade,2D,Action,Isometric,Relaxing,Abstract,Minimalist,Stylized,1980s,1990's,Retro,Memes,Multiplayer,Singleplayer,Free to Play,Indie",2.11,https://store.steampowered.com/app/2859870/,0.0,0.9248740402810642,pvp abstract relaxing multiplayer remoteplaytogether singleplayer minimalist arcade 2d sharedsplitscreenpvp stylized action indie isometric 1990s freetoplay splitscreen memes spectaclefighter 2dfighter 1980s retro
Teenage Blob: Paperperson - The First Single,2020-09-17,0.4892366412165478,0.0,0,https://shared.akamai.steamstatic.com/store_item_assets/steam/apps/1361240/header.jpg?t=1622272662,0,"Single-player,Steam Achievements,Full controller support","Adventure,Casual,Free To Play,Indie,RPG,Simulation,Sports","Short,Hand-drawn,Cartoony,Colorful,1990's,Surreal,Cute,Casual,Stylized,Funny,Psychedelic,Arcade,Abstract,Cartoon,Comic Book,Atmospheric,Cycling,Emotional,Comedy,Dog",5.63,https://store.steampowered.com/app/1361240/,0.0,0.9248740402810642,casual controller abstract surreal psychedelic funny simulation cycling emotional adventure colorful cartoon arcade sports stylized short indie rpg 1990s freetoplay singleplayer dog handdrawn cute atmospheric comedy comicbook
Office Dreaming,2024-06-06,0.4892366412165478,0.0,0,https://shared.akamai.steamstatic.com/store_item_assets/steam/apps/2995550/header.jpg?t=1738669039,0,Single-player,"Casual,Indie,Free To Play","Hidden Object,Casual,Indie,Puzzle,Point & Click,Arcade,3D,Isometric,Relaxing,Free to Play,Singleplayer",1.91,https://store.steampowered.com/app/2995550/,0.0,0.924727447201893,casual singleplayer pointandclick puzzle indie isometric relaxing arcade 3d freetoplay hiddenobject
Find You,2017-09-04,0.5962588843196084,0.0,0,https://shared.akamai.steamstatic.com/store_item_assets/steam/apps/672730/header.jpg?t=1731679586,230,"Single-player,Steam Achievements,Full controller support,Steam Cloud,Includes level editor","Casual,Indie,Free To Play","Casual,Puzzle-Platformer,Difficult,Level Editor,Free to Play,Singleplayer,Precision Platformer,2D Platformer,Puzzle,Colorful,Minimalist,Old School,2D,Platformer,Pixel Graphics,Logic,Retro,Linear,Indie,Horror",8.67,https://store.steampowered.com/app/672730/,0.0,0.924678491367474,casual controller pixelgraphics logic puzzle includesleveleditor singleplayer minimalist colorful 2d linear indie 2dplatformer freetoplay puzzleplatformer horror platformer leveleditor oldschool precisionplatformer retro difficult
Shakes and Fidget,2016-02-24,0.755384370197392,0.0,0,https://shared.akamai.steamstatic.com/store_item_assets/steam/apps/438040/e689d0af4179bf18f949a55a0c844bcdc5c984b3/header_alt_assets_1.jpg?t=1765820942,538,"Single-player,Multi-player,MMO,Cross-Platform Multiplayer,Steam Trading Cards,In-App Purchases,Camera Comfort,Custom Volume Controls,Mouse Only Option","Adventure,Casual,Indie,Massively Multiplayer,RPG,Strategy,Free To Play","Free to Play,RPG,Massively Multiplayer,Casual,Multiplayer,Adventure,Strategy,Clicker,MMORPG,Character Customization,Fantasy,Indie,Comedy,Medieval,Singleplayer,Funny,Classic,Dark Humor,Story Rich,Cult Classic",10.2,https://store.steampowered.com/app/438040/,0.0,0.9246063095874382,casual fantasy funny inapppurchases massivelymultiplayer multiplayer charactercustomization customvolumecontrols medieval storyrich adventure singleplayer classic clicker indie rpg darkhumor freetoplay mouseonly mmorpg cultclassic mmo crossplatformmultiplayer comedy strategy
星帷之瓣,2020-12-24,0.4892366412165478,0.0,1,https://shared.akamai.steamstatic.com/store_item_assets/steam/apps/1494920/header.jpg?t=1664982061,0,"Single-player,Partial Controller Support","Adventure,Free To Play,Indie,RPG","RPG,Adventure,2D,Indie,Story Rich,Turn-Based Combat,Multiple Endings,Fantasy,Free to Play,Singleplayer,RPGMaker",5.36,https://store.steampowered.com/app/1494920/,0.0,0.9243972540840472,storyrich singleplayer fantasy turnbasedcombat adventure indie rpg multipleendings rpgmaker controller 2d freetoplay
Talesshop Puzzle,2019-10-06,0.5557766305439302,0.0,5,https://shared.akamai.steamstatic.com/store_item_assets/steam/apps/1161160/header.jpg?t=1754374674,62,"Single-player,Steam Achievements,Steam Cloud","Casual,Indie,Free To Play","Casual,Free to Play,Indie,Puzzle,Anime",6.58,https://store.steampowered.com/app/1161160/,0.0,0.9243777705364186,casual singleplayer puzzle indie anime freetoplay
SC2VN - The eSports Visual Novel,2015-09-22,0.6330768564718121,0.0,0,https://shared.akamai.steamstatic.com/store_item_assets/steam/apps/404480/header.jpg?t=1560647315,428,Single-player,"Adventure,Casual,Free To Play,Indie,RPG,Simulation","Visual Novel,Anime,Free to Play,Indie,Casual,Simulation,Adventure,RPG,e-sports,Nudity,Memes",10.62,https://store.steampowered.com/app/404480/,0.0,0.9242770021667464,casual singleplayer esports adventure indie rpg anime visualnovel simulation freetoplay memes nudity
Voices from the Sea,2015-03-24,0.6330768564718121,0.0,2,https://shared.akamai.steamstatic.com/store_item_assets/steam/apps/348620/header.jpg?t=1709536361,111,"Single-player,Family Sharing","Adventure,Casual,Indie,Free To Play","Free to Play,Visual Novel,Anime,Casual,Indie,Adventure,Cute,Singleplayer,Fantasy,Family Friendly,Supernatural,Story Rich,Linear,Atmospheric,Interactive Fiction,Crowdfunded,Funny,Comedy,Point & Click,Choose Your Own Adventure",11.12,https://store.steampowered.com/app/348620/,0.0,0.9242662457975148,casual fantasy supernatural crowdfunded funny storyrich interactivefiction familyfriendly adventure singleplayer anime visualnovel chooseyourownadventure linear indie freetoplay pointandclick cute atmospheric comedy
Griptape Backbone,2017-05-05,0.5557766305439302,0.0,0,https://shared.akamai.steamstatic.com/store_item_assets/steam/apps/581120/header.jpg?t=1568871954,94,Single-player,Indie,"Indie,Great Soundtrack,Skateboarding,Atmospheric,Open World,Experience,Relaxing,Memes,Free to Play",9.0,https://store.steampowered.com/app/581120/,0.0,0.9241856114450968,singleplayer greatsoundtrack indie atmospheric experience relaxing skateboarding memes openworld freetoplay
Sam & Dan: Floaty Flatmates,2018-12-12,0.6780830971139326,0.0,5,https://shared.akamai.steamstatic.com/store_item_assets/steam/apps/978270/header.jpg?t=1572624746,0,"Multi-player,PvP,Online PvP,Co-op,Online Co-op,Tracked Controller Support,VR Only","Action,Adventure,Free To Play,Indie,Strategy","VR,Multiplayer,Free to Play,Co-op,Adventure,Strategy,Indie,Action,Comedy",7.4,https://store.steampowered.com/app/978270/,0.0,0.9240269287343336,onlinepvp controller action multiplayer pvp adventure coop indie vr comedy freetoplay strategy
Google Spotlight Stories: Back to the Moon,2018-05-02,0.5557766305439302,0.0,0,https://shared.akamai.steamstatic.com/store_item_assets/steam/apps/832080/header.jpg?t=1525279571,0,"Single-player,VR Only","Adventure,Free To Play","Free to Play,Adventure,VR",8.01,https://store.steampowered.com/app/832080/,0.0,0.9239815672454592,singleplayer adventure vr freetoplay
Antenna Dilemma: Prologue,2019-04-24,0.5962588843196084,0.0,2,https://shared.akamai.steamstatic.com/store_item_assets/steam/apps/1027990/header.jpg?t=1755107568,0,"Single-player,Steam Achievements","Adventure,Indie","Adventure,Indie,Point & Click,2D,Singleplayer,Comedy,Pixel Graphics,Funny,Puzzle,Retro,Great Soundtrack,Free to Play,Casual,Classic,Story Rich,Short",7.03,https://store.steampowered.com/app/1027990/,0.0,0.9239778641931732,storyrich singleplayer casual short pointandclick greatsoundtrack puzzle pixelgraphics adventure indie funny comedy 2d freetoplay retro classic
S.U.M. - Slay Uncool Monsters,2021-02-19,0.5557766305439302,0.0,7,https://shared.akamai.steamstatic.com/store_item_assets/steam/apps/1476430/header.jpg?t=1739387662,0,"Single-player,Steam Achievements,Full controller support,Steam Cloud,Steam Leaderboards","Casual,Indie,Free To Play","Education,Free to Play,Puzzle,Logic,Score Attack,Pixel Graphics,Family Friendly,Casual,Retro,2D,Arcade,Singleplayer,Funny,Dark Fantasy,Indie",5.21,https://store.steampowered.com/app/1476430/,0.0,0.9239395393349108,casual controller pixelgraphics logic funny education puzzle familyfriendly singleplayer scoreattack 2d arcade indie freetoplay darkfantasy retro
Not For Broadcast: Prologue,2019-12-11,0.6330768564718121,0.0,0,https://shared.akamai.steamstatic.com/store_item_assets/steam/apps/1201400/header.jpg?t=1728650474,31,Single-player,"Indie,Simulation","Time Management,Politics,Political,Management,FPS,Funny,Political Sim,FMV,Choices Matter,Dark Comedy,Story Rich,Simulation,Comedy,Satire,1980s,Singleplayer,Indie,Free to Play,Nudity,Early Access",6.4,https://store.steampowered.com/app/1201400/,0.0,0.9237479515668884,funny simulation timemanagement politicalsim nudity storyrich political singleplayer satire fps indie earlyaccess freetoplay choicesmatter darkcomedy management comedy 1980s fmv
Pandemic Love,2021-04-27,0.5557766305439302,0.0,1,https://shared.akamai.steamstatic.com/store_item_assets/steam/apps/1558900/header.jpg?t=1619542345,0,Single-player,"Free To Play,Indie,Simulation","Simulation,Dating Sim,Visual Novel,Choose Your Own Adventure,2D,Anime,Hand-drawn,Cartoony,Atmospheric,Drama,Emotional,Dark,Modern,Psychological,Romance,Narration,Story Rich,Multiple Endings,Text-Based,Choices Matter",5.02,https://store.steampowered.com/app/1558900/,0.0,0.9236138211628075,modern romance simulation emotional storyrich anime visualnovel cartoon 2d psychological narration textbased datingsim chooseyourownadventure drama indie dark freetoplay singleplayer choicesmatter handdrawn multipleendings atmospheric
Black Myth: Wukong Benchmark Tool,2024-08-12,0.8003907929561015,0.0,0,https://shared.akamai.steamstatic.com/store_item_assets/steam/apps/3132990/header.jpg?t=1723513926,0,Single-player,"Free To Play,Utilities","Free to Play,Utilities,Benchmark,Mythology,3D,Action,Atmospheric,Combat,Adventure,FPS,Fantasy,Dark Fantasy,Singleplayer,Souls-like,Story Rich,Horror",1.73,https://store.steampowered.com/app/3132990/,0.0,0.92357838084367,storyrich singleplayer horror utilities fps fantasy action mythology adventure atmospheric 3d freetoplay soulslike darkfantasy combat
Hotline Miami 2: Wrong Number Digital Comic,2015-02-17,0.5962588843196084,0.0,0,https://shared.akamai.steamstatic.com/store_item_assets/steam/apps/341190/header.jpg?t=1451942458,22,Single-player,,"Comic Book,Indie",11.21,https://store.steampowered.com/app/341190/,0.0,0.9234383544699348,singleplayer indie comicbook
Stones of Solace,2019-08-20,0.4892366412165478,0.0,0,https://shared.akamai.steamstatic.com/store_item_assets/steam/apps/1122880/header.jpg?t=1566314429,0,Single-player,Indie,"Indie,Free to Play,Relaxing,Minimalist,Atmospheric,Family Friendly",6.71,https://store.steampowered.com/app/1122880/,0.0,0.923400808026152,singleplayer familyfriendly indie minimalist relaxing atmospheric freetoplay
Way To Yaatra,2020-05-25,0.5557766305439302,0.0,0,https://shared.akamai.steamstatic.com/store_item_assets/steam/apps/1305730/header.jpg?t=1591643254,0,"Single-player,Steam Achievements,Full controller support","Adventure,Casual,Free To Play,Indie","Free to Play,Indie,Casual,Adventure,Platformer,2D,Singleplayer,2D Platformer,Puzzle-Platformer,Precision Platformer,Difficult",5.95,https://store.steampowered.com/app/1305730/,0.0,0.923400808026152,casual singleplayer platformer controller adventure indie 2dplatformer precisionplatformer 2d freetoplay puzzleplatformer difficult
Break Arcade Games Out,2019-09-20,0.4892366412165478,0.0,1,https://shared.akamai.steamstatic.com/store_item_assets/steam/apps/1145020/header.jpg?t=1615299897,0,Single-player,"Action,Casual,Free To Play,Indie","Free to Play,Action,Indie,Casual,Arcade",6.63,https://store.steampowered.com/app/1145020/,0.0,0.9233221070104516,casual singleplayer action indie arcade freetoplay
Occupy White Walls,2022-07-08,0.6330768564718121,0.0,0,https://shared.akamai.steamstatic.com/store_item_assets/steam/apps/876160/header.jpg?t=1730299084,0,"Single-player,Multi-player,MMO,Co-op,Online Co-op,Steam Cloud","Casual,Indie,Massively Multiplayer,Simulation,Free To Play","Building,Sandbox,Simulation,Free to Play,Relaxing,Multiplayer,Atmospheric,Education,Massively Multiplayer,Immersive,First-Person,Online Co-Op,Open World,Colorful,Exploration,Realistic,3D,Immersive Sim,Experimental,Walking Simulator",3.83,https://store.steampowered.com/app/876160/,0.0,0.9232378556164093,casual walkingsimulator relaxing building simulation massivelymultiplayer multiplayer openworld education immersivesim realistic colorful immersive indie sandbox coop 3d freetoplay exploration singleplayer firstperson mmo atmospheric experimental
Sunrider: Mask of Arcadius,2014-07-09,0.7185660793429937,0.0,0,https://shared.akamai.steamstatic.com/store_item_assets/steam/apps/313730/header.jpg?t=1751916748,199,Single-player,"Indie,RPG,Strategy,Free To Play","Anime,Visual Novel,Free to Play,Turn-Based Strategy,Mechs,Strategy,Space,Nudity,Sci-fi,Turn-Based,RPG,Singleplayer,Indie,Great Soundtrack,Story Rich,Tactical,Hex Grid,Action,Difficult,Romance",11.82,https://store.steampowered.com/app/313730/,0.0,0.9231233169237134,mechs turnbased tactical romance nudity storyrich greatsoundtrack singleplayer anime visualnovel action indie rpg turnbasedstrategy freetoplay hexgrid scifi space strategy difficult
The King's Request: Physiology and Anatomy Revision Game,2018-06-24,0.5557766305439302,0.0,0,https://shared.akamai.steamstatic.com/store_item_assets/steam/apps/873230/header.jpg?t=1533675601,0,"Single-player,Captions available","Adventure,Casual,Free To Play,RPG","Adventure,RPG,Free to Play,RPGMaker,Casual,Education,Science,Fantasy,Funny,Steam Machine",7.87,https://store.steampowered.com/app/873230/,0.0,0.92294615454672,casual singleplayer science fantasy adventure rpg funny rpgmaker freetoplay education
Ho-Ho-Home Invasion,2020-12-15,0.4892366412165478,0.0,8,https://shared.akamai.steamstatic.com/store_item_assets/steam/apps/1482830/header.jpg?t=1693868013,0,"Single-player,Steam Achievements,Full controller support,Steam Cloud,Stats,Steam Leaderboards","Action,Indie,Free To Play","Free to Play,Stealth,Indie,Action,Short,Top-Down,Family Friendly,Quick-Time Events,3D,3D Platformer,Tactical,Puzzle-Platformer,Platformer,Funny,Satire,Singleplayer,Cartoon,Cartoony,Cute,Robots",5.39,https://store.steampowered.com/app/1482830/,0.0,0.9228957844461972,3dplatformer controller tactical funny familyfriendly singleplayer cartoon satire short action indie stats 3d puzzleplatformer freetoplay stealth platformer cute quicktimeevents topdown robots
Endless Sky,2015-10-30,0.755384370197392,0.0,1,https://shared.akamai.steamstatic.com/store_item_assets/steam/apps/404410/header.jpg?t=1740262924,93,"Single-player,Steam Cloud","Action,Adventure,Indie,RPG,Simulation,Free To Play","Space,Free to Play,Open World,Singleplayer,Sci-fi,Simulation,2D,Adventure,RPG,Trading,Action,Exploration,Space Sim,Indie,Sandbox,Economy,Top-Down,Strategy,Casual,Story Rich",10.52,https://store.steampowered.com/app/404410/,0.0,0.9228883945479478,casual spacesim simulation openworld storyrich adventure singleplayer 2d trading action economy indie rpg sandbox freetoplay exploration scifi space topdown strategy
Easy Bug Manager,2020-02-06,0.5557766305439302,0.0,1,https://shared.akamai.steamstatic.com/store_item_assets/steam/apps/1175080/header.jpg?t=1581228904,0,,"Utilities,Game Development","Utilities,Game Development,Software,Cute",6.25,https://store.steampowered.com/app/1175080/,0.0,0.922782300002851,cute software utilities gamedevelopment
A Bewitching Revolution,2019-04-09,0.5557766305439302,0.0,0,https://shared.akamai.steamstatic.com/store_item_assets/steam/apps/968500/header.jpg?t=1641106813,0,Single-player,Indie,"Indie,Free to Play,Adventure,Political,Singleplayer,Magic,Cyberpunk",7.07,https://store.steampowered.com/app/968500/,0.0,0.9227687869308104,cyberpunk singleplayer political adventure indie freetoplay magic
NEKOPALIVE,2016-05-31,0.6780830971139326,0.0,0,https://shared.akamai.steamstatic.com/store_item_assets/steam/apps/469990/header.jpg?t=1677887085,31,"Single-player,Tracked Controller Support,VR Supported,Partial Controller Support","Casual,Free To Play","Anime,Free to Play,VR,Cute,Sexual Content,Music,Casual,Mature,Singleplayer,Cats,Hentai,Great Soundtrack,Visual Novel,First-Person,World War II",9.93,https://store.steampowered.com/app/469990/,0.0,0.9226998867382696,casual vr controller greatsoundtrack singleplayer anime visualnovel mature music freetoplay cats firstperson sexualcontent cute worldwarii hentai
The Plan,2014-02-14,0.7185660793429937,0.0,0,https://shared.akamai.steamstatic.com/store_item_assets/steam/apps/250600/header.jpg?t=1667300001,11,"Single-player,Steam Achievements,Partial Controller Support","Casual,Free To Play,Indie","Free to Play,Indie,Atmospheric,Short,Casual,Singleplayer,Simulation,Beautiful,Great Soundtrack,Exploration,Music,Adventure,Experimental,Emotional,Flight,Relaxing,2D,Nature,Walking Simulator,Funny",12.22,https://store.steampowered.com/app/250600/,0.0,0.9226461821642088,casual walkingsimulator beautiful funny relaxing controller simulation flight emotional greatsoundtrack nature adventure singleplayer 2d short indie music freetoplay exploration atmospheric experimental
The Lion's Song: Episode 1 - Silence,2016-07-07,0.6780830971139326,0.0,4,https://shared.akamai.steamstatic.com/store_item_assets/steam/apps/437160/header.jpg?t=1725041691,167,"Single-player,Steam Achievements,Steam Trading Cards,Stats","Adventure,Indie","Indie,Adventure,Choices Matter,Pixel Graphics,Point & Click,Story Rich,Episodic,Great Soundtrack,Female Protagonist,Visual Novel,Free to Play,Atmospheric,Music,Singleplayer,2D,Casual,Historical,Puzzle,LGBTQ+",9.83,https://store.steampowered.com/app/437160/,0.0,0.9225823668164512,casual pixelgraphics femaleprotagonist storyrich greatsoundtrack puzzle adventure singleplayer visualnovel 2d indie stats music freetoplay episodic lgbtq+ pointandclick choicesmatter atmospheric historical
Square Game,2020-09-25,0.4892366412165478,0.0,0,https://shared.akamai.steamstatic.com/store_item_assets/steam/apps/1411030/header.jpg?t=1601504195,0,"Single-player,Steam Achievements,Stats,Steam Leaderboards","Casual,Free To Play,Indie","Arcade,Casual,2D,Puzzle,Singleplayer,Psychedelic,Colorful,Minimalist,Grid-Based Movement,Free to Play,Indie,Score Attack,Solitaire,Isometric,Time Management",5.61,https://store.steampowered.com/app/1411030/,0.0,0.9225211568235596,casual gridbasedmovement psychedelic timemanagement puzzle singleplayer minimalist colorful arcade 2d scoreattack solitaire indie stats isometric freetoplay
SaGaS,2024-02-05,0.4892366412165478,0.0,0,https://shared.akamai.steamstatic.com/store_item_assets/steam/apps/2641710/header.jpg?t=1758023249,0,Single-player,"Casual,Indie,RPG","Casual,RPG,Interactive Fiction,Visual Novel,Puzzle,Puzzle-Platformer,Exploration,2D,Anime,Stylized,1990's,Retro,Psychological Horror,Horror,Thriller,Lovecraftian,Investigation,Story Rich,Multiple Endings,Linear",2.25,https://store.steampowered.com/app/2641710/,0.0,0.9225211568235596,casual interactivefiction storyrich puzzle anime visualnovel 2d stylized psychologicalhorror linear indie rpg 1990s thriller puzzleplatformer exploration horror singleplayer lovecraftian investigation multipleendings retro
Hello Neighbor Alpha 1,2019-10-12,0.6780830971139326,0.0,0,https://shared.akamai.steamstatic.com/store_item_assets/steam/apps/1092710/header.jpg?t=1726669709,58,Single-player,"Adventure,Indie,Strategy","Cartoony,Horror,Survival Horror,Investigation,3D Platformer,Sandbox,Stealth,Difficult,First-Person,3D,Story Rich,Detective,Puzzle,Surreal,Action,Procedural Generation,Physics,Thriller,Psychedelic,Mystery",6.57,https://store.steampowered.com/app/1092710/,0.0,0.9224299859151568,3dplatformer surreal psychedelic storyrich puzzle survivalhorror adventure cartoon proceduralgeneration action physics indie sandbox 3d thriller stealth horror mystery singleplayer firstperson investigation detective strategy difficult
Shrine II,2020-09-22,0.5962588843196084,0.0,0,https://shared.akamai.steamstatic.com/store_item_assets/steam/apps/1417010/header.jpg?t=1624815642,0,"Single-player,Partial Controller Support","Action,Free To Play,Indie","Action,FPS,Shooter,Arena Shooter,Free to Play,3D,First-Person,Singleplayer,Gore,Violent,Retro,Combat,Indie,Boomer Shooter,Exploration,Pixel Graphics,Lovecraftian,Horror,Nudity",5.62,https://store.steampowered.com/app/1417010/,0.0,0.9223170200715398,pixelgraphics controller combat violent nudity singleplayer gore arenashooter fps action indie shooter 3d freetoplay exploration horror boomershooter lovecraftian firstperson retro
When the Darkness comes,2019-03-01,0.6780830971139326,0.0,0,https://shared.akamai.steamstatic.com/store_item_assets/steam/apps/1021950/header.jpg?t=1671305726,85,"Single-player,Steam Achievements","Adventure,Free To Play,Indie","Psychological Horror,Free to Play,Walking Simulator,Indie,First-Person,Horror,Dynamic Narration,Narration,Adventure,Atmospheric,Dark,Story Rich,Psychological,Singleplayer,Choices Matter,Emotional,Perma Death,Puzzle,Surreal,Philosophical",7.18,https://store.steampowered.com/app/1021950/,0.0,0.9223159392981896,walkingsimulator surreal emotional storyrich puzzle permadeath adventure singleplayer narration psychological psychologicalhorror indie dark freetoplay horror philosophical choicesmatter firstperson dynamicnarration atmospheric
Kiki & Ana - The Child,2021-03-13,0.4892366412165478,0.0,0,https://shared.akamai.steamstatic.com/store_item_assets/steam/apps/1506820/header.jpg?t=1712962229,0,Single-player,"RPG,Free To Play","Cute,Emotional,RPGMaker,Story Rich,Visual Novel,Anime,Pixel Graphics,Hand-drawn,Female Protagonist,2D,Singleplayer,RPG,Horror,Psychological Horror,Multiple Endings,Gore,Adventure,Choices Matter,Indie,Dark",5.15,https://store.steampowered.com/app/1506820/,0.0,0.9221382490762652,pixelgraphics femaleprotagonist emotional storyrich adventure singleplayer anime gore rpgmaker visualnovel 2d psychologicalhorror indie rpg dark freetoplay horror choicesmatter cute handdrawn multipleendings
Legend of Keepers: Prologue,2019-10-10,0.5962588843196084,0.0,0,https://shared.akamai.steamstatic.com/store_item_assets/steam/apps/1151080/header.jpg?t=1636728160,110,"Single-player,Steam Achievements,Steam Cloud,Steam Leaderboards","Free To Play,Indie,RPG,Strategy","Turn-Based Combat,Dungeon Crawler,Rogue-like,RPG,Rogue-lite,Pixel Graphics,Turn-Based,Villain Protagonist,2D,Difficult,Dark Fantasy,Lovecraftian,Singleplayer,Free to Play,Management,Perma Death,Dark,Early Access,Gothic,Indie",6.57,https://store.steampowered.com/app/1151080/,0.0,0.9219658800085172,pixelgraphics turnbased gothic roguelite turnbasedcombat roguelike permadeath singleplayer 2d indie rpg earlyaccess dark freetoplay villainprotagonist darkfantasy lovecraftian management strategy difficult dungeoncrawler
Taphouse VR,2018-09-27,0.5962588843196084,0.0,2,https://shared.akamai.steamstatic.com/store_item_assets/steam/apps/591680/header.jpg?t=1761612852,38,"Single-player,Steam Achievements,Tracked Controller Support,VR Only,Steam Trading Cards,Steam Leaderboards","Indie,Simulation","Simulation,Indie,VR,Physics,Casual,Funny,Addictive,Free to Play,Arcade,Management,FPS,Cartoony,3D,Colorful,Comedy,Dark Humor,Education,Relaxing,Score Attack,Singleplayer",7.61,https://store.steampowered.com/app/591680/,0.0,0.9218043329510982,casual funny addictive relaxing simulation controller education singleplayer vr colorful arcade cartoon scoreattack fps physics indie darkhumor 3d freetoplay management comedy
Ord.,2019-06-05,0.5557766305439302,0.0,0,https://shared.akamai.steamstatic.com/store_item_assets/steam/apps/1079000/header.jpg?t=1734097829,74,"Single-player,Steam Achievements,Steam Workshop","Adventure,Casual,Indie,RPG,Strategy,Free To Play","Adventure,Indie,Casual,RPG,Strategy,Text-Based,Minimalist,Singleplayer,Story Rich,Experience,Fantasy,Experimental,Perma Death,Free to Play,Turn-Based,Atmospheric,Rogue-like,Narrative,Choices Matter",6.92,https://store.steampowered.com/app/1079000/,0.0,0.9217376245977285,casual fantasy turnbased narrative storyrich permadeath roguelike adventure singleplayer minimalist experience textbased indie rpg freetoplay choicesmatter atmospheric experimental strategy
The Dawn of Art,2020-02-24,0.5557766305439302,0.0,0,https://shared.akamai.steamstatic.com/store_item_assets/steam/apps/1236560/header.jpg?t=1618494111,0,"Single-player,Tracked Controller Support,VR Only","Adventure,Free To Play,Indie","Free to Play,Adventure,Indie,VR,Experience,Dynamic Narration",6.2,https://store.steampowered.com/app/1236560/,0.0,0.9214615879761812,singleplayer controller adventure indie vr dynamicnarration experience freetoplay
Penny Black,2018-05-17,0.4892366412165478,0.0,0,https://shared.akamai.steamstatic.com/store_item_assets/steam/apps/839240/header.jpg?t=1526542810,46,Single-player,"Free To Play,Indie","Free to Play,Indie,Text-Based,Dating Sim",7.97,https://store.steampowered.com/app/839240/,0.0,0.92141056916109,singleplayer datingsim indie textbased freetoplay
DOOM Eternal: idStudio,2024-08-08,0.4892366412165478,0.0,0,https://shared.akamai.steamstatic.com/store_item_assets/steam/apps/2545650/header.jpg?t=1723157009,0,Single-player,Free To Play,"Utilities,Mod,Free to Play,Moddable",1.74,https://store.steampowered.com/app/2545650/,0.0,0.92141056916109,singleplayer utilities freetoplay moddable mod
大科学家,2025-01-12,0.5557766305439302,0.0,0,https://shared.akamai.steamstatic.com/store_item_assets/steam/apps/2403340/header.jpg?t=1737302327,0,"Single-player,Steam Cloud","Adventure,Casual,Indie,RPG,Free To Play","RPG,Visual Novel,Interactive Fiction,JRPG,Casual,2D,2D Platformer,Anime,Cartoon,Cartoony,Drama,Post-apocalyptic,Mystery,Lore-Rich,Crafting,Story Rich,Turn-Based Combat,Multiple Endings,Singleplayer,Free to Play",1.31,https://store.steampowered.com/app/2403340/,0.0,0.9213287645309256,casual jrpg postapocalyptic interactivefiction storyrich turnbasedcombat adventure singleplayer anime visualnovel cartoon 2d lorerich drama indie rpg 2dplatformer freetoplay mystery multipleendings crafting
Soulscape,2019-07-26,0.4892366412165478,0.0,0,https://shared.akamai.steamstatic.com/store_item_assets/steam/apps/1098040/header.jpg?t=1564124679,0,Single-player,"Free To Play,RPG","Free to Play,RPG,RPGMaker",6.78,https://store.steampowered.com/app/1098040/,0.0,0.9212666232185112,freetoplay singleplayer rpgmaker rpg
The Bond,2018-10-30,0.5557766305439302,0.0,0,https://shared.akamai.steamstatic.com/store_item_assets/steam/apps/911250/header.jpg?t=1540997181,0,"Tracked Controller Support,VR Supported",Animation & Modeling,"Animation & Modeling,VR,Short,Experience,Fantasy,Feature Film",7.52,https://store.steampowered.com/app/911250/,0.0,0.9211231229425684,short vr fantasy animationandmodeling experience featurefilm controller
Who Am I: The Tale of Dorothy,2018-04-16,0.5557766305439302,0.0,0,https://shared.akamai.steamstatic.com/store_item_assets/steam/apps/821790/header.jpg?t=1577194988,194,"Single-player,Steam Achievements,Steam Cloud,Stats,Family Sharing","Adventure,Indie,Simulation","Indie,Adventure,Simulation,Choices Matter,Story Rich,Singleplayer,Female Protagonist,Atmospheric,2D,Point & Click,Choose Your Own Adventure,Replay Value,Beautiful,RPG,Multiple Endings,Difficult,Survival,Romance,Drama,Strategy",8.05,https://store.steampowered.com/app/821790/,0.0,0.9210154049356796,beautiful romance femaleprotagonist simulation storyrich replayvalue adventure singleplayer 2d survival chooseyourownadventure drama indie stats rpg pointandclick choicesmatter multipleendings atmospheric strategy difficult
The Saga of Nino's Transmigration (尼諾的異世界物語 ~ 光與影與各自的信仰 ~),2019-10-16,0.5557766305439302,0.0,0,https://shared.akamai.steamstatic.com/store_item_assets/steam/apps/1078960/header.jpg?t=1736698220,0,"Single-player,Steam Cloud","Adventure,Indie,RPG,Strategy,Free To Play","Free to Play,Strategy,Indie,Adventure,RPG,Anime",6.55,https://store.steampowered.com/app/1078960/,0.0,0.9209791328217264,singleplayer adventure indie rpg anime freetoplay strategy
Oats Studios - Volume 1 Assets,2017-06-14,0.5962588843196084,0.0,0,https://shared.akamai.steamstatic.com/store_item_assets/steam/apps/652150/header.jpg?t=1500057853,1,Single-player,"Violent,Gore,Action,Adventure,Casual,Indie,Simulation,Strategy,Video Production","Action,Short,Gore,Thriller,Violent,Indie,Video Production,Adventure,Simulation,Casual,Strategy,Sci-fi,Movie",8.89,https://store.steampowered.com/app/652150/,0.0,0.9208292906606408,violent casual singleplayer short scifi action thriller adventure indie gore movie simulation strategy
Mole Game,2020-01-31,0.4892366412165478,0.0,0,https://shared.akamai.steamstatic.com/store_item_assets/steam/apps/1158410/header.jpg?t=1645201485,0,Single-player,"Casual,Indie,Strategy","Indie,Casual,Strategy,Puzzle,Pixel Graphics,Singleplayer",6.26,https://store.steampowered.com/app/1158410/,0.0,0.9207193232613168,casual singleplayer puzzle pixelgraphics indie strategy
Descenso,2024-08-29,0.4892366412165478,0.0,0,https://shared.akamai.steamstatic.com/store_item_assets/steam/apps/3153620/header.jpg?t=1724959459,0,Single-player,"Adventure,Indie,Free To Play","Adventure,Action-Adventure,Shooter,Platformer,Side Scroller,Looter Shooter,Exploration,Metroidvania,2D Platformer,2D,Pixel Graphics,Cycling,Crime,Funny,Futuristic,Dark,Story Rich,Combat,Linear,Free to Play",1.68,https://store.steampowered.com/app/3153620/,0.0,0.9207193232613168,pixelgraphics funny actionadventure cycling crime lootershooter combat storyrich adventure 2d metroidvania sidescroller indie linear futuristic shooter 2dplatformer dark freetoplay exploration singleplayer platformer
Syzygy,2020-11-20,0.4892366412165478,0.0,0,https://shared.akamai.steamstatic.com/store_item_assets/steam/apps/1298020/header.jpg?t=1646919644,0,"Single-player,Partial Controller Support,Steam Cloud",Indie,"Puzzle,Sokoban,Nonlinear,Difficult,Surreal,Open World,Logic,Minimalist,Indie,Turn-Based,Philosophical,Mystery,Singleplayer,2D,Pixel Graphics,Retro,Hex Grid",5.46,https://store.steampowered.com/app/1298020/,0.0,0.9207193232613168,pixelgraphics turnbased surreal logic controller openworld sokoban puzzle singleplayer minimalist nonlinear 2d indie philosophical mystery hexgrid retro difficult
Beautycopter,2020-06-08,0.4892366412165478,0.0,0,https://shared.akamai.steamstatic.com/store_item_assets/steam/apps/1290200/header.jpg?t=1751298662,0,"Single-player,Steam Achievements","Adventure,Free To Play","Adventure,Flight,Exploration,Relaxing,Singleplayer,LGBTQ+,Casual,Interactive Fiction,2.5D,Atmospheric,Choices Matter,Conversation,Narration",5.91,https://store.steampowered.com/app/1290200/,0.0,0.9207193232613168,lgbtq+ singleplayer casual interactivefiction 2.5d choicesmatter adventure conversation relaxing atmospheric flight narration freetoplay exploration
WhiteClothes,2023-05-30,0.5962588843196084,0.0,0,https://shared.akamai.steamstatic.com/store_item_assets/steam/apps/1495940/header.jpg?t=1685458995,0,"Single-player,Steam Achievements,Partial Controller Support","Free To Play,Indie,RPG","RPG,Party-Based RPG,Cute,Tactical RPG,Turn-Based Tactics,Sexual Content,2D,Colorful,Free to Play,Fantasy,Magic,Indie,Singleplayer,Modern",2.93,https://store.steampowered.com/app/1495940/,0.0,0.9204546852579272,singleplayer tacticalrpg fantasy modern indie rpg partybasedrpg cute turnbasedtactics sexualcontent colorful controller 2d freetoplay magic
My Friend is a Raven,2020-01-04,0.5962588843196084,0.0,0,https://shared.akamai.steamstatic.com/store_item_assets/steam/apps/1215090/header.jpg?t=1726253171,33,Single-player,"Adventure,Casual,Indie,RPG,Free To Play","Free to Play,Horror,Indie,Adventure,Casual,RPG,Psychological Horror,Point & Click,Atmospheric,Dark,Puzzle,Hand-drawn,Story Rich,Dark Fantasy,Singleplayer,Surreal,2.5D,Gore,Exploration,Great Soundtrack",6.34,https://store.steampowered.com/app/1215090/,0.0,0.9202235536304324,casual surreal storyrich greatsoundtrack puzzle adventure singleplayer gore psychologicalhorror indie rpg dark freetoplay exploration darkfantasy horror 2.5d pointandclick handdrawn atmospheric
Everglow,2022-07-24,0.5557766305439302,0.0,2,https://shared.akamai.steamstatic.com/store_item_assets/steam/apps/1763150/header.jpg?t=1704959613,0,"Single-player,Steam Achievements,Steam Cloud","Adventure,Casual,Indie,Free To Play","Visual Novel,Adventure,Story Rich,Female Protagonist,Sci-fi,Mystery,Free to Play,2D,Hand-drawn,Casual,Indie,Singleplayer",3.78,https://store.steampowered.com/app/1763150/,0.0,0.9199136276213012,storyrich casual singleplayer mystery scifi adventure indie handdrawn visualnovel femaleprotagonist 2d freetoplay
The Pyramid Of Bones,2023-02-14,0.5557766305439302,0.0,0,https://shared.akamai.steamstatic.com/store_item_assets/steam/apps/2286020/header.jpg?t=1729244369,0,"Single-player,Multi-player,Co-op,Online Co-op","Action,Adventure,Free To Play,Indie","Top-Down Shooter,Hack and Slash,PvE,Shooter,Action-Adventure,Action,2D,Cute,Cartoony,Colorful,Time Travel,Zombies,Adventure,Score Attack,Combat,Co-op,Multiplayer,Online Co-Op,Singleplayer,Free to Play",3.22,https://store.steampowered.com/app/2286020/,0.0,0.9198351072770296,timetravel actionadventure multiplayer combat pve adventure singleplayer colorful cartoon 2d scoreattack zombies action indie shooter coop freetoplay topdownshooter cute hackandslash
Summon The DUDES!,2024-11-08,0.4892366412165478,0.0,0,https://shared.akamai.steamstatic.com/store_item_assets/steam/apps/3148080/header.jpg?t=1762308127,0,"Single-player,Steam Achievements,Steam Cloud","Casual,Indie,Free To Play","Casual,Puzzle,Platformer,2D Platformer,Linear,Singleplayer,Indie,2D",1.49,https://store.steampowered.com/app/3148080/,0.0,0.9198351072770296,casual singleplayer platformer puzzle linear indie 2dplatformer 2d freetoplay
Familia,2019-12-09,0.6330768564718121,0.0,0,https://shared.akamai.steamstatic.com/store_item_assets/steam/apps/1197520/header.jpg?t=1671183180,0,"Single-player,Steam Achievements,Full controller support,Stats","Adventure,Casual,Indie,RPG","RPGMaker,JRPG,RPG,Party-Based RPG,2D,Exploration,Dungeon Crawler,Martial Arts,Strategy RPG,Character Customization,Pixel Graphics,Fantasy,Action-Adventure,Ninja,Retro,1990's,Story Rich,Tactical RPG,Combat,Dragons",6.41,https://store.steampowered.com/app/1197520/,0.0,0.9198351072770296,casual fantasy controller pixelgraphics jrpg actionadventure charactercustomization combat storyrich adventure rpgmaker 2d tacticalrpg dragons strategyrpg indie rpg stats ninja 1990s exploration singleplayer partybasedrpg martialarts retro dungeoncrawler
雨鸦 - You are my sanctuary,2018-09-25,0.5962588843196084,0.0,0,https://shared.akamai.steamstatic.com/store_item_assets/steam/apps/938810/header.jpg?t=1698129097,0,"Single-player,Steam Achievements","Indie,RPG,Free To Play","RPG,Indie,RPGMaker,Free to Play,Puzzle,Story Rich,Horror,Pixel Graphics,Anime,Psychological Horror,Drama,Adventure,Visual Novel,Retro,Dark,Mystery,Foreign,Singleplayer,Hentai,Gore",7.61,https://store.steampowered.com/app/938810/,0.0,0.9198162206001372,pixelgraphics storyrich puzzle adventure singleplayer anime gore rpgmaker visualnovel foreign psychologicalhorror drama indie rpg dark freetoplay horror mystery hentai retro
SKYE,2020-06-18,0.6330768564718121,0.0,0,https://shared.akamai.steamstatic.com/store_item_assets/steam/apps/1214360/header.jpg?t=1598964327,0,"Single-player,Steam Achievements,Partial Controller Support","Adventure,Casual,Free To Play,Indie,Racing","Indie,Free to Play,Racing,Adventure,Flight,Relaxing,Casual,Exploration,Beautiful,Experience,Emotional,Early Access,Multiplayer,Singleplayer",5.88,https://store.steampowered.com/app/1214360/,0.0,0.919751833258097,casual singleplayer adventure beautiful indie multiplayer relaxing experience racing controller flight freetoplay earlyaccess exploration emotional
Farm Chores,2024-06-19,0.4892366412165478,0.0,0,https://shared.akamai.steamstatic.com/store_item_assets/steam/apps/3030550/header.jpg?t=1738668997,0,Single-player,"Casual,Indie,Free To Play","Hidden Object,Casual,Indie,Puzzle,Walking Simulator,3D,First-Person,Singleplayer,Free to Play",1.88,https://store.steampowered.com/app/3030550/,0.0,0.9193095418622994,casual singleplayer walkingsimulator puzzle firstperson indie 3d freetoplay hiddenobject
Something,2024-01-12,0.4892366412165478,0.0,0,https://shared.akamai.steamstatic.com/store_item_assets/steam/apps/2696520/header.jpg?t=1744129045,45,Single-player,"Action,Adventure,Casual,Free To Play","Psychological Horror,Hentai,Story Rich,Souls-like,Casual,Clicker,Minimalist,Singleplayer,Auto Battler,Faith,Difficult,Sexual Content,Action,Adventure,Horror,Family Friendly,NSFW,Nudity,LGBTQ+,Anime",2.31,https://store.steampowered.com/app/2696520/,0.0,0.9193095418622994,casual nudity storyrich familyfriendly adventure singleplayer anime minimalist soulslike psychologicalhorror nsfw action clicker freetoplay horror lgbtq+ autobattler sexualcontent hentai faith difficult
Quaver,2022-08-19,0.6780830971139326,0.0,0,https://shared.akamai.steamstatic.com/store_item_assets/steam/apps/980610/header.jpg?t=1728170196,0,"Single-player,Multi-player,PvP,Online PvP,Co-op,Shared/Split Screen Co-op,Shared/Split Screen,Steam Achievements,Steam Workshop,Includes level editor","Casual,Indie,Free To Play","Rhythm,Free to Play,Music,Indie,Casual,Competitive,Psychological Horror,Difficult,Great Soundtrack,Multiplayer,Level Editor,Anime,Early Access,Singleplayer,2D",3.71,https://store.steampowered.com/app/980610/,0.0,0.9191415001223906,casual sharedsplitscreencoop pvp multiplayer greatsoundtrack includesleveleditor singleplayer anime 2d psychologicalhorror indie music earlyaccess rhythm freetoplay splitscreen leveleditor onlinepvp competitive coop difficult
Mr.Mine,2020-09-30,0.7185660793429937,0.0,0,https://shared.akamai.steamstatic.com/store_item_assets/steam/apps/1397920/header.jpg?t=1765415958,377,"Single-player,Steam Achievements,Steam Trading Cards,In-App Purchases,Steam Cloud","Adventure,Casual,Indie,RPG,Simulation,Strategy,Free To Play","Idler,Clicker,Simulation,Strategy,Mining,Casual,Indie,2D,Pixel Graphics,Resource Management,Free to Play,Singleplayer,Adventure,Building,Crafting,RPG,Management,Cartoony,Cartoon,Comedy",5.6,https://store.steampowered.com/app/1397920/,0.0,0.919096030360578,casual pixelgraphics inapppurchases building simulation mining adventure singleplayer cartoon 2d idler clicker resourcemanagement indie rpg freetoplay management comedy crafting strategy
BEKKOUAME,2018-04-11,0.5557766305439302,0.0,0,https://shared.akamai.steamstatic.com/store_item_assets/steam/apps/809250/header.jpg?t=1564635734,50,"Single-player,Steam Achievements,Steam Cloud","Action,Adventure,Free To Play,Indie","Free to Play,Adventure,Indie,Action,Horror,RPGMaker",8.07,https://store.steampowered.com/app/809250/,0.0,0.9189050412887751,singleplayer action adventure indie rpgmaker freetoplay horror
8Bit Fiesta - The Drinking Game,2016-09-30,0.4892366412165478,0.0,3,https://shared.akamai.steamstatic.com/store_item_assets/steam/apps/382260/header.jpg?t=1723586951,142,"Single-player,Multi-player,PvP,Shared/Split Screen PvP,Co-op,Shared/Split Screen Co-op,Shared/Split Screen,Steam Achievements,Full controller support,Steam Trading Cards,Steam Leaderboards,Remote Play Together","Action,Casual,Indie,Free To Play","Party Game,4 Player Local,Split Screen,Blood,Free to Play,Party,Action,Precision Platformer,Indie,Casual,Local Multiplayer,Local Co-Op,Pixel Graphics,Dark Humor,Controller,Comedy,Platformer,2D,Multiplayer,Memes",9.6,https://store.steampowered.com/app/382260/,0.0,0.9188714100622856,casual sharedsplitscreencoop controller localmultiplayer pixelgraphics pvp partygame party multiplayer splitscreen remoteplaytogether 2d 4playerlocal sharedsplitscreenpvp coop action indie darkhumor freetoplay memes blood singleplayer platformer precisionplatformer comedy
Last Chance in Xollywood,2023-09-19,0.4892366412165478,0.0,1,https://shared.akamai.steamstatic.com/store_item_assets/steam/apps/2096220/header.jpg?t=1695165667,0,"Single-player,Partial Controller Support","Indie,RPG,Simulation,Free To Play","Simulation,RPG,Visual Novel,Life Sim,Choose Your Own Adventure,Choices Matter,Aliens,Sci-fi,Capitalism,Multiple Endings,Character Customization,Drama,Story Rich,Futuristic,Text-Based,Cartoon,Colorful,Singleplayer,Free to Play,Indie",2.63,https://store.steampowered.com/app/2096220/,0.0,0.918831688100872,capitalism controller simulation charactercustomization storyrich singleplayer colorful visualnovel textbased chooseyourownadventure drama aliens indie rpg futuristic freetoplay cartoon choicesmatter scifi multipleendings lifesim
Elara: A Coding Adventure in Space,2024-02-16,0.6330768564718121,0.0,0,https://shared.akamai.steamstatic.com/store_item_assets/steam/apps/2657610/header.jpg?t=1736727861,0,"Single-player,Steam Cloud","Indie,Early Access","Programming,Puzzle,Education,Hacking,2D,Top-Down,Family Friendly,Adventure,Space,Futuristic,Logic,Relaxing,Robots,Sci-fi,Science,Grid-Based Movement,Linear,Story Rich,Early Access,Tutorial",2.22,https://store.steampowered.com/app/2657610/,0.0,0.918831688100872,gridbasedmovement logic programming relaxing education storyrich science puzzle familyfriendly adventure 2d linear indie futuristic earlyaccess hacking tutorial singleplayer scifi space topdown robots
Canvas The Gallery,2017-02-16,0.5557766305439302,0.0,1,https://shared.akamai.steamstatic.com/store_item_assets/steam/apps/590280/header.jpg?t=1523218938,114,"Single-player,Steam Cloud","Casual,Free To Play,Indie,Simulation","Free to Play,Indie,Casual,Simulation,Relaxing,Singleplayer,VR",9.22,https://store.steampowered.com/app/590280/,0.0,0.918741325846882,casual singleplayer indie vr relaxing simulation freetoplay
The Mind of Marlo,2017-10-19,0.4892366412165478,0.0,0,https://shared.akamai.steamstatic.com/store_item_assets/steam/apps/722870/header.jpg?t=1568230962,35,"Single-player,Steam Achievements","Adventure,Indie","Adventure,Indie,Point & Click,Comedy,Story Rich,Documentary,Short,2D,Puzzle,Drama,Singleplayer,Psychological,Walking Simulator,Narrative,Pixel Graphics",8.54,https://store.steampowered.com/app/722870/,0.0,0.9186889677300264,storyrich singleplayer short pointandclick documentary puzzle drama walkingsimulator pixelgraphics adventure indie narrative comedy 2d psychological
Echoes+,2015-01-15,0.6330768564718121,0.0,0,https://shared.akamai.steamstatic.com/store_item_assets/steam/apps/338000/header.jpg?t=1560447308,32,"Single-player,Full controller support","Action,Free To Play,Indie","Free to Play,Action,Indie,Bullet Hell,Shoot 'Em Up,Arcade,Space,Retro,Singleplayer,Shooter,Twin Stick Shooter,Great Soundtrack,2D",11.3,https://store.steampowered.com/app/338000/,0.0,0.9186022322546088,singleplayer greatsoundtrack controller action indie shooter bullethell arcade space twinstickshooter freetoplay retro 2d shootemup
"I Love You, Colonel Sanders! A Finger Lickin’ Good Dating Simulator",2019-09-24,0.6780830971139326,0.0,0,https://shared.akamai.steamstatic.com/store_item_assets/steam/apps/1121910/header.jpg?t=1569326440,0,"Single-player,Remote Play on Phone,Remote Play on Tablet","Casual,Indie,Simulation","Dating Sim,Anime,Visual Novel,Beautiful,Cult Classic,Free to Play,World War I,Story Rich,Hentai,Psychedelic,Alternate History,Casual,Simulation,Choices Matter,Souls-like,Great Soundtrack,Indie,Atmospheric,Family Friendly,FPS",6.61,https://store.steampowered.com/app/1121910/,0.0,0.9184772834641488,casual remoteplayonphone beautiful psychedelic simulation storyrich worldwari greatsoundtrack familyfriendly remoteplayontablet anime visualnovel soulslike datingsim fps indie freetoplay singleplayer choicesmatter cultclassic atmospheric hentai alternatehistory
Viridi,2015-08-19,0.7185660793429937,0.0,1,https://shared.akamai.steamstatic.com/store_item_assets/steam/apps/375950/header.jpg?t=1761082293,67,"Single-player,Steam Cloud","Casual,Indie,Simulation,Free To Play","Free to Play,Relaxing,Simulation,Casual,Singleplayer,Atmospheric,Indie,Cute,Great Soundtrack,Sandbox,Nature,Family Friendly,Agriculture,Real-Time,Idler,Replay Value,Puzzle,Building",10.71,https://store.steampowered.com/app/375950/,0.0,0.9184722773560884,casual relaxing building simulation greatsoundtrack puzzle nature replayvalue familyfriendly singleplayer idler indie sandbox freetoplay realtime cute atmospheric agriculture
Farlanders: Prologue,2021-05-18,0.6330768564718121,0.0,0,https://shared.akamai.steamstatic.com/store_item_assets/steam/apps/1460540/header.jpg?t=1749591242,789,Single-player,"Indie,Simulation,Strategy,Free To Play","Base-Building,Colony Sim,Mars,Strategy,Procedural Generation,Turn-Based Strategy,Building,City Builder,Pixel Graphics,Simulation,Survival,Top-Down,2D,Resource Management,Economy,Management,Isometric,Singleplayer,Space,Female Protagonist",4.97,https://store.steampowered.com/app/1460540/,0.0,0.9184352993039604,pixelgraphics mars citybuilder building femaleprotagonist simulation singleplayer 2d proceduralgeneration colonysim survival resourcemanagement economy indie isometric turnbasedstrategy freetoplay basebuilding management space topdown strategy
Crystal Call,2021-01-06,0.5962588843196084,0.0,0,https://shared.akamai.steamstatic.com/store_item_assets/steam/apps/1410840/header.jpg?t=1709308465,0,"Single-player,Steam Achievements,Full controller support,Steam Leaderboards",Action,"Action,Action-Adventure,Arcade,Platformer,Shooter,3D Platformer,FPS,Runner,Precision Platformer,3D,First-Person,Stylized,Fantasy,Parkour,Magic,Bullet Time,Combat,Singleplayer,Free to Play,Indie",5.33,https://store.steampowered.com/app/1410840/,0.0,0.9183628402996848,3dplatformer fantasy controller actionadventure combat runner singleplayer arcade parkour stylized fps action indie shooter 3d freetoplay magic bullettime platformer firstperson precisionplatformer
Turtle Champs,2024-07-04,0.5557766305439302,0.0,1,https://shared.akamai.steamstatic.com/store_item_assets/steam/apps/3036380/header.jpg?t=1720094242,0,"Multi-player,PvP,Online PvP,Co-op,Online Co-op,Steam Achievements","Action,Casual,Indie,Sports,Free To Play","Action,Free to Play,Casual,Indie,Sports,3D,Football (Soccer),FPS,Arcade,First-Person,Online Co-Op,Multiplayer,Funny,Stylized",1.84,https://store.steampowered.com/app/3036380/,0.0,0.9183613875015568,casual pvp football(soccer) funny multiplayer arcade sports stylized fps action indie coop 3d freetoplay onlinepvp firstperson
My Dad Left Me,2022-08-05,0.5557766305439302,0.0,0,https://shared.akamai.steamstatic.com/store_item_assets/steam/apps/2077870/header.jpg?t=1762152135,0,"Single-player,Steam Achievements,Tracked Controller Support,VR Supported,Partial Controller Support","Action,Adventure,Simulation,Strategy,Free To Play","Action,Adventure,Simulation,Strategy,Arcade,VR,First-Person,Atmospheric,PvE,Singleplayer,Choices Matter,Dark Humor,Free to Play,FPS,Funny,Futuristic,Memes,Sequel,Shoot 'Em Up,Multiple Endings",3.75,https://store.steampowered.com/app/2077870/,0.0,0.9183585524294818,vr funny controller simulation pve adventure singleplayer arcade fps action futuristic darkhumor freetoplay memes shootemup choicesmatter firstperson sequel multipleendings atmospheric strategy
Mars Underground,2019-03-14,0.4892366412165478,0.0,1,https://shared.akamai.steamstatic.com/store_item_assets/steam/apps/578420/header.jpg?t=1724731890,0,"Single-player,Steam Achievements,Full controller support,Steam Cloud,Remote Play Together","Adventure,Indie,Free To Play","Adventure,Indie,Free to Play,2D,Pixel Graphics,Story Rich,Retro,Time Manipulation,Interactive Fiction,Nonlinear,RPGMaker",7.15,https://store.steampowered.com/app/578420/,0.0,0.9183505722266042,storyrich singleplayer interactivefiction controller pixelgraphics remoteplaytogether adventure indie nonlinear timemanipulation rpgmaker retro 2d freetoplay
Shrine,2020-04-03,0.5962588843196084,0.0,0,https://shared.akamai.steamstatic.com/store_item_assets/steam/apps/1271050/header.jpg?t=1624816325,0,"Single-player,Partial Controller Support",Action,"Action,FPS,Retro,Horror,First-Person,Lovecraftian,Free to Play,Boomer Shooter,Singleplayer,Pixel Graphics,Shooter,Indie,Atmospheric,Exploration,Violent",6.09,https://store.steampowered.com/app/1271050/,0.0,0.9183436383762364,violent singleplayer boomershooter fps pixelgraphics action lovecraftian firstperson indie shooter atmospheric controller freetoplay retro exploration horror
The Desolate Hope,2014-05-05,0.7185660793429937,0.0,0,https://shared.akamai.steamstatic.com/store_item_assets/steam/apps/298180/header.jpg?t=1447361659,303,"Single-player,Family Sharing","Action,Adventure,Indie,RPG","RPG,Adventure,Free to Play,Robots,Indie,Platformer,Action,Sci-fi,Singleplayer,2D,Horror,Atmospheric,Great Soundtrack,Surreal,Story Rich,Cyberpunk,Metroidvania,Psychological Horror,Multiplayer,Cute",12.0,https://store.steampowered.com/app/298180/,0.0,0.918341999331857,surreal multiplayer storyrich cyberpunk greatsoundtrack adventure singleplayer 2d metroidvania psychologicalhorror action indie rpg freetoplay horror platformer scifi cute atmospheric robots
StarOS,2023-07-04,0.4892366412165478,0.0,1,https://shared.akamai.steamstatic.com/store_item_assets/steam/apps/2434760/header.jpg?t=1688458246,0,"Single-player,Steam Achievements,Full controller support,Steam Cloud","Indie,Simulation","Simulation,Software,Space Sim,Utilities,Typing,2D,Immersive Sim,Pixel Graphics,Realistic,Family Friendly,Indie,Singleplayer,Choices Matter,Retro,Management,Dark,Horror",2.84,https://store.steampowered.com/app/2434760/,0.0,0.9181820078281446,controller pixelgraphics spacesim simulation utilities immersivesim familyfriendly singleplayer realistic 2d indie dark horror typing choicesmatter management software retro
Mission: It's Complicated,2020-02-14,0.4892366412165478,0.0,0,https://shared.akamai.steamstatic.com/store_item_assets/steam/apps/1041210/header.jpg?t=1724694942,18,"Single-player,Steam Achievements,Steam Cloud","Adventure,Casual,Indie","Casual,Visual Novel,Superhero,Romance,Dating Sim,LGBTQ+,Choices Matter,Story Rich,Adventure,Indie,Funny,Free to Play,Singleplayer,Action,Arcade,Exploration,Turn-Based Tactics,2D,Anime,Cartoon",6.22,https://store.steampowered.com/app/1041210/,0.0,0.9181819151121628,casual romance turnbasedtactics funny superhero storyrich adventure singleplayer anime visualnovel arcade 2d datingsim action indie freetoplay exploration lgbtq+ cartoon choicesmatter
Cloud Climber,2021-01-14,0.6330768564718121,0.0,1,https://shared.akamai.steamstatic.com/store_item_assets/steam/apps/1509820/header.jpg?t=1726253223,14,Single-player,"Adventure,Casual,Indie,Free To Play","Free to Play,Walking Simulator,Adventure,Casual,Atmospheric,Singleplayer,First-Person,Post-apocalyptic,Exploration,Relaxing,3D,Story Rich,Stylized,Hand-drawn,Puzzle,Dark Fantasy,Great Soundtrack,Fantasy,Alternate History,Funny",5.31,https://store.steampowered.com/app/1509820/,0.0,0.9181617405253404,casual walkingsimulator fantasy funny relaxing postapocalyptic storyrich greatsoundtrack puzzle adventure singleplayer stylized indie 3d freetoplay exploration darkfantasy firstperson handdrawn atmospheric alternatehistory
Clockwork Calamity in Mushroom World: What would you do if the time stopped ticking?,2021-05-31,0.4892366412165478,0.0,0,https://shared.akamai.steamstatic.com/store_item_assets/steam/apps/1295260/header.jpg?t=1638360281,0,"Single-player,Partial Controller Support,Steam Cloud","Action,Adventure,Indie","Action,Indie,Adventure,Exploration,Platformer,Metroidvania,Great Soundtrack,Pixel Graphics,Trading,Cute,Procedural Generation,Female Protagonist",4.93,https://store.steampowered.com/app/1295260/,0.0,0.9180444075793428,singleplayer platformer greatsoundtrack pixelgraphics action adventure indie proceduralgeneration cute femaleprotagonist controller metroidvania trading exploration
Traum,2018-03-19,0.5557766305439302,0.0,1,https://shared.akamai.steamstatic.com/store_item_assets/steam/apps/810230/header.jpg?t=1530205699,89,"Single-player,Steam Achievements,Partial Controller Support","Violent,Gore,Adventure,Free To Play,Indie","Free to Play,Adventure,Indie,Gore,Violent,Horror,RPGMaker,Psychological Horror",8.13,https://store.steampowered.com/app/810230/,0.0,0.917991986684691,violent singleplayer psychologicalhorror adventure indie gore rpgmaker controller freetoplay horror
Curse That Magic Cat!,2021-01-06,0.4892366412165478,0.0,0,https://shared.akamai.steamstatic.com/store_item_assets/steam/apps/1410830/header.jpg?t=1709308652,0,"Single-player,Steam Achievements,Full controller support","Casual,Simulation","Casual,Cats,Cute,Funny,Singleplayer,Family Friendly,3D Platformer,Arcade,3D,Third Person,Simulation,Relaxing,Cartoony,Platformer,Stealth,Destruction,Comedy,Colorful,Magic,Character Customization",5.33,https://store.steampowered.com/app/1410830/,0.0,0.917936918862984,casual 3dplatformer controller funny relaxing simulation charactercustomization familyfriendly destruction singleplayer colorful arcade cartoon thirdperson 3d stealth magic platformer cats cute comedy
Altitude,2009-12-04,0.6780830971139326,0.0,0,https://shared.akamai.steamstatic.com/store_item_assets/steam/apps/41300/header.jpg?t=1721932661,126,"Single-player,Multi-player,PvP,Online PvP,LAN PvP,Co-op,Online Co-op,LAN Co-op,Cross-Platform Multiplayer,Steam Achievements,Partial Controller Support,Stats,Includes level editor","Action,Casual,Free To Play,Indie,Simulation,Strategy","Multiplayer,Flight,Side Scroller,Shoot 'Em Up,Strategy,PvP,Competitive,Football (Soccer),Shooter,Arcade,2D Fighter,2D,Funny,Controller,Casual,Team-Based,Vehicular Combat,Simulation,Action,Cartoony",16.42,https://store.steampowered.com/app/41300/,0.0,0.9177591070534152,casual coop pvp football(soccer) funny controller simulation flight multiplayer lanpvp includesleveleditor arcade 2d cartoon action sidescroller indie stats teambased shooter freetoplay shootemup singleplayer onlinepvp competitive 2dfighter crossplatformmultiplayer strategy vehicularcombat
Atelier Lydie & Suelle ~The Alchemists and the Mysterious Paintings~,2018-03-27,0.5557766305439302,0.0,22,https://shared.akamai.steamstatic.com/store_item_assets/steam/apps/756590/header.jpg?t=1726130463,2253,"Single-player,Steam Achievements,Partial Controller Support,Family Sharing",RPG,"RPG,Anime,JRPG,Cute,Female Protagonist,Crafting,Great Soundtrack,Singleplayer,Turn-Based,Adventure,Fantasy,Turn-Based Combat",8.11,https://store.steampowered.com/app/756590/,0.0,0.9175878963706654,singleplayer greatsoundtrack fantasy turnbasedcombat turnbased rpg anime adventure cute femaleprotagonist jrpg controller crafting
Russian Warship,2023-10-20,0.4892366412165478,0.0,0,https://shared.akamai.steamstatic.com/store_item_assets/steam/apps/2555580/header.jpg?t=1699293782,0,"Single-player,Steam Achievements,Steam Cloud,Stats,Steam Leaderboards","Action,Indie,Strategy","Dark Humor,Politics,Funny,Shoot 'Em Up,Top-Down,Tower Defense,Strategy,PvE,Real Time Tactics,3D,Parody,Multiple Endings,Action,Naval Combat,Casual,Cartoony,Colorful,Naval,Political,Comedy",2.54,https://store.steampowered.com/app/2555580/,0.0,0.9175581460807511,casual navalcombat funny naval pve political colorful cartoon realtimetactics action indie stats darkhumor 3d shootemup towerdefense singleplayer parody multipleendings comedy topdown strategy
RollerCoaster Tycoon® 3: Platinum,2008-03-12,0.7185660793429937,0.0,0,https://shared.akamai.steamstatic.com/store_item_assets/steam/apps/2700/header.jpg?t=1733161073,160,"Single-player,Family Sharing","Simulation,Strategy","Simulation,Management,Sandbox,Building,Strategy,Singleplayer,Economy,Classic,Real-Time with Pause,Family Friendly,Funny,Moddable,Multiplayer,City Builder,Great Soundtrack,Comedy,Open World,Casual,Free to Play,Adventure",18.15,https://store.steampowered.com/app/2700/,0.0,0.9173912323371068,casual citybuilder funny building simulation realtimewithpause multiplayer openworld greatsoundtrack familyfriendly adventure singleplayer classic economy sandbox freetoplay moddable management comedy strategy
Overclocked,2018-10-09,0.5962588843196084,0.0,1,https://shared.akamai.steamstatic.com/store_item_assets/steam/apps/745560/header.jpg?t=1750452077,0,"Single-player,Steam Achievements,Full controller support,Steam Cloud,Steam Leaderboards","Action,Indie,Free To Play","Action,Free to Play,Indie,Platformer,Difficult,Female Protagonist,2D",7.57,https://store.steampowered.com/app/745560/,0.0,0.9171931447137058,singleplayer platformer controller action indie femaleprotagonist 2d freetoplay difficult
Phucker in the Woods,2019-08-19,0.4892366412165478,0.0,0,https://shared.akamai.steamstatic.com/store_item_assets/steam/apps/1132490/b0238c6f3aed038f0436b640b65d85b912ada8ff/header.jpg?t=1746731880,0,Single-player,"Casual,Indie,Free To Play","Free to Play,Sexual Content,Indie,Casual,Violent,Psychological Horror,Memes,Visual Novel",6.71,https://store.steampowered.com/app/1132490/,0.0,0.917189258047337,violent casual singleplayer psychologicalhorror indie sexualcontent visualnovel freetoplay memes
Project Oasis,2020-03-31,0.4892366412165478,0.0,0,https://shared.akamai.steamstatic.com/store_item_assets/steam/apps/1168840/header.jpg?t=1644651127,0,"Single-player,Steam Achievements,Steam Cloud","Free To Play,Indie","Rogue-lite,Puzzle,Cute,RPG,Story Rich,Multiple Endings,Pixel Graphics,Philosophical,Adventure,Futuristic,Singleplayer,Free to Play,Indie,RPGMaker,Casual",6.1,https://store.steampowered.com/app/1168840/,0.0,0.9170996709535078,storyrich singleplayer philosophical casual puzzle pixelgraphics adventure indie rpg futuristic cute multipleendings rpgmaker freetoplay roguelite
Rabbi-T,2023-03-06,0.4892366412165478,0.0,0,https://shared.akamai.steamstatic.com/store_item_assets/steam/apps/2317340/header.jpg?t=1678175505,0,Single-player,"Action,Free To Play,Indie,Racing","Action,Racing,Runner,3D,Cute,Robots,Score Attack,Free to Play,Indie,Singleplayer",3.17,https://store.steampowered.com/app/2317340/,0.0,0.9168519731765032,runner singleplayer action indie cute racing scoreattack 3d freetoplay robots
Dudes on a Map: Virtual Grid Paper,2021-05-06,0.5557766305439302,0.0,1,https://shared.akamai.steamstatic.com/store_item_assets/steam/apps/1470020/header.jpg?t=1685463772,0,"Multi-player,Co-op,Online Co-op,LAN Co-op,Shared/Split Screen Co-op,Shared/Split Screen,Steam Workshop,Partial Controller Support,Steam Cloud,Remote Play Together","Adventure,RPG,Early Access","Early Access,RPG,Tabletop,Tactical RPG,Dungeon Crawler,Board Game,Software,Top-Down,Dragons,Open World,Turn-Based Combat,Minimalist,Fantasy,Lovecraftian,Sci-fi,Hex Grid,Level Editor,Old School,Co-op,Co-op Campaign",5.0,https://store.steampowered.com/app/1470020/,0.0,0.9168100169855968,sharedsplitscreencoop coop fantasy boardgame controller openworld tabletop turnbasedcombat multiplayer remoteplaytogether adventure minimalist tacticalrpg dragons rpg earlyaccess splitscreen hexgrid leveleditor oldschool scifi lovecraftian software topdown dungeoncrawler
Flappy Souls,2023-05-11,0.4892366412165478,0.0,1,https://shared.akamai.steamstatic.com/store_item_assets/steam/apps/2328960/header.jpg?t=1736561406,0,"Single-player,Steam Achievements","Casual,Indie","Casual,Arcade,Minimalist,Souls-like,Atmospheric,Linear,Singleplayer,Indie,Free to Play",2.99,https://store.steampowered.com/app/2328960/,0.0,0.9167520325869284,casual singleplayer linear indie minimalist atmospheric arcade freetoplay soulslike
100% Orange Juice,2014-05-16,0.755384370197392,0.0,42,https://shared.akamai.steamstatic.com/store_item_assets/steam/apps/282800/74b8f808c2ea623f9aee9ed20c6d76c7e536e137/header.jpg?t=1766094360,139,"Single-player,Multi-player,PvP,Online PvP,Co-op,Online Co-op,Steam Achievements,Steam Trading Cards,Steam Workshop,Camera Comfort,Color Alternatives,Custom Volume Controls,Adjustable Difficulty,Playable without Timed Input,Partial Controller Support,Steam Cloud,Valve Anti-Cheat enabled,Stats,Steam Leaderboards,Family Sharing","Indie,Strategy","Anime,Board Game,Cute,Multiplayer,Strategy,Card Game,Turn-Based,Indie,Casual,Funny,Great Soundtrack,Co-op,Female Protagonist,Singleplayer,2D,Difficult,Memes,Family Friendly,Comedy,Survival Horror",11.97,https://store.steampowered.com/app/282800/,0.0,0.9166728368409957,casual playablewithouttimedinput turnbased pvp boardgame funny femaleprotagonist controller multiplayer customvolumecontrols greatsoundtrack familyfriendly survivalhorror singleplayer anime 2d cardgame indie stats coop memes onlinepvp cute coloralternatives comedy strategy difficult
Minecraft: Story Mode - Season Two,2017-07-11,0.5557766305439302,0.0,0,https://shared.akamai.steamstatic.com/store_item_assets/steam/apps/639170/header.jpg?t=1556548671,577,"Single-player,Steam Achievements,Full controller support,Family Sharing",Adventure,"Adventure,Story Rich,Choose Your Own Adventure,Choices Matter,Singleplayer,Episodic,Psychological Horror,Memes,Family Friendly,Action,Action-Adventure,Funny,Pixel Graphics,Zombies,Female Protagonist,Illuminati,Horror,Anime,Multiplayer,Cold War",8.82,https://store.steampowered.com/app/639170/,0.0,0.9165102780001526,controller pixelgraphics funny femaleprotagonist actionadventure multiplayer storyrich familyfriendly adventure singleplayer anime psychologicalhorror chooseyourownadventure zombies action coldwar memes episodic horror illuminati choicesmatter
Progress Game,2020-08-14,0.6330768564718121,0.0,0,https://shared.akamai.steamstatic.com/store_item_assets/steam/apps/1370410/header.jpg?t=1755466627,0,"Single-player,Steam Cloud","Casual,RPG,Free To Play,Early Access","RPG,Character Customization,Inventory Management,Resource Management,Casual,Singleplayer,2D,Stylized,Fantasy,Demons,Magic,Management,Medieval,Surreal,Funny,Free to Play,Combat,Early Access,Idler",5.72,https://store.steampowered.com/app/1370410/,0.0,0.9164439144124606,casual fantasy demons surreal funny medieval charactercustomization combat singleplayer 2d stylized idler resourcemanagement rpg earlyaccess freetoplay magic management inventorymanagement
1943 Berlin Blitz,2018-10-03,0.5557766305439302,0.0,0,https://shared.akamai.steamstatic.com/store_item_assets/steam/apps/513490/header.jpg?t=1549453866,0,"Single-player,VR Supported,Partial Controller Support",Indie,"Indie,VR,Free to Play,Education,Historical,World War II",7.59,https://store.steampowered.com/app/513490/,0.0,0.916426996519736,singleplayer vr indie worldwarii historical controller freetoplay education
Green Reaper,2023-04-28,0.5557766305439302,0.0,0,https://shared.akamai.steamstatic.com/store_item_assets/steam/apps/2387110/header.jpg?t=1682719012,0,"Single-player,Full controller support","Action,Free To Play","Action,Hack and Slash,Action-Adventure,3D,Third Person,Linear,Colorful,Free to Play,Family Friendly,Fantasy,Nature,Combat,Singleplayer",3.02,https://store.steampowered.com/app/2387110/,0.0,0.9164175358560416,singleplayer fantasy controller action familyfriendly nature linear thirdperson colorful actionadventure freetoplay 3d hackandslash combat
Divinity: Original Sin (Classic),2014-06-30,0.7185660793429937,0.0,0,https://shared.akamai.steamstatic.com/store_item_assets/steam/apps/230230/header.jpg?t=1765504651,268,"Single-player,Multi-player,Co-op,Cross-Platform Multiplayer,Steam Achievements,Steam Trading Cards,Captions available,Steam Workshop,Steam Cloud,Includes level editor,Remote Play Together,Family Sharing","Adventure,Indie,RPG,Strategy","RPG,Turn-Based,Co-op,Fantasy,Adventure,Strategy,Open World,Isometric,CRPG,Story Rich,Kickstarter,Singleplayer,Indie,Multiplayer,Turn-Based Strategy,Magic,Online Co-Op,Crowdfunded,Atmospheric,Female Protagonist",11.85,https://store.steampowered.com/app/230230/,0.0,0.916010085727632,fantasy turnbased crowdfunded femaleprotagonist openworld multiplayer storyrich includesleveleditor remoteplaytogether adventure singleplayer kickstarter crpg indie rpg isometric coop turnbasedstrategy magic atmospheric crossplatformmultiplayer strategy
Chess Evolved Online,2021-02-22,0.5962588843196084,0.0,0,https://shared.akamai.steamstatic.com/store_item_assets/steam/apps/1064340/header.jpg?t=1614371745,0,"Multi-player,PvP,Online PvP,In-App Purchases","Free To Play,Strategy,Early Access","PvP,Tactical,Deckbuilding,Turn-Based Tactics,Card Game,Turn-Based Strategy,Chess,2D,Card Battler,Top-Down,Colorful,Magic,Fantasy,Turn-Based Combat,PvE,Trading Card Game,Artificial Intelligence,Free to Play,Strategy,Early Access",5.2,https://store.steampowered.com/app/1064340/,0.0,0.9159930655269994,artificialintelligence fantasy tactical pvp deckbuilding turnbasedtactics inapppurchases pve turnbasedcombat multiplayer colorful tradingcardgame 2d cardgame earlyaccess turnbasedstrategy freetoplay magic onlinepvp chess topdown strategy cardbattler
Great Paintings VR,2021-01-14,0.5557766305439302,0.0,1,https://shared.akamai.steamstatic.com/store_item_assets/steam/apps/1511090/header.jpg?t=1733107745,0,"Single-player,Tracked Controller Support,VR Only","Casual,Indie","Casual,VR,Education,Exploration,Historical,Family Friendly,Indie,Singleplayer,Violent",5.31,https://store.steampowered.com/app/1511090/,0.0,0.9159904544663984,violent casual singleplayer familyfriendly indie vr historical controller exploration education
Splitgate,2019-05-24,0.8408738480320119,0.0,0,https://shared.akamai.steamstatic.com/store_item_assets/steam/apps/677620/header.jpg?t=1663343172,234,"Single-player,Multi-player,PvP,Online PvP,Cross-Platform Multiplayer,Steam Achievements,Full controller support,Captions available,In-App Purchases","Action,Free To Play,Indie","Free to Play,FPS,Multiplayer,Arena Shooter,Shooter,Action,Fast-Paced,First-Person,PvP,Competitive,Sci-fi,Indie,Team-Based,e-sports,Tactical,Strategy,Online Co-Op,Physics,Co-op,Violent",6.95,https://store.steampowered.com/app/677620/,0.0,0.9158151085120874,esports controller tactical pvp inapppurchases multiplayer violent arenashooter fps action physics indie shooter teambased coop freetoplay singleplayer fastpaced onlinepvp scifi firstperson competitive crossplatformmultiplayer strategy
Kill It With Fire: HEATWAVE,2020-07-17,0.6330768564718121,0.0,0,https://shared.akamai.steamstatic.com/store_item_assets/steam/apps/1366290/header.jpg?t=1713279728,45,"Single-player,Steam Cloud","Action,Casual,Indie,Simulation","Sandbox,Simulation,Funny,First-Person,Comedy,Action,Destruction,Cute,Physics,Horror,Exploration,3D,Dark Humor,Parody,FPS,Artificial Intelligence,Survival Horror,Puzzle,Action-Adventure,Arcade",5.8,https://store.steampowered.com/app/1366290/,0.0,0.9157514611392912,casual artificialintelligence funny simulation actionadventure puzzle survivalhorror destruction arcade fps action physics indie sandbox darkhumor 3d exploration horror singleplayer firstperson parody cute comedy
Magical Otoge Ciel,2016-08-26,0.5962588843196084,0.0,0,https://shared.akamai.steamstatic.com/store_item_assets/steam/apps/521470/header.jpg?t=1472565185,77,Single-player,"Casual,Free To Play,Indie,Simulation","Free to Play,Visual Novel,Indie,Otome,Casual,Simulation,Anime,Female Protagonist,Romance,Fantasy,Singleplayer",9.69,https://store.steampowered.com/app/521470/,0.0,0.9157123263788844,casual singleplayer fantasy indie anime otome romance visualnovel femaleprotagonist simulation freetoplay
Make Me LAG,2020-03-14,0.5557766305439302,0.0,0,https://shared.akamai.steamstatic.com/store_item_assets/steam/apps/1215430/header.jpg?t=1600683911,0,"Single-player,Steam Achievements","Action,Free To Play,Indie","Free to Play,Indie,Action,Intentionally Awkward Controls,Side Scroller,Hardware,Software,Pixel Graphics",6.14,https://store.steampowered.com/app/1215430/,0.0,0.9157123263788844,singleplayer hardware pixelgraphics action sidescroller indie software freetoplay intentionallyawkwardcontrols
Museum of Symmetry,2018-08-09,0.4892366412165478,0.0,0,https://shared.akamai.steamstatic.com/store_item_assets/steam/apps/870890/header.jpg?t=1701786388,0,"Single-player,Tracked Controller Support,VR Only","Adventure,Casual,Indie,Simulation","Indie,Adventure,Casual,Simulation,VR,Free to Play",7.74,https://store.steampowered.com/app/870890/,0.0,0.9156701434241662,casual singleplayer adventure indie vr simulation controller freetoplay
Just Cause 2: Multiplayer Mod,2013-12-16,0.8003907929561015,0.0,0,https://shared.akamai.steamstatic.com/store_item_assets/steam/apps/259080/header.jpg?t=1572375602,315,"Single-player,Multi-player,Steam Achievements,Partial Controller Support","Action,Adventure","Open World,Multiplayer,Action,Third-Person Shooter,Adventure,Mod,Sandbox,Massively Multiplayer,Shooter,Free to Play,Third Person,Co-op,Funny,Exploration,Epic,Racing,Moddable,Singleplayer,FPS,Zombies",12.39,https://store.steampowered.com/app/259080/,0.0,0.9156431659509984,funny controller massivelymultiplayer multiplayer openworld adventure singleplayer racing mod zombies fps action epic sandbox shooter thirdperson freetoplay exploration moddable thirdpersonshooter coop
ColorCoordination,2024-08-29,0.5557766305439302,0.0,1,https://shared.akamai.steamstatic.com/store_item_assets/steam/apps/2598490/header.jpg?t=1736176918,0,"Single-player,Steam Achievements,Full controller support",Indie,"Sokoban,Puzzle,Female Protagonist,Conversation,Casual,Pixel Graphics,Anime,Colorful,Sci-fi,Indie,Philosophical,Artificial Intelligence,Singleplayer,Free to Play",1.68,https://store.steampowered.com/app/2598490/,0.0,0.9154832953161972,philosophical singleplayer casual sokoban artificialintelligence puzzle controller pixelgraphics scifi indie conversation anime colorful femaleprotagonist freetoplay
Lost Lands: Mahjong,2016-03-14,0.6780830971139326,0.0,0,https://shared.akamai.steamstatic.com/store_item_assets/steam/apps/435030/header.jpg?t=1692605069,2101,"Single-player,Steam Achievements,In-App Purchases,Steam Cloud","Adventure,Casual,Free To Play","Free to Play,Casual,Adventure,Puzzle,Singleplayer,Mahjong,Board Game",10.14,https://store.steampowered.com/app/435030/,0.0,0.91541331279884,casual singleplayer puzzle mahjong adventure boardgame inapppurchases freetoplay
Crab Game,2021-10-29,0.8408738480320119,0.0,0,https://shared.akamai.steamstatic.com/store_item_assets/steam/apps/1782210/header.jpg?t=1638221608,87,"Multi-player,PvP,Online PvP,Co-op,Online Co-op","Action,Casual,Free To Play,Indie,Racing","Psychological Horror,Multiplayer,Free to Play,Battle Royale,PvP,Action,First-Person,Parkour,3D,FPS,Platformer,Combat,Physics,Arcade,Casual,Runner,3D Platformer,Racing,Nudity,Sci-fi",4.52,https://store.steampowered.com/app/1782210/,0.0,0.9153869780300462,casual 3dplatformer pvp multiplayer combat runner nudity racing arcade parkour psychologicalhorror fps action physics indie coop battleroyale 3d freetoplay platformer onlinepvp scifi firstperson
The Mammoth: A Cave Painting,2017-11-22,0.5962588843196084,0.0,0,https://shared.akamai.steamstatic.com/store_item_assets/steam/apps/751690/header.jpg?t=1664471605,10,"Single-player,Steam Achievements,Full controller support","Action,Adventure,Casual,Indie","Indie,Adventure,Casual,Action,Free to Play,Narration,Philosophical,Dynamic Narration,Atmospheric,Story Rich,Short,Singleplayer",8.45,https://store.steampowered.com/app/751690/,0.0,0.9153619730557746,philosophical casual singleplayer storyrich short controller action adventure indie dynamicnarration atmospheric narration freetoplay
反现实症候群γ - Counterrealstic Syndrome γ,2019-11-17,0.4892366412165478,0.0,0,https://shared.akamai.steamstatic.com/store_item_assets/steam/apps/1186860/header.jpg?t=1573980272,0,"Single-player,Steam Achievements","Adventure,Free To Play,Indie","Free to Play,Adventure,Indie,RPGMaker",6.47,https://store.steampowered.com/app/1186860/,0.0,0.9153347851661352,singleplayer adventure indie rpgmaker freetoplay
Shooty Skies,2018-03-06,0.6780830971139326,0.0,5,https://shared.akamai.steamstatic.com/store_item_assets/steam/apps/702810/header.jpg?t=1572327846,42,"Single-player,Steam Achievements,Full controller support,Steam Trading Cards,In-App Purchases,Steam Cloud,Stats,Steam Leaderboards","Action,Free To Play,Indie","Free to Play,Action,Indie,Funny,Shoot 'Em Up,Colorful,Arcade,Singleplayer,Voxel,Fast-Paced,Cute,Pixel Graphics,Retro,Casual,Bullet Hell,Shooter,Multiplayer,Great Soundtrack,Family Friendly,Dragons",8.17,https://store.steampowered.com/app/702810/,0.0,0.9152762951153082,casual controller pixelgraphics funny inapppurchases multiplayer voxel greatsoundtrack familyfriendly singleplayer colorful arcade dragons action indie stats shooter bullethell freetoplay shootemup fastpaced cute retro
Into The Core,2019-05-24,0.4892366412165478,0.0,0,https://shared.akamai.steamstatic.com/store_item_assets/steam/apps/1081160/header.jpg?t=1561052406,0,"Single-player,Partial Controller Support",Indie,"Indie,Puzzle,Difficult,Puzzle-Platformer,Physics,Free to Play",6.95,https://store.steampowered.com/app/1081160/,0.0,0.9152102096199352,singleplayer puzzle physics indie controller puzzleplatformer difficult freetoplay
GonzoVR,2018-10-01,0.5557766305439302,0.0,0,https://shared.akamai.steamstatic.com/store_item_assets/steam/apps/935120/header.jpg?t=1574291366,0,"Multi-player,PvP,Online PvP,VR Only,In-App Purchases,Family Sharing","Free To Play,Indie,Early Access","Free to Play,Indie,Early Access,VR,Dog",7.59,https://store.steampowered.com/app/935120/,0.0,0.9152102096199352,onlinepvp multiplayer pvp indie vr dog inapppurchases earlyaccess freetoplay
Circle of Sumo: Online Rumble!,2020-10-17,0.4892366412165478,0.0,0,https://shared.akamai.steamstatic.com/store_item_assets/steam/apps/1181790/header.jpg?t=1728056492,0,"Multi-player,PvP,Online PvP,Cross-Platform Multiplayer,Full controller support","Casual,Indie,Sports,Free To Play","Competitive,Funny,Multiplayer,2D,Fighting,Free to Play,Indie,Action,Replay Value,Martial Arts,e-sports,Physics,Wrestling,Early Access,Battle Royale,Sports,Casual,Co-op,PvP,Arcade",5.55,https://store.steampowered.com/app/1181790/,0.0,0.9151003289266764,casual esports controller pvp funny multiplayer wrestling replayvalue arcade 2d sports action physics indie earlyaccess battleroyale freetoplay fighting onlinepvp competitive crossplatformmultiplayer martialarts coop
Mythic Ocean: Prologue,2019-10-07,0.4892366412165478,0.0,0,https://shared.akamai.steamstatic.com/store_item_assets/steam/apps/1155470/header.jpg?t=1728677123,28,"Single-player,Full controller support","Adventure,Indie,Free To Play","Free to Play,Adventure,Indie,Visual Novel,Underwater,Exploration,Atmospheric,Choices Matter",6.58,https://store.steampowered.com/app/1155470/,0.0,0.9150599080831984,singleplayer choicesmatter controller adventure indie atmospheric visualnovel freetoplay underwater exploration
DIGITAL EXORCIST case_(0);,2023-04-27,0.5557766305439302,0.0,0,https://shared.akamai.steamstatic.com/store_item_assets/steam/apps/2299040/34e9ea27b4173fa1a09dbd9398cf3f8851932359/header.jpg?t=1752107313,0,"Single-player,Steam Achievements,Partial Controller Support","Adventure,Indie,RPG","Adventure,Visual Novel,Singleplayer,Story Rich,Detective,Point & Click,1990's,Anime,Atmospheric,Horror,Dark,Linear,Choose Your Own Adventure,Interactive Fiction,2D,Pixel Graphics,Old School,RPG,Psychological Horror,Turn-Based Combat",3.03,https://store.steampowered.com/app/2299040/,0.0,0.915006376029018,pixelgraphics controller storyrich interactivefiction turnbasedcombat adventure singleplayer anime visualnovel 2d psychologicalhorror chooseyourownadventure linear indie rpg 1990s dark horror pointandclick oldschool atmospheric detective
Rapid Tap,2018-01-22,0.5557766305439302,0.0,0,https://shared.akamai.steamstatic.com/store_item_assets/steam/apps/746920/header.jpg?t=1758521737,340,"Single-player,Multi-player,PvP,Online PvP,Cross-Platform Multiplayer,Steam Leaderboards","Casual,Free To Play,Indie","Free to Play,Memes,Psychological Horror,Sexual Content,Indie,Cold War,Casual,Nudity,Story Rich,Anime,Horror,Gore,Great Soundtrack,Female Protagonist,Violent,World War II,Arcade,Atmospheric,Shooter,Singleplayer",8.28,https://store.steampowered.com/app/746920/,0.0,0.9149896460565816,casual pvp femaleprotagonist nudity storyrich violent greatsoundtrack multiplayer singleplayer anime gore arcade psychologicalhorror indie shooter coldwar freetoplay memes horror onlinepvp sexualcontent worldwarii crossplatformmultiplayer atmospheric
Night Reverie: Prologue,2020-11-25,0.5962588843196084,0.0,0,https://shared.akamai.steamstatic.com/store_item_assets/steam/apps/1453600/header.jpg?t=1726255837,0,"Single-player,Steam Achievements,Full controller support","Adventure,Casual,Indie,Free To Play","Free to Play,Exploration,Puzzle,2D,Cute,Top-Down,Surreal,Choices Matter,Controller,Story Rich,Relaxing,Casual,Colorful,Pixel Graphics,Atmospheric,Emotional,Mystery,Adventure,Singleplayer,Indie",5.44,https://store.steampowered.com/app/1453600/,0.0,0.9149509787464692,casual controller pixelgraphics surreal relaxing emotional storyrich puzzle adventure singleplayer colorful 2d indie freetoplay exploration mystery choicesmatter cute atmospheric topdown
五五午时书,2020-08-20,0.5557766305439302,0.0,1,https://shared.akamai.steamstatic.com/store_item_assets/steam/apps/1385880/header.jpg?t=1613826597,0,Single-player,"Free To Play,Indie,RPG,Early Access","Free to Play,RPG,Indie,Pixel Graphics,Linear,Emotional,Female Protagonist,Anime,Visual Novel,2D,Romance,Early Access,Surreal,Adventure,Drama,Singleplayer,Modern",5.71,https://store.steampowered.com/app/1385880/,0.0,0.9148786673920392,singleplayer drama pixelgraphics modern adventure linear indie rpg anime romance surreal femaleprotagonist earlyaccess visualnovel 2d freetoplay emotional
Shooting Hurts,2018-09-18,0.5557766305439302,0.0,0,https://shared.akamai.steamstatic.com/store_item_assets/steam/apps/931700/header.jpg?t=1582080405,0,Single-player,"Action,Free To Play,Indie","Free to Play,Action,Indie,Shooter,First-Person,FPS,Short",7.63,https://store.steampowered.com/app/931700/,0.0,0.9148761123644968,singleplayer short fps action firstperson indie shooter freetoplay
Spellbound Spire,2020-06-23,0.4892366412165478,0.0,0,https://shared.akamai.steamstatic.com/store_item_assets/steam/apps/1248270/header.jpg?t=1593690189,0,"Single-player,Steam Achievements,Tracked Controller Support,VR Only","Adventure,Casual,Free To Play","VR,Free to Play,Exploration,Interactive Fiction,Experience,Singleplayer,Casual,Surreal,Magic,Medieval,Adventure",5.87,https://store.steampowered.com/app/1248270/,0.0,0.9148725039484062,interactivefiction casual singleplayer medieval controller magic adventure vr surreal experience freetoplay exploration
Caliban Below,2018-06-19,0.5557766305439302,0.0,1,https://shared.akamai.steamstatic.com/store_item_assets/steam/apps/649890/header.jpg?t=1558825761,0,"Single-player,Tracked Controller Support,VR Supported","Adventure,Casual,Free To Play,Indie","Free to Play,Horror,VR,Adventure,Indie,Casual,Multiplayer,Atmospheric,Singleplayer,Mystery,Lovecraftian,Story Rich,Dynamic Narration,Mythology",7.88,https://store.steampowered.com/app/649890/,0.0,0.9148725039484062,mystery casual singleplayer vr storyrich controller lovecraftian mythology adventure indie dynamicnarration atmospheric freetoplay multiplayer horror
Hargrave,2020-10-12,0.5557766305439302,0.0,0,https://shared.akamai.steamstatic.com/store_item_assets/steam/apps/1288930/header.jpg?t=1603574082,0,"Single-player,Steam Achievements,Partial Controller Support","Adventure,Casual,Free To Play,Indie","Free to Play,Adventure,Casual,Indie,Metroidvania,Retro,Platformer,Difficult,Pixel Graphics,2D,Precision Platformer,2D Platformer",5.56,https://store.steampowered.com/app/1288930/,0.0,0.9147944140693408,casual singleplayer platformer pixelgraphics adventure indie 2dplatformer precisionplatformer controller 2d freetoplay retro metroidvania difficult
Ascension: Transition and Silver,2021-02-04,0.4892366412165478,0.0,0,https://shared.akamai.steamstatic.com/store_item_assets/steam/apps/1523150/header.jpg?t=1613530279,0,"Single-player,Steam Achievements","Casual,Free To Play,RPG","LGBTQ+,Visual Novel,Emotional,Interactive Fiction,Female Protagonist,Atmospheric,Post-apocalyptic,Horror,Lore-Rich,Psychological Horror,Romance,Choices Matter,Conversation,Multiple Endings,Casual,Story Rich,Anime,Hand-drawn,Philosophical,Free to Play",5.25,https://store.steampowered.com/app/1523150/,0.0,0.9145457453364884,casual romance femaleprotagonist postapocalyptic emotional interactivefiction storyrich conversation anime visualnovel lorerich psychologicalhorror rpg freetoplay horror lgbtq+ singleplayer philosophical choicesmatter multipleendings handdrawn atmospheric
Pummel Paladins,2020-09-18,0.5962588843196084,0.0,0,https://shared.akamai.steamstatic.com/store_item_assets/steam/apps/1380430/header.jpg?t=1600462958,0,"Multi-player,PvP,Shared/Split Screen PvP,Shared/Split Screen,Remote Play Together","Action,Casual,Free To Play,Indie","Local Multiplayer,Arcade,PvP,2D Fighter,Retro,Bullet Hell,2.5D,Competitive,Magic,Fighting,Martial Arts,Colorful,Medieval,Pixel Graphics,Split Screen,Action,Casual,Top-Down,Fantasy,e-sports",5.63,https://store.steampowered.com/app/1380430/,0.0,0.9145457453364884,casual esports fantasy localmultiplayer pixelgraphics pvp medieval splitscreen multiplayer remoteplaytogether colorful arcade sharedsplitscreenpvp action indie bullethell freetoplay fighting magic 2.5d 2dfighter competitive martialarts topdown retro
How To Cope With Boredom and Loneliness,2018-04-02,0.5962588843196084,0.0,0,https://shared.akamai.steamstatic.com/store_item_assets/steam/apps/797390/header.jpg?t=1568214955,77,"Single-player,Steam Achievements","Adventure,Free To Play,Indie","Free to Play,Indie,Sexual Content,Adventure,Point & Click,Pixel Graphics,2D,Documentary,Story Rich,Singleplayer,Drama,Narrative,Cinematic,Psychological,Funny",8.09,https://store.steampowered.com/app/797390/,0.0,0.914460783527848,storyrich singleplayer pointandclick documentary drama pixelgraphics cinematic adventure indie sexualcontent narrative funny psychological 2d freetoplay
SCP: Secret Laboratory,2017-12-29,0.8408738480320119,0.0,0,https://shared.akamai.steamstatic.com/store_item_assets/steam/apps/700330/b9e9523125e27fb89bda1cfc804996985a80080c/header_alt_assets_0.jpg?t=1766261239,86,"Multi-player,PvP,Online PvP,Steam Achievements,Steam Cloud,Valve Anti-Cheat enabled","Action,Casual,Indie,RPG,Free To Play","Free to Play,Multiplayer,Horror,First-Person,Co-op,Survival Horror,Shooter,Online Co-Op,FPS,Action,Memes,Survival,Sci-fi,Psychological Horror,Atmospheric,Strategy,Difficult,Indie,Adventure,Fantasy",8.35,https://store.steampowered.com/app/700330/,0.0,0.9141948848004828,casual fantasy pvp multiplayer survivalhorror adventure survival psychologicalhorror fps action indie rpg shooter coop freetoplay memes horror onlinepvp scifi firstperson atmospheric strategy difficult
Power of Ten - Demo,2020-09-23,0.4892366412165478,0.0,0,https://shared.akamai.steamstatic.com/store_item_assets/steam/apps/1394090/header.jpg?t=1728952728,0,"Single-player,Steam Achievements,Full controller support","Action,Indie","Rogue-lite,Top-Down Shooter,Free to Play,Pixel Graphics,Action Roguelike,Atmospheric,Sci-fi,Action-Adventure,2D Platformer,Looter Shooter,Space Sim,Shooter,Rogue-like,2D,Platformer,Top-Down,Action,Retro,Space,Combat",5.62,https://store.steampowered.com/app/1394090/,0.0,0.9141417603212164,controller pixelgraphics actionroguelike spacesim lootershooter actionadventure roguelite combat roguelike 2d action indie 2dplatformer shooter freetoplay topdownshooter singleplayer platformer scifi atmospheric space topdown retro
FULFILLMENT,2019-11-12,0.5557766305439302,0.0,0,https://shared.akamai.steamstatic.com/store_item_assets/steam/apps/1172900/header.jpg?t=1642209376,19,Single-player,"Action,Adventure,Casual,Free To Play,Indie","Free to Play,Indie,Casual,Action,Adventure,Pixel Graphics,Singleplayer,2D,Difficult,Political,Dark Comedy",6.48,https://store.steampowered.com/app/1172900/,0.0,0.913976973616406,casual singleplayer darkcomedy pixelgraphics action political adventure indie 2d freetoplay difficult
Zardy's Maze,2021-01-22,0.6330768564718121,0.0,0,https://shared.akamai.steamstatic.com/store_item_assets/steam/apps/1484800/header.jpg?t=1721234747,0,Single-player,"Action,Indie,Strategy,Free To Play","Horror,Action,Survival,Strategy,Free to Play,Mystery,Multiplayer,Stealth,Difficult,3D,Survival Horror,First-Person,Indie,Singleplayer,Dark,Cartoony,Stylized,Psychological Horror,Supernatural,Multiple Endings",5.28,https://store.steampowered.com/app/1484800/,0.0,0.9139082775684244,supernatural multiplayer survivalhorror singleplayer cartoon stylized survival psychologicalhorror action indie dark 3d freetoplay stealth horror mystery firstperson multipleendings strategy difficult
One-armed robber,2023-12-15,0.8003907929561015,0.0,0,https://shared.akamai.steamstatic.com/store_item_assets/steam/apps/2551020/header.jpg?t=1726393211,71,"Single-player,Multi-player,Co-op,Online Co-op,Steam Achievements,In-App Purchases,Steam Cloud,Stats","Action,Indie,Simulation,Strategy,Free To Play","Free to Play,Multiplayer,Heist,Co-op,Action,Simulation,FPS,Funny,Strategy,First-Person,Shooter,Stealth,3D,Singleplayer,Physics,VR,Tactical,Real Time Tactics,Indie,Stylized",2.39,https://store.steampowered.com/app/2551020/,0.0,0.9138141456279912,tactical funny inapppurchases simulation heist multiplayer singleplayer vr stylized realtimetactics fps action physics indie stats shooter coop 3d freetoplay stealth firstperson strategy
Waves 2: Notorious,2015-12-16,0.5557766305439302,0.0,0,https://shared.akamai.steamstatic.com/store_item_assets/steam/apps/217120/header.jpg?t=1659752631,40,"Single-player,Multi-player,PvP,Online PvP,Steam Achievements,Full controller support,Steam Cloud,Stats,Steam Leaderboards","Action,Early Access","Early Access,Action Roguelike,Arena Shooter,Bullet Hell,Shoot 'Em Up,Top-Down Shooter,Twin Stick Shooter,Shooter,Arcade,Top-Down,Cyberpunk,Bullet Time,Procedural Generation,Action,Abstract,Colorful,Score Attack,Psychedelic,Hacking,Multiplayer",10.39,https://store.steampowered.com/app/217120/,0.0,0.9138079588057756,controller pvp abstract actionroguelike psychedelic multiplayer cyberpunk colorful arcade scoreattack arenashooter proceduralgeneration action stats shooter bullethell earlyaccess twinstickshooter hacking topdownshooter shootemup bullettime singleplayer onlinepvp topdown
Summerland,2020-12-01,0.6780830971139326,0.0,1,https://shared.akamai.steamstatic.com/store_item_assets/steam/apps/1444110/header.jpg?t=1726064290,0,"Single-player,Steam Achievements,Full controller support","Adventure,Indie,Free To Play","Adventure,Story Rich,Walking Simulator,Atmospheric,First-Person,Point & Click,Exploration,Interactive Fiction,Philosophical,Cinematic,3D,Detective,Investigation,Linear,Puzzle,Realistic,Emotional,Stylized,Free to Play,Mystery",5.43,https://store.steampowered.com/app/1444110/,0.0,0.9136654630018828,walkingsimulator controller emotional storyrich interactivefiction puzzle adventure realistic stylized cinematic linear indie 3d freetoplay exploration philosophical singleplayer mystery pointandclick firstperson investigation atmospheric detective
Lucid Dream,2020-05-04,0.5962588843196084,0.0,0,https://shared.akamai.steamstatic.com/store_item_assets/steam/apps/1264740/header.jpg?t=1667325944,0,Single-player,"Adventure,Free To Play,Indie","Free to Play,Adventure,Indie,Horror,Point & Click,Mystery,Anime,Multiplayer",6.0,https://store.steampowered.com/app/1264740/,0.0,0.9136274020753326,mystery singleplayer pointandclick adventure indie anime freetoplay multiplayer horror
Fistful of Frags,2014-05-09,0.8003907929561015,0.0,1,https://shared.akamai.steamstatic.com/store_item_assets/steam/apps/265630/header.jpg?t=1709219464,97,"Multi-player,PvP,Online PvP,LAN PvP,Co-op,Online Co-op,LAN Co-op,Cross-Platform Multiplayer,Steam Achievements,Steam Workshop,Stats,Steam Leaderboards,Includes level editor,Includes Source SDK,Remote Play Together","Action,Free To Play,Indie","PvP,Arena Shooter,FPS,PvE,Western,Survival,Shooter,First-Person,Historical,Funny,Action,Simulation,Comedy,Adventure,Massively Multiplayer,Co-op,Multiplayer,Online Co-Op,Free to Play,Mod",11.99,https://store.steampowered.com/app/265630/,0.0,0.9135512677741388,includessourcesdk coop pvp funny western simulation massivelymultiplayer multiplayer lanpvp pve includesleveleditor remoteplaytogether adventure arenashooter mod survival fps action indie stats shooter freetoplay onlinepvp firstperson crossplatformmultiplayer historical comedy
Winging It,2022-02-11,0.4892366412165478,0.0,0,https://shared.akamai.steamstatic.com/store_item_assets/steam/apps/1693310/header.jpg?t=1727232207,0,"Single-player,Full controller support","Action,Indie","Flight,Action,Side Scroller,Stylized,Relaxing,Singleplayer,Cute,Physics,Platformer,Indie,Controller,3D,2.5D",4.23,https://store.steampowered.com/app/1693310/,0.0,0.9135476647105222,2.5d singleplayer platformer controller action physics sidescroller indie cute relaxing 3d flight stylized
Cat Burglar: A Tail of Purrsuit,2019-03-05,0.5557766305439302,0.0,1,https://shared.akamai.steamstatic.com/store_item_assets/steam/apps/760510/header.jpg?t=1760468398,59,"Single-player,Steam Achievements,Full controller support","Adventure,Casual,Indie","Stealth,Indie,Casual,Adventure,Cats,3D Platformer,Short,Action,Cute,Female Protagonist,Free to Play,Early Access,Puzzle-Platformer,Singleplayer",7.17,https://store.steampowered.com/app/760510/,0.0,0.9134480075135664,casual singleplayer short 3dplatformer controller cats action puzzleplatformer adventure indie cute femaleprotagonist earlyaccess freetoplay stealth
Kill It With Fire: Ignition,2020-04-28,0.4892366412165478,0.0,0,https://shared.akamai.steamstatic.com/store_item_assets/steam/apps/1291500/header.jpg?t=1713279729,40,"Single-player,Full controller support","Action,Casual,Indie,Simulation","Sandbox,Funny,Comedy,First-Person,Cute,Physics,Simulation,Destruction,Exploration,Stealth,3D,Survival,Casual,Action,Parody,Dark Humor,Artificial Intelligence,FPS,Survival Horror,Character Customization",6.02,https://store.steampowered.com/app/1291500/,0.0,0.9134003205919304,casual artificialintelligence controller funny simulation charactercustomization survivalhorror destruction survival fps action physics indie sandbox darkhumor 3d stealth exploration singleplayer firstperson parody cute comedy
HueBots,2015-08-26,0.4892366412165478,0.0,0,https://shared.akamai.steamstatic.com/store_item_assets/steam/apps/397400/header.jpg?t=1583944136,0,"Single-player,Steam Achievements,Steam Cloud,Includes level editor","Casual,Free To Play,Indie,Strategy","Free to Play,Strategy,Casual,Indie,Puzzle",10.69,https://store.steampowered.com/app/397400/,0.0,0.9133909581113058,casual singleplayer puzzle includesleveleditor indie freetoplay strategy
Blaston,2020-12-15,0.4892366412165478,0.0,1,https://shared.akamai.steamstatic.com/store_item_assets/steam/apps/1427890/header.jpg?t=1681359966,31,"Single-player,Multi-player,PvP,Online PvP,Cross-Platform Multiplayer,Tracked Controller Support,VR Only","Action,Indie,Strategy","Singleplayer,Strategy,VR,Multiplayer,Competitive,PvP,Cyberpunk,Fast-Paced,3D,FPS,Bullet Hell,Shooter,3D Fighter,Arcade,Character Customization,Bullet Time,First-Person,Action,Sports,Arena Shooter",5.39,https://store.steampowered.com/app/1427890/,0.0,0.913165080668254,pvp controller multiplayer charactercustomization cyberpunk singleplayer vr arcade arenashooter sports fps action indie shooter bullethell 3dfighter 3d bullettime fastpaced onlinepvp firstperson competitive crossplatformmultiplayer strategy
Nefertari: Journey to Eternity,2018-06-28,0.5557766305439302,0.0,0,https://shared.akamai.steamstatic.com/store_item_assets/steam/apps/861400/header.jpg?t=1673301697,0,"Single-player,Tracked Controller Support,VR Only",Simulation,"Simulation,VR,Education,Historical",7.85,https://store.steampowered.com/app/861400/,0.0,0.9131528974478156,singleplayer vr historical simulation controller education
Perceptions of the Dead,2017-10-31,0.5557766305439302,0.0,1,https://shared.akamai.steamstatic.com/store_item_assets/steam/apps/745760/header.jpg?t=1572905484,162,Single-player,"Adventure,Casual,Free To Play,Indie","Free to Play,Indie,Visual Novel,Adventure,Casual,Horror,Female Protagonist,Singleplayer",8.51,https://store.steampowered.com/app/745760/,0.0,0.9129909198231853,casual singleplayer adventure indie visualnovel femaleprotagonist freetoplay horror
THE DEVIL HAUNTS ME,2019-01-06,0.5557766305439302,0.0,2,https://shared.akamai.steamstatic.com/store_item_assets/steam/apps/993170/header.jpg?t=1546833622,0,"Single-player,Steam Achievements,Partial Controller Support",Adventure,"Adventure,Gore,Survival,Survival Horror,Free to Play,Horror,Pixel Graphics,Multiplayer",7.33,https://store.steampowered.com/app/993170/,0.0,0.9129638156961284,singleplayer horror pixelgraphics survivalhorror adventure gore controller freetoplay multiplayer survival
Game Of Puzzles: Animals,2019-05-17,0.4892366412165478,0.0,2,https://shared.akamai.steamstatic.com/store_item_assets/steam/apps/1077160/header.jpg?t=1737791700,0,"Single-player,Steam Achievements,Steam Cloud","Casual,Indie,Strategy,Free To Play","Free to Play,Casual,Indie,Strategy,Puzzle,Singleplayer,Family Friendly,Logic,Education,Relaxing,2D",6.97,https://store.steampowered.com/app/1077160/,0.0,0.9129078694674552,casual singleplayer puzzle familyfriendly indie logic relaxing 2d freetoplay strategy education
Blood: One Unit Whole Blood,2014-07-14,0.6330768564718121,0.0,0,https://shared.akamai.steamstatic.com/store_item_assets/steam/apps/299030/header.jpg?t=1668116208,26,"Single-player,Family Sharing","Action,Adventure","FPS,Classic,Horror,Action,Gore,1990's,Shooter,Retro,Old School,Dark,Adventure,Singleplayer,Zombies,Atmospheric,Blood,First-Person,Difficult,2.5D,Gothic,Boomer Shooter",11.81,https://store.steampowered.com/app/299030/,0.0,0.9129012840506208,gothic adventure singleplayer gore classic zombies fps action shooter 1990s dark blood horror 2.5d oldschool boomershooter firstperson atmospheric retro difficult
Vanildo's Journey,2022-05-09,0.5557766305439302,0.0,2,https://shared.akamai.steamstatic.com/store_item_assets/steam/apps/1830270/header.jpg?t=1758239233,0,"Single-player,Steam Achievements,Full controller support,Steam Cloud","Adventure,Casual,Indie,RPG,Free To Play","Funny,Story Rich,Lore-Rich,Psychological Horror,RPG,Exploration,Sandbox,Comedy,Dark Humor,Dark Comedy,Fantasy,Mystery,Stylized,Free to Play,Hidden Object,Dark,Pixel Graphics,Investigation,Adventure,RPGMaker",3.99,https://store.steampowered.com/app/1830270/,0.0,0.9127569500038166,casual fantasy controller pixelgraphics funny hiddenobject storyrich adventure rpgmaker stylized lorerich psychologicalhorror indie rpg sandbox darkhumor dark freetoplay exploration mystery singleplayer darkcomedy investigation comedy
Himno,2019-04-26,0.755384370197392,0.0,1,https://shared.akamai.steamstatic.com/store_item_assets/steam/apps/931690/header.jpg?t=1765018552,18,"Single-player,Steam Achievements,Partial Controller Support,Stats","Adventure,Casual,Indie,Free To Play","Free to Play,Pixel Graphics,2D,Platformer,Singleplayer,Adventure,Multiplayer,Procedural Generation,2D Platformer,Action,RPG,Fantasy,Rogue-like,Action RPG,Action Roguelike,Action-Adventure,Exploration,Bullet Hell,Rogue-lite,Casual",7.03,https://store.steampowered.com/app/931690/,0.0,0.9124162799896638,casual fantasy pixelgraphics actionroguelike controller actionadventure multiplayer roguelite roguelike adventure singleplayer 2d proceduralgeneration actionrpg action indie stats rpg 2dplatformer bullethell freetoplay exploration platformer
b,2017-06-26,0.6780830971139326,0.0,0,https://shared.akamai.steamstatic.com/store_item_assets/steam/apps/660880/header.jpg?t=1695423278,978,"Single-player,VR Supported,Partial Controller Support","Casual,Indie,Free To Play","Anime,Story Rich,Free to Play,Memes,Open World,Female Protagonist,Shooter,Family Friendly,Simulation,Indie,Casual,Difficult,Great Soundtrack,Multiplayer,FPS,Action,Cute,Atmospheric,Massively Multiplayer,Soundtrack",8.86,https://store.steampowered.com/app/660880/,0.0,0.912270995916962,casual vr femaleprotagonist controller simulation massivelymultiplayer multiplayer openworld storyrich greatsoundtrack familyfriendly anime fps action indie shooter freetoplay memes singleplayer cute atmospheric soundtrack difficult
Infinitode 2 - Infinite Tower Defense,2021-05-06,0.5962588843196084,0.0,0,https://shared.akamai.steamstatic.com/store_item_assets/steam/apps/937310/header.jpg?t=1722434542,146,"Single-player,Steam Achievements,In-App Purchases,Steam Cloud,Includes level editor","Indie,Strategy,Free To Play","Level Editor,Tower Defense,Building,Real Time Tactics,PvE,Strategy,Top-Down,2D,Free to Play,Cyberpunk,Relaxing,Minimalist,Casual,Singleplayer,Colorful,Logic,Tactical,Moddable,Mining,Music",5.0,https://store.steampowered.com/app/937310/,0.0,0.91214097552302,casual tactical logic inapppurchases relaxing building cyberpunk pve mining includesleveleditor singleplayer minimalist colorful 2d realtimetactics indie music freetoplay moddable towerdefense leveleditor topdown strategy
One Ping Only,2018-04-14,0.4892366412165478,0.0,0,https://shared.akamai.steamstatic.com/store_item_assets/steam/apps/828030/header.jpg?t=1524604956,26,Single-player,"Action,Adventure,Casual,Free To Play,Indie","Free to Play,Action,Adventure,Indie,Casual,Submarine",8.06,https://store.steampowered.com/app/828030/,0.0,0.9121212976479868,casual singleplayer action submarine adventure indie freetoplay
Earthlingo,2019-10-17,0.5557766305439302,0.0,0,https://shared.akamai.steamstatic.com/store_item_assets/steam/apps/1071240/header.jpg?t=1726362045,0,Single-player,"Casual,Free To Play","Free to Play,Casual,Education",6.55,https://store.steampowered.com/app/1071240/,0.0,0.9120754085870536,freetoplay casual singleplayer education
Unturned,2017-07-07,0.96318167408801,0.0,1,https://shared.akamai.steamstatic.com/store_item_assets/steam/apps/304930/header.jpg?t=1765479894,320,"Single-player,Multi-player,PvP,Online PvP,LAN PvP,Co-op,Online Co-op,LAN Co-op,Steam Achievements,Steam Trading Cards,Steam Workshop,In-App Purchases,Camera Comfort,Custom Volume Controls,Adjustable Difficulty,Playable without Timed Input,Stereo Sound,Steam Cloud,Valve Anti-Cheat enabled,Stats,Includes level editor,Remote Play on Tablet","Action,Adventure,Casual,Indie,Free To Play","Free to Play,Survival,Zombies,Multiplayer,Open World,Co-op,Sandbox,Crafting,Shooter,Adventure,Post-apocalyptic,First-Person,Singleplayer,Looter Shooter,FPS,Action,Massively Multiplayer,Indie,Atmospheric,Casual",8.83,https://store.steampowered.com/app/304930/,0.0,0.9120316739696606,casual playablewithouttimedinput coop pvp inapppurchases lootershooter postapocalyptic massivelymultiplayer multiplayer openworld customvolumecontrols lanpvp includesleveleditor crafting adventure singleplayer remoteplayontablet survival zombies fps action stereosound indie stats sandbox shooter freetoplay onlinepvp firstperson atmospheric
Tacview,2019-11-05,0.5557766305439302,0.0,2,https://shared.akamai.steamstatic.com/store_item_assets/steam/apps/1174860/header.jpg?t=1723604468,402,,"Software Training,Utilities","Utilities,Software Training,Simulation,Tactical",6.5,https://store.steampowered.com/app/1174860/,0.0,0.9120298745699856,tactical utilities software simulation
STEINS;GATE ELITE,2019-02-19,0.5557766305439302,0.0,0,https://shared.akamai.steamstatic.com/store_item_assets/steam/apps/819030/header.jpg?t=1715703414,228,"Single-player,Steam Achievements,Full controller support,Steam Cloud,Remote Play on Phone,Remote Play on Tablet,Family Sharing",Adventure,"Visual Novel,Anime,Time Travel,Sci-fi,Story Rich,Adventure,Great Soundtrack,Singleplayer,Violent,Choices Matter,Multiple Endings,Romance,Science,Gore,Thriller,Remake,Drama,Psychological Horror,Mystery",7.21,https://store.steampowered.com/app/819030/,0.0,0.911945260567344,timetravel controller remoteplayonphone romance storyrich violent science greatsoundtrack adventure singleplayer remoteplayontablet anime gore visualnovel psychologicalhorror drama thriller remake mystery choicesmatter scifi multipleendings
Love Thyself - A Horatio Story,2019-04-01,0.6330768564718121,0.0,0,https://shared.akamai.steamstatic.com/store_item_assets/steam/apps/949060/header.jpg?t=1762447755,124,"Single-player,Steam Achievements","Casual,Indie,Simulation","Visual Novel,Casual,Indie,Simulation,Dating Sim,Funny,Singleplayer,Great Soundtrack,Free to Play,Sci-fi,Story Rich",7.1,https://store.steampowered.com/app/949060/,0.0,0.911909270111664,storyrich casual singleplayer datingsim greatsoundtrack scifi indie funny visualnovel simulation freetoplay
Atelier Ryza 3: Alchemist of the End & the Secret Key,2023-03-23,0.6330768564718121,0.0,9,https://shared.akamai.steamstatic.com/store_item_assets/steam/apps/1999770/header.jpg?t=1762996815,3280,"Single-player,Steam Achievements,Partial Controller Support,Steam Cloud,Family Sharing","Adventure,Casual,RPG,Simulation","Exploration,JRPG,Female Protagonist,Collectathon,Puzzle,RPG,Cute,Open World,Lore-Rich,Turn-Based Combat,Story Rich,Anime,Action,Casual,Colorful,Emotional,Simulation,Adventure,Singleplayer,Sexual Content",3.12,https://store.steampowered.com/app/1999770/,0.0,0.9118945754736456,casual femaleprotagonist jrpg controller simulation openworld emotional storyrich puzzle turnbasedcombat adventure singleplayer anime colorful lorerich action rpg collectathon exploration sexualcontent cute
Bloons Monkey City,2020-04-10,0.6780830971139326,0.0,10,https://shared.akamai.steamstatic.com/store_item_assets/steam/apps/1252780/header.jpg?t=1725012313,222,"Single-player,Steam Achievements,In-App Purchases","Action,Strategy,Free To Play","Free to Play,Strategy,Action,City Builder,Tower Defense,Multiplayer,Casual,Family Friendly,Co-op,Great Soundtrack,Singleplayer",6.07,https://store.steampowered.com/app/1252780/,0.0,0.9117981908653454,singleplayer casual greatsoundtrack action familyfriendly coop citybuilder inapppurchases freetoplay strategy multiplayer towerdefense
Domiverse,2018-03-07,0.4892366412165478,0.0,1,https://shared.akamai.steamstatic.com/store_item_assets/steam/apps/598880/header.jpg?t=1640091535,20,"Single-player,Multi-player,PvP,Shared/Split Screen PvP,Shared/Split Screen,Steam Achievements,Full controller support,Steam Trading Cards,Steam Cloud,Remote Play on Phone,Remote Play on Tablet,Remote Play on TV,Remote Play Together","Action,Indie","Action,Local Multiplayer,2D Fighter,PvP,Multiplayer,4 Player Local,Indie,2D,Fighting,Pixel Graphics,Platformer,Arcade,e-sports,Fast-Paced,2D Platformer,Precision Platformer,Sci-fi,Comic Book,Cats,Fantasy",8.16,https://store.steampowered.com/app/598880/,0.0,0.9117967964313884,remoteplayontv esports fantasy controller remoteplayonphone localmultiplayer pvp pixelgraphics multiplayer remoteplaytogether remoteplayontablet arcade 2d 4playerlocal sharedsplitscreenpvp action indie 2dplatformer splitscreen fighting singleplayer platformer fastpaced scifi cats 2dfighter precisionplatformer comicbook
Mona Lisa: Beyond The Glass,2019-11-07,0.4892366412165478,0.0,0,https://shared.akamai.steamstatic.com/store_item_assets/steam/apps/1172310/header.jpg?t=1573758805,12,"Tracked Controller Support,VR Only",Education,"Education,VR",6.49,https://store.steampowered.com/app/1172310/,0.0,0.9117875500020052,controller vr education
Zom Nom,2020-01-02,0.5557766305439302,0.0,0,https://shared.akamai.steamstatic.com/store_item_assets/steam/apps/1193070/header.jpg?t=1577969480,0,"Single-player,Full controller support","Casual,Free To Play","Free to Play,Casual,Zombies,Side Scroller,Indie,Platformer",6.34,https://store.steampowered.com/app/1193070/,0.0,0.9117824401331356,casual zombies singleplayer platformer controller sidescroller indie freetoplay
Party Jousting,2016-03-01,0.8003907929561015,0.0,2,https://shared.akamai.steamstatic.com/store_item_assets/steam/apps/437900/header.jpg?t=1728975479,25,"Multi-player,PvP,Shared/Split Screen PvP,Shared/Split Screen,Steam Achievements,Full controller support,Remote Play on TV,Remote Play Together","Casual,Indie,Sports","Free to Play,Casual,Indie,Sports,Multiplayer,Local Multiplayer,2D,Pixel Graphics,Funny,Party,Controller",10.18,https://store.steampowered.com/app/437900/,0.0,0.9117683984934748,casual remoteplayontv controller localmultiplayer pixelgraphics pvp funny party multiplayer remoteplaytogether 2d sports sharedsplitscreenpvp indie freetoplay splitscreen
King Rabbit - Puzzle,2019-01-25,0.5962588843196084,0.0,0,https://shared.akamai.steamstatic.com/store_item_assets/steam/apps/852340/header.jpg?t=1685382818,0,"Single-player,In-App Purchases,Partial Controller Support,Includes level editor","Action,Adventure,Casual,Free To Play,Indie","Precision Platformer,Sokoban,2D Platformer,Puzzle-Platformer,Creature Collector,Puzzle,Sandbox,Difficult,Platformer,Character Customization,2D,Cute,2.5D,Third Person,LEGO,Relaxing,Nonlinear,Casual,Cartoony,Minimalist",7.28,https://store.steampowered.com/app/852340/,0.0,0.9116015433146414,casual inapppurchases relaxing controller charactercustomization sokoban puzzle includesleveleditor adventure minimalist nonlinear cartoon 2d creaturecollector action indie 2dplatformer sandbox thirdperson freetoplay puzzleplatformer 2.5d singleplayer platformer lego cute precisionplatformer difficult
Catch Me If You Can,2022-10-28,0.5557766305439302,0.0,0,https://shared.akamai.steamstatic.com/store_item_assets/steam/apps/839330/header.jpg?t=1728486872,0,"Multi-player,PvP,Online PvP,Steam Achievements,Steam Cloud,Stats","Action,Casual,Indie","Fast-Paced,Runner,Competitive,Physics,Multiplayer,Party Game,Free to Play,Parkour,Real Time Tactics,First-Person,Arena Shooter,Precision Platformer,PvP,Arcade,Strategy,3D,Funny,Team-Based,Action,Casual",3.52,https://store.steampowered.com/app/839330/,0.0,0.9114421316105552,casual pvp partygame funny multiplayer runner arcade arenashooter parkour realtimetactics action physics indie stats teambased 3d freetoplay fastpaced onlinepvp firstperson competitive precisionplatformer strategy
修仙小屋,2025-03-26,0.4892366412165478,0.0,0,https://shared.akamai.steamstatic.com/store_item_assets/steam/apps/2892880/header.jpg?t=1743036562,0,"Multi-player,MMO","Casual,Massively Multiplayer,Simulation,Free To Play","Casual,Simulation,Word Game,Idler,Massively Multiplayer,2D Platformer,2D,Minimalist,Retro,Free to Play,Mythology,Multiplayer,Text-Based",1.11,https://store.steampowered.com/app/2892880/,0.0,0.911335933475754,casual idler wordgame multiplayer mythology mmo minimalist 2dplatformer textbased 2d simulation freetoplay retro massivelymultiplayer
Pitcher and the Whale,2020-07-24,0.5557766305439302,0.0,0,https://shared.akamai.steamstatic.com/store_item_assets/steam/apps/1330120/header.jpg?t=1595603710,0,Single-player,Casual,"Casual,2D Platformer,Exploration,Singleplayer,Action,Adventure,Free to Play",5.78,https://store.steampowered.com/app/1330120/,0.0,0.9109851513921754,casual singleplayer action adventure 2dplatformer freetoplay exploration
Untitled Ghost Game,2023-09-12,0.5557766305439302,0.0,0,https://shared.akamai.steamstatic.com/store_item_assets/steam/apps/2356460/header.jpg?t=1708646878,0,"Single-player,Multi-player,Co-op,Online Co-op,Steam Achievements,Partial Controller Support,Stats,Steam Leaderboards","Action,Casual,Indie,Free To Play","Psychological Horror,Horror,Multiplayer,Online Co-Op,Character Customization,Retro,Moddable,Pixel Graphics,2D,Top-Down,Action,Dark,Casual,Arcade,Grand Strategy,Demons,Hunting,LGBTQ+,Nonlinear,PvE",2.65,https://store.steampowered.com/app/2356460/,0.0,0.9109482384951324,casual pixelgraphics demons controller charactercustomization multiplayer pve nonlinear arcade 2d psychologicalhorror hunting action indie stats coop dark freetoplay moddable horror lgbtq+ singleplayer grandstrategy topdown retro
Madrun,2020-04-11,0.5557766305439302,0.0,0,https://shared.akamai.steamstatic.com/store_item_assets/steam/apps/1266980/header.jpg?t=1668379465,0,"Single-player,Multi-player,PvP,Online PvP,Shared/Split Screen PvP,Shared/Split Screen,Steam Achievements,Steam Leaderboards","Action,Casual,Free To Play,Indie,Racing","Multiplayer,Racing,2D Platformer,Funny,Procedural Generation,Comedy,Action,Combat Racing,2D Fighter,2D,Runner,Parkour,PvP,Platformer,Relaxing,Pixel Graphics,Casual,Retro,Singleplayer,Free to Play",6.07,https://store.steampowered.com/app/1266980/,0.0,0.9108852084590914,casual combatracing pixelgraphics pvp funny relaxing multiplayer runner singleplayer racing 2d proceduralgeneration sharedsplitscreenpvp parkour action indie 2dplatformer freetoplay splitscreen platformer onlinepvp 2dfighter comedy retro
Dawn,2017-03-31,0.6330768564718121,0.0,0,https://shared.akamai.steamstatic.com/store_item_assets/steam/apps/605610/header.jpg?t=1709310306,60,"Single-player,Steam Achievements,Full controller support","Adventure,Casual,Free To Play","Free to Play,Casual,Adventure,3D Platformer,Singleplayer,Atmospheric,Short,Third Person,Platformer,Multiplayer",9.1,https://store.steampowered.com/app/605610/,0.0,0.9108412262546518,casual singleplayer short 3dplatformer platformer controller adventure thirdperson atmospheric freetoplay multiplayer
Sigils of Elohim,2014-10-13,0.6780830971139326,0.0,0,https://shared.akamai.steamstatic.com/store_item_assets/steam/apps/321480/header.jpg?t=1728689815,36,Single-player,"Casual,Indie,Strategy,Free To Play","Free to Play,Puzzle,Casual,Indie,Strategy,Singleplayer,Great Soundtrack,2D,Difficult",11.56,https://store.steampowered.com/app/321480/,0.0,0.9108376865074608,casual singleplayer greatsoundtrack puzzle indie 2d freetoplay strategy difficult
Chicken Invaders Universe,2022-12-15,0.6780830971139326,0.0,0,https://shared.akamai.steamstatic.com/store_item_assets/steam/apps/1510460/header.jpg?t=1739045082,58,"Multi-player,MMO,Co-op,Online Co-op,Full controller support,In-App Purchases,Steam Cloud","Action,Casual,Indie,Massively Multiplayer,Free To Play","Shooter,Shoot 'Em Up,Top-Down Shooter,Action,Family Friendly,Old School,Casual,Space,Arcade,2D,Parody,Cartoony,Cute,Comedy,Top-Down,Futuristic,Retro,Sci-fi,Aliens,Combat",3.39,https://store.steampowered.com/app/1510460/,0.0,0.9106636919932048,casual controller inapppurchases massivelymultiplayer combat multiplayer familyfriendly arcade 2d cartoon action aliens indie futuristic shooter coop freetoplay topdownshooter shootemup oldschool scifi mmo parody cute comedy space topdown retro
Frightened Beetles,2018-05-11,0.5962588843196084,0.0,0,https://shared.akamai.steamstatic.com/store_item_assets/steam/apps/823830/header.jpg?t=1646565438,11,"Single-player,Steam Achievements,Full controller support","Adventure,Casual,Free To Play,Indie","Free to Play,Casual,Indie,Adventure,Short,Singleplayer",7.99,https://store.steampowered.com/app/823830/,0.0,0.9106526779389452,casual singleplayer short controller adventure indie freetoplay
Super Blue Boy Planet,2016-12-16,0.6780830971139326,0.0,0,https://shared.akamai.steamstatic.com/store_item_assets/steam/apps/560260/header.jpg?t=1728112758,42,"Single-player,Steam Achievements,Full controller support,Steam Cloud","Indie,Free To Play","Free to Play,Pixel Graphics,Indie,2D,Platformer,Retro,Multiplayer,Adventure,GameMaker,Singleplayer,Great Soundtrack,Action,Controller,Short,Casual",9.39,https://store.steampowered.com/app/560260/,0.0,0.910649071470784,casual controller pixelgraphics multiplayer greatsoundtrack adventure singleplayer 2d short action indie freetoplay platformer gamemaker retro
UEBERNATURAL: The Video Game - Prologue,2021-10-13,0.4892366412165478,0.0,2,https://shared.akamai.steamstatic.com/store_item_assets/steam/apps/1386940/header.jpg?t=1758727470,0,"Single-player,Steam Achievements,Full controller support","Action,Adventure,Indie,Free To Play","Action,Adventure,Action-Adventure,2D Platformer,Pixel Graphics,Mystery,Investigation,Horror,Retro,Free to Play,Indie,Satire,Singleplayer,Narration,Arcade,Platformer,Point & Click,Side Scroller,2D,Historical",4.56,https://store.steampowered.com/app/1386940/,0.0,0.9103898180974918,controller pixelgraphics actionadventure adventure singleplayer narration arcade 2d satire action sidescroller indie 2dplatformer freetoplay horror mystery platformer pointandclick investigation historical retro
Symphony of Souls,2023-06-19,0.6330768564718121,0.0,0,https://shared.akamai.steamstatic.com/store_item_assets/steam/apps/2413160/header.jpg?t=1687212083,0,Single-player,"Action,Adventure,Casual,Free To Play,Indie","Action-Adventure,Platformer,Rhythm,Stylized,Action,Runner,Adventure,Parkour,3D Platformer,First-Person,3D,Fantasy,Rome,Linear,FPS,Physics,Narration,Artificial Intelligence,Tutorial,Free to Play",2.88,https://store.steampowered.com/app/2413160/,0.0,0.9103898180974918,casual artificialintelligence 3dplatformer fantasy rome actionadventure runner adventure narration parkour stylized fps action physics linear indie tutorial 3d rhythm freetoplay singleplayer platformer firstperson
StopGate,2020-09-01,0.5962588843196084,0.0,3,https://shared.akamai.steamstatic.com/store_item_assets/steam/apps/1376420/header.jpg?t=1608588358,0,"Single-player,Steam Achievements","Adventure,Casual,Free To Play,Indie","Comedy,Adventure,Visual Novel,Hand-drawn,Lore-Rich,Story Rich,Casual,2D,Memes,Fantasy,Free to Play,Indie,Multiple Endings,Singleplayer,Conversation",5.68,https://store.steampowered.com/app/1376420/,0.0,0.9102808567194356,storyrich casual singleplayer lorerich fantasy adventure indie conversation handdrawn multipleendings visualnovel comedy 2d freetoplay memes
Barn Finders: The Pilot,2020-04-28,0.6330768564718121,0.0,0,https://shared.akamai.steamstatic.com/store_item_assets/steam/apps/1287260/header.jpg?t=1728891194,491,Single-player,"Adventure,Casual,Indie,Simulation","Indie,Casual,Adventure,Simulation,Singleplayer,Exploration,Management,Realistic,Replay Value,Free to Play,Family Friendly,Inventory Management,Puzzle,First-Person,Funny,Comedy",6.02,https://store.steampowered.com/app/1287260/,0.0,0.9102587567198352,casual singleplayer puzzle management replayvalue familyfriendly adventure indie realistic inventorymanagement firstperson funny comedy simulation freetoplay exploration
Heart Fragment,2021-07-30,0.5557766305439302,0.0,2,https://shared.akamai.steamstatic.com/store_item_assets/steam/apps/1253880/header.jpg?t=1703990238,8,Single-player,"Indie,RPG,Simulation,Free To Play","Indie,Simulation,RPG,Visual Novel,Otome,Free to Play,Psychological,Story Rich,Romance,Female Protagonist,Dating Sim,Singleplayer,Choices Matter,Anime,Fantasy,LGBTQ+,Psychological Horror,Mystery",4.77,https://store.steampowered.com/app/1253880/,0.0,0.9098385884876204,fantasy romance otome femaleprotagonist simulation storyrich singleplayer anime visualnovel psychological datingsim psychologicalhorror indie rpg freetoplay lgbtq+ mystery choicesmatter
Death Skid Marks,2014-11-20,0.5557766305439302,0.0,1,https://shared.akamai.steamstatic.com/store_item_assets/steam/apps/326150/header.jpg?t=1661178384,454,"Single-player,Steam Achievements,Full controller support,Steam Trading Cards","Action,Indie,RPG","Action,Indie,Vehicular Combat,RPG,Action Roguelike,Arcade,Funny,Difficult,Retro,Rogue-lite,Rogue-like,Free to Play,Post-apocalyptic,2D,Singleplayer",11.46,https://store.steampowered.com/app/326150/,0.0,0.909731962692611,controller actionroguelike funny postapocalyptic roguelite roguelike singleplayer arcade 2d action indie rpg freetoplay retro vehicularcombat difficult
Space Yandere,2021-10-08,0.5557766305439302,0.0,0,https://shared.akamai.steamstatic.com/store_item_assets/steam/apps/1727660/header.jpg?t=1710233966,0,"Single-player,Partial Controller Support","RPG,Free To Play","RPGMaker,Cute,Emotional,Anime,Action RPG,Story Rich,Choices Matter,RPG,Drama,Pixel Graphics,Colorful,Funny,Singleplayer,Multiple Endings,Horror,Sci-fi,Atmospheric,Space,Adventure,Psychological Horror",4.57,https://store.steampowered.com/app/1727660/,0.0,0.9097314211300932,pixelgraphics funny controller emotional storyrich adventure singleplayer anime colorful rpgmaker actionrpg psychologicalhorror drama rpg freetoplay horror choicesmatter scifi cute multipleendings atmospheric space
Tombo Survivor,2020-12-25,0.4892366412165478,0.0,0,https://shared.akamai.steamstatic.com/store_item_assets/steam/apps/1440510/header.jpg?t=1641980606,0,"Single-player,Partial Controller Support,Stats,Steam Leaderboards",Action,"Action,Fighting,3D,Stylized,Singleplayer,PvE,Crime,Foreign,Grid-Based Movement",5.36,https://store.steampowered.com/app/1440510/,0.0,0.909579902153082,singleplayer pve foreign action gridbasedmovement stats controller 3d crime fighting stylized
Virtual Exhibition,2020-05-28,0.5557766305439302,0.0,0,https://shared.akamai.steamstatic.com/store_item_assets/steam/apps/1318980/header.jpg?t=1709308391,0,"Single-player,Full controller support","Indie,Simulation,Free To Play","Free to Play,Simulation,Indie,Education,Experience,Experimental,Atmospheric,Exploration,Singleplayer,First-Person,Realistic,Investigation,Philosophical,Stylized,3D,Linear,Tutorial,Walking Simulator,Relaxing,VR",5.94,https://store.steampowered.com/app/1318980/,0.0,0.909579902153082,walkingsimulator controller relaxing simulation education singleplayer realistic vr experience stylized linear indie tutorial 3d freetoplay exploration philosophical firstperson investigation atmospheric experimental
The night of fire stealing/盗火之夜,2018-08-15,0.5557766305439302,0.0,1,https://shared.akamai.steamstatic.com/store_item_assets/steam/apps/899290/header.jpg?t=1622370340,0,Single-player,"Adventure,Free To Play,Indie","Free to Play,Indie,Adventure,Female Protagonist,RPGMaker,Anime,2D",7.72,https://store.steampowered.com/app/899290/,0.0,0.9094518325415606,singleplayer adventure indie anime rpgmaker femaleprotagonist 2d freetoplay
Cartoon Network Journeys VR,2019-10-01,0.4892366412165478,0.0,0,https://shared.akamai.steamstatic.com/store_item_assets/steam/apps/1063530/header.jpg?t=1606324780,11,"Single-player,Steam Achievements,Tracked Controller Support,VR Only","Action,Adventure,Casual,Indie,RPG","Adventure,Action,Indie,RPG,Casual,VR,Free to Play,Psychological Horror",6.6,https://store.steampowered.com/app/1063530/,0.0,0.9093981817583556,casual singleplayer psychologicalhorror action adventure indie rpg vr controller freetoplay
Fare Thee Well,2018-04-06,0.4892366412165478,0.0,0,https://shared.akamai.steamstatic.com/store_item_assets/steam/apps/674580/header.jpg?t=1630685329,0,Single-player,Free To Play,"Free to Play,Visual Novel,Anime,Indie,Memes",8.08,https://store.steampowered.com/app/674580/,0.0,0.9093981817583556,singleplayer indie anime visualnovel freetoplay memes
Space Choice: Data Analyzer,2021-03-01,0.5557766305439302,0.0,0,https://shared.akamai.steamstatic.com/store_item_assets/steam/apps/1445040/header.jpg?t=1669226956,620,Single-player,"Casual,Free To Play,Indie,Simulation,Strategy","Casual,Strategy,Simulation,Free to Play,Experimental,Real Time Tactics,2D,Space,Indie,Singleplayer,Choices Matter",5.18,https://store.steampowered.com/app/1445040/,0.0,0.9093584170602156,realtimetactics casual singleplayer choicesmatter indie experimental simulation freetoplay strategy 2d space
Ignis Universia: Eternal Sisters Saga DX,2020-12-07,0.5557766305439302,0.0,1,https://shared.akamai.steamstatic.com/store_item_assets/steam/apps/694060/header.jpg?t=1723638968,0,"Single-player,Steam Achievements","Adventure,Indie,RPG","Visual Novel,Pixel Graphics,Female Protagonist,Funny,JRPG,Cute,Short,Colorful,Singleplayer,Turn-Based Combat,Old School,Anime,RPG,Story Rich,Indie,Parody,Free to Play,Casual,Exploration,Adventure",5.41,https://store.steampowered.com/app/694060/,0.0,0.9093149305430376,casual pixelgraphics funny femaleprotagonist jrpg storyrich turnbasedcombat adventure singleplayer anime colorful visualnovel short indie rpg freetoplay exploration oldschool parody cute
POSTAL,1997-11-14,0.8003907929561015,0.0,1,https://shared.akamai.steamstatic.com/store_item_assets/steam/apps/232770/header.jpg?t=1726332202,219,"Single-player,Steam Achievements,Full controller support,Steam Trading Cards,Family Sharing","Action,Indie","Horror,Villain Protagonist,Psychological Horror,Top-Down Shooter,Shooter,Twin Stick Shooter,Isometric,Difficult,Dark Humor,Top-Down,Dark Comedy,Surreal,Action,1990's,Psychological,Atmospheric,Linear,Hand-drawn,Comedy,Level Editor",28.47,https://store.steampowered.com/app/232770/,0.0,0.9090290961831584,controller surreal psychological psychologicalhorror action linear indie isometric shooter 1990s twinstickshooter darkhumor topdownshooter villainprotagonist horror singleplayer leveleditor darkcomedy handdrawn atmospheric comedy topdown difficult
Atelier Ryza 2: Lost Legends & the Secret Fairy,2021-01-25,0.5962588843196084,0.0,17,https://shared.akamai.steamstatic.com/store_item_assets/steam/apps/1257290/header.jpg?t=1762996809,2241,"Single-player,Steam Achievements,Partial Controller Support,Steam Cloud,Remote Play on Tablet,Family Sharing",RPG,"Exploration,Collectathon,Crafting,JRPG,Turn-Based,Female Protagonist,RPG,Turn-Based Combat,Cute,Story Rich,Action,Casual,Simulation,Anime,Fantasy,Emotional,Singleplayer,Adventure,Sexual Content,Open World",5.28,https://store.steampowered.com/app/1257290/,0.0,0.909027377942476,casual fantasy turnbased femaleprotagonist jrpg controller simulation openworld emotional storyrich turnbasedcombat adventure singleplayer remoteplayontablet anime action rpg collectathon exploration sexualcontent cute crafting
Gun Witch,2020-12-31,0.5962588843196084,0.0,1,https://shared.akamai.steamstatic.com/store_item_assets/steam/apps/1502790/header.jpg?t=1657761582,0,Single-player,"Action,Adventure,Casual,Free To Play,Indie,RPG","Adventure,RPG,Platformer,Action RPG,Shooter,2D Platformer,Side Scroller,JRPG,2D,Anime,Cartoony,Cute,Colorful,Pixel Graphics,Minimalist,Atmospheric,Comedy,Dark,Dark Comedy,Dark Fantasy",5.34,https://store.steampowered.com/app/1502790/,0.0,0.908914128016485,casual pixelgraphics jrpg adventure anime minimalist colorful cartoon 2d actionrpg action sidescroller indie rpg shooter 2dplatformer dark freetoplay darkfantasy singleplayer platformer darkcomedy cute atmospheric comedy
Pro Office Calculator,2018-09-05,0.5557766305439302,0.0,0,https://shared.akamai.steamstatic.com/store_item_assets/steam/apps/914430/header.jpg?t=1544526948,0,Single-player,"Adventure,Indie","Adventure,Indie,Psychological Horror,Sexual Content,Puzzle,Free to Play,Souls-like,Hentai,Nudity",7.67,https://store.steampowered.com/app/914430/,0.0,0.9087395126294758,singleplayer psychologicalhorror puzzle adventure indie sexualcontent hentai freetoplay soulslike nudity
"Warhammer® 40,000: Dawn of War® II Chaos Rising",2010-03-11,0.755384370197392,0.0,0,https://shared.akamai.steamstatic.com/store_item_assets/steam/apps/20570/header.jpg?t=1726774741,310,"Single-player,Multi-player,Co-op,Steam Cloud,Family Sharing",Strategy,"Strategy,Warhammer 40K,RTS,Sci-fi,Multiplayer,Games Workshop,Tactical,Co-op,Real-Time,RPG,Singleplayer,Gore,Action,Violent,Great Soundtrack,Real Time Tactics,Futuristic,Atmospheric",16.15,https://store.steampowered.com/app/20570/,0.0,0.908454714383632,tactical warhammer40k multiplayer violent greatsoundtrack gamesworkshop singleplayer gore rts realtimetactics action rpg futuristic scifi realtime atmospheric coop strategy
Vacuum Pilot,2022-10-30,0.5962588843196084,0.0,0,https://shared.akamai.steamstatic.com/store_item_assets/steam/apps/1677570/header.jpg?t=1744505154,0,"Single-player,Multi-player,PvP,Online PvP,Steam Achievements,Steam Workshop,In-App Purchases,Steam Cloud,Stats,Steam Leaderboards,Includes level editor","Racing,Free To Play","Time Attack,Multiplayer,Level Editor,Fast-Paced,Racing,Competitive,PvP,Character Customization,e-sports,Singleplayer,Arcade,Physics,Top-Down,Minimalist,2D,Early Access,Tutorial,Futuristic,Free to Play",3.52,https://store.steampowered.com/app/1677570/,0.0,0.9084125915434658,esports pvp inapppurchases charactercustomization multiplayer includesleveleditor singleplayer minimalist racing arcade 2d physics stats futuristic earlyaccess tutorial freetoplay timeattack fastpaced leveleditor onlinepvp competitive topdown
Exception,2019-08-12,0.4892366412165478,0.0,0,https://shared.akamai.steamstatic.com/store_item_assets/steam/apps/456390/header.jpg?t=1693318652,0,"Single-player,Steam Achievements,Full controller support,Steam Cloud,Stats,Steam Leaderboards,Remote Play on TV",Action,"Action,Platformer,Fast-Paced,Side Scroller,Sci-fi,Great Soundtrack,Indie,Arcade,Singleplayer,2.5D,Atmospheric,Controller",6.73,https://store.steampowered.com/app/456390/,0.0,0.9083208627158752,remoteplayontv controller greatsoundtrack singleplayer arcade action sidescroller indie stats 2.5d platformer fastpaced scifi atmospheric
The Body VR: Journey Inside a Cell,2016-10-03,0.5962588843196084,0.0,0,https://shared.akamai.steamstatic.com/store_item_assets/steam/apps/451980/header.jpg?t=1484037241,22,"Single-player,Tracked Controller Support,VR Only","Casual,Simulation","Simulation,Casual,VR,Education,Great Soundtrack,Exploration,Free to Play,Indie,First-Person,Physics,Atmospheric",9.59,https://store.steampowered.com/app/451980/,0.0,0.90793815543564,casual singleplayer greatsoundtrack physics firstperson indie vr atmospheric simulation controller exploration education freetoplay
Wired,2018-07-23,0.4892366412165478,0.0,0,https://shared.akamai.steamstatic.com/store_item_assets/steam/apps/885470/header.jpg?t=1536840692,0,Single-player,Indie,"Indie,Education,Puzzle-Platformer,Free to Play",7.79,https://store.steampowered.com/app/885470/,0.0,0.9078843442498816,singleplayer indie puzzleplatformer education freetoplay
Deep Rune,2021-10-14,0.5557766305439302,0.0,0,https://shared.akamai.steamstatic.com/store_item_assets/steam/apps/1631780/header.jpg?t=1728337250,0,"Single-player,Steam Achievements,Steam Cloud,Steam Leaderboards","Adventure,Indie,RPG,Simulation,Strategy,Free To Play","Adventure,RPG,Strategy,Puzzle,Point & Click,Strategy RPG,Exploration,Metroidvania,Dungeon Crawler,Turn-Based Combat,Tactical,Puzzle-Platformer,Side Scroller,2D,Retro,Pixel Graphics,Dark Fantasy,Horror,Magic,Singleplayer",4.56,https://store.steampowered.com/app/1631780/,0.0,0.9078629973036928,pixelgraphics tactical simulation puzzle turnbasedcombat adventure singleplayer 2d metroidvania strategyrpg indie rpg sidescroller freetoplay puzzleplatformer retro exploration magic darkfantasy horror pointandclick strategy dungeoncrawler
Football Manager 2024,2023-11-06,0.755384370197392,0.0,1,https://shared.akamai.steamstatic.com/store_item_assets/steam/apps/2252570/header.jpg?t=1763646323,9713,"Single-player,Multi-player,Steam Achievements,Steam Cloud,Family Sharing","Simulation,Sports,Strategy","Simulation,Sports,Management,Football (Soccer),Strategy,Multiplayer,Economy,Real Time Tactics,Singleplayer,e-sports,3D,Text-Based,2D,Games Workshop,LGBTQ+",2.5,https://store.steampowered.com/app/2252570/,0.0,0.9078547356712312,esports football(soccer) simulation multiplayer gamesworkshop singleplayer 2d textbased sports realtimetactics economy 3d lgbtq+ management strategy
You Have 10 Seconds 2,2016-08-25,0.6330768564718121,0.0,0,https://shared.akamai.steamstatic.com/store_item_assets/steam/apps/521570/header.jpg?t=1478179773,69,"Single-player,Partial Controller Support,Includes level editor","Casual,Free To Play,Indie","Free to Play,Casual,Indie,Platformer,2D,Difficult,Level Editor",9.69,https://store.steampowered.com/app/521570/,0.0,0.9078152598230969,casual singleplayer platformer leveleditor includesleveleditor indie controller 2d freetoplay difficult
DAMNOSAUR,2018-11-30,0.5962588843196084,0.0,0,https://shared.akamai.steamstatic.com/store_item_assets/steam/apps/974950/header.jpg?t=1703904530,0,"Single-player,Multi-player,Co-op,Shared/Split Screen Co-op,Shared/Split Screen,Steam Achievements,Full controller support,Remote Play Together","Action,Casual,Free To Play,Indie","Free to Play,Action,Casual,Indie,Anime,Dinosaurs,Shooter,2D,Multiplayer,Arcade,Singleplayer,Female Protagonist",7.43,https://store.steampowered.com/app/974950/,0.0,0.9078085608157888,casual sharedsplitscreencoop controller femaleprotagonist multiplayer remoteplaytogether singleplayer anime arcade 2d action indie shooter freetoplay splitscreen dinosaurs coop
Bloons TD Battles,2016-04-20,0.755384370197392,0.0,1,https://shared.akamai.steamstatic.com/store_item_assets/steam/apps/444640/header.jpg?t=1680706409,124,"Steam Achievements,Steam Trading Cards,In-App Purchases,Steam Leaderboards","Action,Free To Play,Strategy","Free to Play,Tower Defense,Multiplayer,Strategy,Competitive,Action,PvP,Casual,2D,Funny,Co-op,Family Friendly,Massively Multiplayer,Mod,Singleplayer,Difficult,Building,Sandbox,Adventure,Indie",10.04,https://store.steampowered.com/app/444640/,0.0,0.907727414043234,casual pvp funny inapppurchases building massivelymultiplayer multiplayer familyfriendly adventure singleplayer 2d mod action indie sandbox freetoplay towerdefense competitive coop strategy difficult
Gladio and Glory,2021-03-16,0.5962588843196084,0.0,0,https://shared.akamai.steamstatic.com/store_item_assets/steam/apps/1527910/header.jpg?t=1670421080,0,"Single-player,Multi-player,PvP,Online PvP,Steam Leaderboards","Action,Free To Play,Indie,Simulation,Strategy,Early Access","Early Access,PvP,Gore,Physics,Multiplayer,Rome,Beat 'em up,Simulation,Hack and Slash,Character Customization,Sandbox,Combat,Singleplayer,Fighting,Medieval,Swordplay,Action,Violent,Strategy,3D",5.14,https://store.steampowered.com/app/1527910/,0.0,0.9075176620767522,rome pvp simulation medieval charactercustomization multiplayer combat violent singleplayer gore swordplay beatemup action physics indie sandbox earlyaccess 3d freetoplay fighting onlinepvp strategy hackandslash
Sounds of Her Love,2017-03-09,0.5962588843196084,0.0,1,https://shared.akamai.steamstatic.com/store_item_assets/steam/apps/603880/header.jpg?t=1750416208,304,Single-player,"Adventure,Casual,Free To Play","Free to Play,Visual Novel,Anime,Romance,Nudity,Casual,Sexual Content,Adventure,Dating Sim",9.16,https://store.steampowered.com/app/603880/,0.0,0.9071790107194526,casual singleplayer datingsim adventure anime romance sexualcontent visualnovel freetoplay nudity
De Fobos y Deimos,2018-07-06,0.4892366412165478,0.0,0,https://shared.akamai.steamstatic.com/store_item_assets/steam/apps/875300/header.jpg?t=1707343331,0,"Single-player,Full controller support","Indie,RPG,Free To Play","RPG,Free to Play,Indie,LGBTQ+,RPGMaker",7.83,https://store.steampowered.com/app/875300/,0.0,0.9071149405831396,lgbtq+ singleplayer controller indie rpg rpgmaker freetoplay
Jgsw,2021-06-11,0.4892366412165478,0.0,0,https://shared.akamai.steamstatic.com/store_item_assets/steam/apps/1627610/header.jpg?t=1686492286,0,"Single-player,Multi-player,Co-op,Online Co-op,Steam Achievements,Steam Cloud",Casual,"Casual,Board Game,Puzzle,3D,Realistic,Top-Down,Building,Family Friendly,Old School,Relaxing,Tabletop,Physics,Procedural Generation,Co-op,Multiplayer,Online Co-Op,Singleplayer",4.9,https://store.steampowered.com/app/1627610/,0.0,0.9071149405831396,casual boardgame relaxing building multiplayer tabletop puzzle familyfriendly singleplayer realistic proceduralgeneration physics coop 3d oldschool topdown
Fantasya Final Definitiva REMAKE,2017-09-14,0.5962588843196084,0.0,0,https://shared.akamai.steamstatic.com/store_item_assets/steam/apps/656120/header.jpg?t=1565916367,387,"Single-player,Full controller support,Steam Trading Cards,Steam Cloud,Family Sharing","Indie,RPG","RPG,Indie,RPGMaker,Pixel Graphics,JRPG,Retro,Replay Value,Great Soundtrack,2D,Parody,Memes,Party-Based RPG,Story Rich,Comedy,Strategy RPG,Strategy,Magic,Adventure",8.64,https://store.steampowered.com/app/656120/,0.0,0.9070618830378272,controller pixelgraphics jrpg strategy storyrich greatsoundtrack replayvalue adventure rpgmaker 2d strategyrpg indie rpg memes magic singleplayer partybasedrpg parody comedy retro
Accident Liquidator,2024-06-28,0.4892366412165478,0.0,0,https://shared.akamai.steamstatic.com/store_item_assets/steam/apps/3032630/header.jpg?t=1738669208,0,Single-player,"Indie,Free To Play","Hidden Object,Indie,Arcade,3D,Casual,Action,Singleplayer,Free to Play",1.85,https://store.steampowered.com/app/3032630/,0.0,0.9070382638724944,singleplayer casual action indie arcade 3d freetoplay hiddenobject
Acid Nimbus,2018-10-01,0.5557766305439302,0.0,1,https://shared.akamai.steamstatic.com/store_item_assets/steam/apps/909110/header.jpg?t=1545589193,0,"Single-player,Steam Achievements","Action,Free To Play,Indie","Free to Play,Action,Indie,Violent,Pixel Graphics,Female Protagonist,Difficult,Bullet Hell",7.59,https://store.steampowered.com/app/909110/,0.0,0.9070249035365486,violent singleplayer pixelgraphics action indie bullethell femaleprotagonist freetoplay difficult
Death Rally (Classic),2014-05-05,0.6330768564718121,0.0,0,https://shared.akamai.steamstatic.com/store_item_assets/steam/apps/358270/header.jpg?t=1667485515,91,"Single-player,Partial Controller Support",Racing,"Racing,Retro,Top-Down,Action,Classic,Free to Play,Vehicular Combat,Arcade,2D,1990's,Driving,Singleplayer",12.0,https://store.steampowered.com/app/358270/,0.0,0.9070194412763496,singleplayer action 1990s driving racing controller topdown freetoplay retro classic arcade vehicularcombat 2d
TurnSignal,2017-08-28,0.755384370197392,0.0,0,https://shared.akamai.steamstatic.com/store_item_assets/steam/apps/689580/header.jpg?t=1516160283,5362,"VR Only,Steam Cloud","Software Training,Utilities","Utilities,VR,Software Training,Free to Play,Software",8.69,https://store.steampowered.com/app/689580/,0.0,0.906957227454106,utilities software vr freetoplay
Cats Make You Smarter!,2017-10-19,0.5557766305439302,0.0,0,https://shared.akamai.steamstatic.com/store_item_assets/steam/apps/720670/header.jpg?t=1748038594,62,"Single-player,Steam Achievements",Casual,"Casual,Free to Play,Puzzle,Cats",8.54,https://store.steampowered.com/app/720670/,0.0,0.9068356141230406,casual singleplayer puzzle cats freetoplay
*NEW* SCUFFED EPIC BHOP SIMULATOR 2023 (POG CHAMP),2020-11-27,0.5962588843196084,0.0,3,https://shared.akamai.steamstatic.com/store_item_assets/steam/apps/1465860/header.jpg?t=1710939465,0,"Single-player,Multi-player,Co-op,Online Co-op,Cross-Platform Multiplayer,Steam Achievements,In-App Purchases","Action,Adventure,Casual,Indie,Simulation,Free To Play","Casual,Action,Simulation,Platformer,Open World,Memes,3D Platformer,Psychological Horror,Precision Platformer,First-Person,3D,Comedy,Family Friendly,PvP,Multiplayer,Singleplayer,Hentai,Free to Play,Parkour,Online Co-Op",5.44,https://store.steampowered.com/app/1465860/,0.0,0.9068247684940496,casual 3dplatformer pvp inapppurchases simulation openworld multiplayer familyfriendly adventure singleplayer parkour psychologicalhorror action indie coop 3d freetoplay memes platformer firstperson crossplatformmultiplayer precisionplatformer comedy hentai
Drowning Cross,2019-06-07,0.4892366412165478,0.0,0,https://shared.akamai.steamstatic.com/store_item_assets/steam/apps/1091960/header.jpg?t=1559920754,0,"Single-player,Steam Achievements,Partial Controller Support,Steam Cloud","Adventure,Free To Play,Indie","Exploration,Point & Click,LGBTQ+,Psychological Horror,2D,Funny,Story Rich,Pixel Graphics,Hand-drawn,Mystery,Comedy,Drama,Adventure,Retro,Singleplayer,Free to Play,Indie,Sexual Content,Remake,Great Soundtrack",6.91,https://store.steampowered.com/app/1091960/,0.0,0.9066871677895992,pixelgraphics funny controller storyrich greatsoundtrack adventure singleplayer 2d psychologicalhorror drama indie freetoplay remake exploration lgbtq+ mystery pointandclick sexualcontent handdrawn comedy retro
Is It Wrong to Try to Shoot 'em Up Girls in a Dungeon?,2020-11-25,0.5962588843196084,0.0,0,https://shared.akamai.steamstatic.com/store_item_assets/steam/apps/1446720/header.jpg?t=1728895664,18,"Single-player,Partial Controller Support,Steam Cloud","Action,Free To Play","Free to Play,Side Scroller,Shoot 'Em Up,2D Platformer,Bullet Hell,Casual,Platformer,Shooter,Arcade,Top-Down Shooter,2D,Action,Top-Down,Linear,Anime,Pixel Graphics,Fantasy,Magic,Score Attack,Adventure",5.44,https://store.steampowered.com/app/1446720/,0.0,0.906628878750986,casual fantasy pixelgraphics controller adventure anime arcade 2d scoreattack action sidescroller linear 2dplatformer shooter bullethell freetoplay topdownshooter shootemup magic singleplayer platformer topdown
Critical Compendium,2019-06-10,0.4892366412165478,0.0,1,https://shared.akamai.steamstatic.com/store_item_assets/steam/apps/1087080/header.jpg?t=1563122731,0,Steam Cloud,Utilities,Utilities,6.9,https://store.steampowered.com/app/1087080/,0.0,0.906565898891518,utilities
Ruff Night At The Gallery,2020-12-01,0.5557766305439302,0.0,0,https://shared.akamai.steamstatic.com/store_item_assets/steam/apps/1463470/header.jpg?t=1606842324,0,"Single-player,Full controller support","Adventure,Free To Play,Indie","Horror,Cute,Puzzle,Walking Simulator,Atmospheric,Experimental,First-Person,Dog,Funny,Free to Play,3D,Surreal,Indie,Adventure,Cartoony,Mystery,Singleplayer,Artificial Intelligence",5.43,https://store.steampowered.com/app/1463470/,0.0,0.906510615284876,artificialintelligence walkingsimulator controller surreal funny puzzle adventure singleplayer cartoon indie 3d freetoplay horror mystery firstperson dog cute atmospheric experimental
Half-Life 2: Deathmatch,2004-11-01,0.8776921707569453,0.0,0,https://shared.akamai.steamstatic.com/store_item_assets/steam/apps/320/header.jpg?t=1749481506,37,"Multi-player,Custom Volume Controls,Playable without Timed Input,Stereo Sound,Surround Sound,Valve Anti-Cheat enabled,Includes Source SDK,Family Sharing",Action,"Action,FPS,Multiplayer,Shooter,First-Person,Sci-fi,Physics,Competitive,Funny,Co-op,Old School,PvP,Arena Shooter,Moddable,Atmospheric,Adventure,Great Soundtrack,Singleplayer,Violent,Mod",21.51,https://store.steampowered.com/app/320/,0.0,0.9064945068097768,includessourcesdk playablewithouttimedinput pvp funny surroundsound multiplayer customvolumecontrols violent greatsoundtrack adventure singleplayer arenashooter mod fps action physics stereosound shooter moddable oldschool scifi firstperson competitive atmospheric coop
Oil and Sand,2024-06-21,0.4892366412165478,0.0,0,https://shared.akamai.steamstatic.com/store_item_assets/steam/apps/3027170/header.jpg?t=1738669198,0,Single-player,"Indie,Free To Play","Bullet Hell,Tower Defense,Indie,Arcade,3D,Cold War,Action,War,Free to Play,Singleplayer",1.87,https://store.steampowered.com/app/3027170/,0.0,0.906483040165874,singleplayer war action indie bullethell coldwar arcade 3d freetoplay towerdefense
Haha Doodle,2022-01-25,0.5557766305439302,0.0,0,https://shared.akamai.steamstatic.com/store_item_assets/steam/apps/1865130/header.jpg?t=1644651787,0,"Multi-player,Co-op,Online Co-op,Cross-Platform Multiplayer","Casual,Free To Play,Indie","Casual,Family Friendly,Online Co-Op,Relaxing,Design & Illustration,2D,Character Customization,Platformer,Free to Play,Trivia,Indie,Cute,Multiplayer,Colorful,Conversation",4.28,https://store.steampowered.com/app/1865130/,0.0,0.9064346162353027,casual platformer coop multiplayer familyfriendly indie trivia conversation designandillustration relaxing crossplatformmultiplayer cute 2d freetoplay colorful charactercustomization
Kingdom: Classic,2015-10-21,0.8003907929561015,0.0,0,https://shared.akamai.steamstatic.com/store_item_assets/steam/apps/368230/header.jpg?t=1726822318,215,"Single-player,Steam Achievements,Full controller support,Steam Trading Cards,Steam Cloud,Remote Play on Phone,Remote Play on Tablet,Remote Play on TV","Indie,Simulation,Strategy","Free to Play,Strategy,Singleplayer,Simulation,Base-Building,Building,2D,Management,Resource Management,RPG,Pixel Graphics,Fantasy,Survival,Casual,Adventure,City Builder,Indie,Colony Sim,Tower Defense,Atmospheric",10.54,https://store.steampowered.com/app/368230/,0.0,0.906385649735245,remoteplayontv casual fantasy controller remoteplayonphone pixelgraphics citybuilder building simulation adventure singleplayer remoteplayontablet 2d colonysim survival resourcemanagement indie rpg freetoplay towerdefense basebuilding management atmospheric strategy
The Lord of the Rings: Journeys in Middle-earth,2019-04-18,0.6330768564718121,0.0,3,https://shared.akamai.steamstatic.com/store_item_assets/steam/apps/1003400/header.jpg?t=1690823237,984,"Single-player,Multi-player,PvP,Shared/Split Screen PvP,Co-op,Shared/Split Screen Co-op,Shared/Split Screen,Steam Cloud,Remote Play Together","Adventure,RPG,Strategy","Adventure,RPG,Strategy,Board Game,Free to Play,Fantasy,Multiplayer",7.05,https://store.steampowered.com/app/1003400/,0.0,0.9062466716649784,singleplayer sharedsplitscreencoop fantasy multiplayer pvp adventure remoteplaytogether boardgame rpg coop strategy splitscreen sharedsplitscreenpvp freetoplay
The Peresmeshnik,2020-07-07,0.5962588843196084,0.0,0,https://shared.akamai.steamstatic.com/store_item_assets/steam/apps/1353370/header.jpg?t=1594123166,0,"Single-player,Steam Achievements,Partial Controller Support","Adventure,Free To Play","Singleplayer,Choose Your Own Adventure,Text-Based,Interactive Fiction,Story Rich,Adventure,Horror,Psychological Horror,Dark,Choices Matter,Free to Play,Multiple Endings,Thriller,Violent,Survival,Mystery",5.83,https://store.steampowered.com/app/1353370/,0.0,0.9062246027048344,controller interactivefiction storyrich violent adventure singleplayer textbased survival psychologicalhorror chooseyourownadventure dark thriller freetoplay horror mystery choicesmatter multipleendings
Touhou - Reimus Awesome Holiday,2022-10-05,0.6330768564718121,0.0,0,https://shared.akamai.steamstatic.com/store_item_assets/steam/apps/2137560/header.jpg?t=1761703511,0,"Single-player,Steam Achievements","Adventure,Indie,RPG","RPG,JRPG,Cartoon,America,Comedy,Dark Humor,Memes,Aliens,Capitalism,Conspiracy,Detective,Drama,Emotional,Lore-Rich,Political,Western,Choices Matter,Multiple Endings,Stealth,Female Protagonist",3.58,https://store.steampowered.com/app/2137560/,0.0,0.9062143151928688,capitalism america femaleprotagonist jrpg western emotional political adventure conspiracy lorerich drama aliens indie rpg darkhumor memes stealth singleplayer cartoon choicesmatter multipleendings comedy detective
白晓,2022-05-02,0.4892366412165478,0.0,0,https://shared.akamai.steamstatic.com/store_item_assets/steam/apps/1895920/header.jpg?t=1651543210,0,Single-player,"Casual,RPG","RPG,Visual Novel,Interactive Fiction,CRPG,2D,Anime,Cute,Third Person,Cats,Modern,Casual,Story Rich,Female Protagonist,Text-Based,Singleplayer,Free to Play",4.01,https://store.steampowered.com/app/1895920/,0.0,0.9059093090023664,interactivefiction casual singleplayer storyrich crpg modern cats rpg anime thirdperson cute visualnovel femaleprotagonist 2d textbased freetoplay
Glitch Arena,2019-06-01,0.4892366412165478,0.0,0,https://shared.akamai.steamstatic.com/store_item_assets/steam/apps/1083800/header.jpg?t=1665654713,0,"Multi-player,PvP,Online PvP","Action,Indie,Early Access","Action,Indie,Early Access,Arena Shooter,First-Person,FPS",6.93,https://store.steampowered.com/app/1083800/,0.0,0.9057489838270092,onlinepvp fps action multiplayer pvp firstperson indie earlyaccess arenashooter
Fight Angel/格斗天使,2019-08-27,0.4892366412165478,0.0,0,https://shared.akamai.steamstatic.com/store_item_assets/steam/apps/1041400/header.jpg?t=1577473637,76,"Single-player,Multi-player,PvP,Shared/Split Screen PvP,Steam Achievements,Partial Controller Support,Steam Cloud,Steam Leaderboards,Remote Play Together,Family Sharing","Action,Indie","Early Access,Nudity,Action,Sexual Content,Indie,Fighting,Female Protagonist,2D Fighter",6.69,https://store.steampowered.com/app/1041400/,0.0,0.9057489838270092,singleplayer action multiplayer pvp remoteplaytogether indie sexualcontent 2dfighter femaleprotagonist earlyaccess controller fighting sharedsplitscreenpvp nudity
Ding Dong VR,2018-08-03,0.4892366412165478,0.0,0,https://shared.akamai.steamstatic.com/store_item_assets/steam/apps/897690/header.jpg?t=1765917606,0,"Single-player,Steam Achievements,Full controller support,Tracked Controller Support,VR Only,Steam Cloud,Steam Leaderboards,Family Sharing","Action,Casual,Indie","Indie,Action,Casual,VR,Score Attack,Difficult,Replay Value,Arcade,Singleplayer,Family Friendly,Controller,Survival,Fast-Paced,Great Soundtrack,Retro,Minimalist,Addictive,Short,Colorful",7.76,https://store.steampowered.com/app/897690/,0.0,0.9055160775307486,casual controller addictive greatsoundtrack replayvalue familyfriendly singleplayer vr minimalist colorful scoreattack arcade survival short action indie fastpaced retro difficult
pemsa,2022-04-13,0.5962588843196084,0.0,0,https://shared.akamai.steamstatic.com/store_item_assets/steam/apps/1494910/header.jpg?t=1650527026,0,"Single-player,Full controller support","Action,Adventure,Casual,Free To Play,Indie,Racing,RPG,Strategy","Experimental,2D,Retro,1980s,Singleplayer,Free to Play,Strategy,Action,Adventure,Indie,RPG,Casual,Racing",4.06,https://store.steampowered.com/app/1494910/,0.0,0.905465833743783,casual singleplayer controller action adventure indie rpg racing experimental 2d freetoplay strategy retro 1980s
Arena,2020-05-19,0.5557766305439302,0.0,0,https://shared.akamai.steamstatic.com/store_item_assets/steam/apps/1291530/header.jpg?t=1589947440,0,"Single-player,Steam Achievements,Stats,Steam Leaderboards","Action,Free To Play,Indie","Free to Play,Action,Indie,FPS,Hand-drawn,Arena Shooter",5.96,https://store.steampowered.com/app/1291530/,0.0,0.9054469658237831,singleplayer fps action indie stats arenashooter handdrawn freetoplay
Goblin Summer Camp,2020-04-30,0.4892366412165478,0.0,2,https://shared.akamai.steamstatic.com/store_item_assets/steam/apps/1206290/header.jpg?t=1762545881,0,"Multi-player,PvP,Online PvP,Co-op,Online Co-op","Action,Adventure,Casual,Indie,Early Access","Indie,Action,Casual,Early Access,Adventure,Multiplayer,Competitive,Free to Play",6.02,https://store.steampowered.com/app/1206290/,0.0,0.9053912050396768,casual onlinepvp action multiplayer pvp adventure indie coop competitive earlyaccess freetoplay
IMMURE,2019-05-08,0.4892366412165478,0.0,1,https://shared.akamai.steamstatic.com/store_item_assets/steam/apps/932220/header.jpg?t=1608228749,0,"Single-player,Full controller support",Indie,"Violent,Gore,Indie,Psychological Horror,Horror,Mystery",7.0,https://store.steampowered.com/app/932220/,0.0,0.9053720990930604,violent singleplayer psychologicalhorror mystery controller indie gore horror
Diesel The Pug Warrior,2023-01-30,0.4892366412165478,0.0,0,https://shared.akamai.steamstatic.com/store_item_assets/steam/apps/2264470/header.jpg?t=1720638759,0,"Single-player,Steam Achievements,Partial Controller Support","Action,Adventure,RPG,Free To Play","RPG,Adventure,Turn-Based Combat,Action RPG,Family Friendly,Exploration,Comedy,Medieval,Dog,Turn-Based Strategy,Turn-Based Tactics,Satire,Romance,2D,Pixel Graphics,Top-Down,1980s,Fantasy,Thriller,Singleplayer",3.26,https://store.steampowered.com/app/2264470/,0.0,0.9053036361176842,fantasy pixelgraphics romance turnbasedtactics controller medieval turnbasedcombat familyfriendly adventure singleplayer 2d satire actionrpg action rpg turnbasedstrategy thriller freetoplay exploration dog comedy 1980s topdown
5Leaps (Space Tower Defense),2019-05-15,0.4892366412165478,0.0,0,https://shared.akamai.steamstatic.com/store_item_assets/steam/apps/1059420/header.jpg?t=1671323625,0,Single-player,"Indie,Strategy","Indie,Strategy,Tower Defense",6.98,https://store.steampowered.com/app/1059420/,0.0,0.9053036361176842,towerdefense strategy indie singleplayer
vApe Escape,2019-03-15,0.4892366412165478,0.0,1,https://shared.akamai.steamstatic.com/store_item_assets/steam/apps/1035890/header.jpg?t=1574710377,0,"Single-player,Steam Achievements","Adventure,Indie","Adventure,Point & Click,Comic Book,Space,Comedy,Psychedelic,Casual,Short,2D,Puzzle,Choices Matter,Soundtrack,Interactive Fiction,Story Rich,Multiple Endings,Singleplayer,Philosophical,Hand-drawn,Text-Based,Funny",7.14,https://store.steampowered.com/app/1035890/,0.0,0.9052742816811956,casual psychedelic funny interactivefiction storyrich puzzle adventure singleplayer 2d textbased short indie philosophical pointandclick choicesmatter multipleendings handdrawn comedy space soundtrack comicbook
Moonbase Alpha,2010-07-06,0.755384370197392,0.0,0,https://shared.akamai.steamstatic.com/store_item_assets/steam/apps/39000/header.jpg?t=1447352605,53,"Single-player,Multi-player,Co-op,Valve Anti-Cheat enabled,Stats,Steam Leaderboards","Adventure,Simulation,Strategy","Space,Simulation,Free to Play,Multiplayer,Online Co-Op,Funny,Memes,Strategy,Adventure,Open World,Walking Simulator,Co-op,Sandbox,Realistic,Comedy,Third Person,Massively Multiplayer,Singleplayer,First-Person,Puzzle",15.83,https://store.steampowered.com/app/39000/,0.0,0.9050674138497654,walkingsimulator funny simulation massivelymultiplayer multiplayer openworld puzzle adventure singleplayer realistic stats sandbox coop thirdperson freetoplay memes firstperson comedy space strategy
Hello Neighbor Pre-Alpha,2019-10-10,0.6780830971139326,0.0,0,https://shared.akamai.steamstatic.com/store_item_assets/steam/apps/1092700/header.jpg?t=1726669815,50,Single-player,"Adventure,Indie,Strategy","Horror,Stealth,Sandbox,Investigation,Survival Horror,First-Person,Difficult,3D,Survival,Psychological Horror,Funny,Detective,Procedural Generation,Action,Puzzle,Cartoony,Colorful,Thriller,Psychedelic,Atmospheric",6.57,https://store.steampowered.com/app/1092700/,0.0,0.9049380583625743,psychedelic funny puzzle survivalhorror adventure colorful cartoon proceduralgeneration survival psychologicalhorror action indie sandbox 3d thriller stealth horror singleplayer firstperson investigation atmospheric detective strategy difficult
RFLEX,2015-08-26,0.4892366412165478,0.0,1,https://shared.akamai.steamstatic.com/store_item_assets/steam/apps/392020/header.jpg?t=1581736470,49,"Single-player,Steam Achievements,Full controller support,Steam Cloud,Steam Leaderboards","Action,Casual,Indie","Action,Casual,Indie,Fast-Paced,Retro,Minimalist,Difficult",10.69,https://store.steampowered.com/app/392020/,0.0,0.9048485817788294,casual singleplayer fastpaced controller action indie minimalist retro difficult
Ginkgo,2020-06-26,0.4892366412165478,0.0,0,https://shared.akamai.steamstatic.com/store_item_assets/steam/apps/1335030/header.jpg?t=1595265295,0,Single-player,"Action,Adventure,Free To Play,Indie","Adventure,Horror,Puzzle,Singleplayer,Cinematic,Action-Adventure,Puzzle-Platformer,Supernatural,3D Platformer,Atmospheric,Realistic,Stylized,Early Access,Emotional,Beautiful,3D Vision,Surreal,Magic,Abstract,Survival Horror",5.86,https://store.steampowered.com/app/1335030/,0.0,0.9048210027279898,3dplatformer supernatural abstract beautiful surreal actionadventure emotional puzzle survivalhorror adventure singleplayer realistic stylized cinematic action indie earlyaccess freetoplay puzzleplatformer magic horror 3dvision atmospheric
Wolf's Gang,2020-08-20,0.5962588843196084,0.0,0,https://shared.akamai.steamstatic.com/store_item_assets/steam/apps/1390380/header.jpg?t=1696631270,0,"Single-player,Partial Controller Support","RPG,Free To Play","JRPG,2D,Anime,Top-Down,Singleplayer,Base-Building,Exploration,Party-Based RPG,Colorful,Cute,Pixel Graphics,Comedy,Dark Humor,Character Customization,Crafting,RPG,Turn-Based Combat,Fantasy,Free to Play,RPGMaker",5.71,https://store.steampowered.com/app/1390380/,0.0,0.9045757013260703,fantasy pixelgraphics jrpg controller charactercustomization turnbasedcombat singleplayer anime colorful rpgmaker 2d rpg darkhumor freetoplay exploration basebuilding partybasedrpg cute comedy topdown crafting
Shiver,2017-10-25,0.5962588843196084,0.0,0,https://shared.akamai.steamstatic.com/store_item_assets/steam/apps/727730/header.jpg?t=1568490866,24,"Single-player,Steam Achievements,Captions available","Adventure,Indie","Indie,Adventure,Horror,Point & Click,Free to Play,First-Person",8.53,https://store.steampowered.com/app/727730/,0.0,0.904367045958976,singleplayer pointandclick firstperson adventure indie freetoplay horror
The House of E.,2023-03-23,0.4892366412165478,0.0,0,https://shared.akamai.steamstatic.com/store_item_assets/steam/apps/2335690/header.jpg?t=1707592812,0,"Single-player,Steam Achievements","Adventure,Indie,Free To Play","Horror,Puzzle,Atmospheric,Mystery,Supernatural,Singleplayer,First-Person,Dark,Psychological,Free to Play,Adventure,3D,Multiple Endings,Realistic,Linear,Logic,Indie,Multiplayer,Co-op",3.12,https://store.steampowered.com/app/2335690/,0.0,0.9043422522423378,supernatural logic multiplayer puzzle adventure singleplayer realistic psychological linear indie dark 3d freetoplay horror mystery firstperson multipleendings atmospheric coop
Pact of Joy: Prologue,2023-05-26,0.5557766305439302,0.0,0,https://shared.akamai.steamstatic.com/store_item_assets/steam/apps/2426380/header.jpg?t=1685124558,0,"Single-player,Steam Achievements","Adventure,Free To Play,Indie","Sci-fi,Horror,Underwater,Exploration,Robots,Story Rich,3D,First-Person,Mystery,Investigation,Dark,Alternate History,Walking Simulator,Artificial Intelligence,Adventure,Futuristic,Singleplayer,Free to Play,Indie,Atmospheric",2.95,https://store.steampowered.com/app/2426380/,0.0,0.9043422522423378,artificialintelligence walkingsimulator storyrich adventure singleplayer indie futuristic dark 3d freetoplay exploration horror mystery scifi firstperson investigation atmospheric underwater robots alternatehistory
Block in the Lock,2019-09-06,0.4892366412165478,0.0,1,https://shared.akamai.steamstatic.com/store_item_assets/steam/apps/1138990/header.jpg?t=1683117628,0,"Single-player,Steam Achievements,Steam Workshop,Partial Controller Support,Steam Cloud,Includes level editor","Casual,Free To Play,Indie","Sokoban,Puzzle,2D,Relaxing,Casual,Minimalist,Abstract,Logic,Level Editor,Colorful,Pixel Graphics,Atmospheric,Retro,Grid-Based Movement,Singleplayer,Free to Play,Indie",6.66,https://store.steampowered.com/app/1138990/,0.0,0.9043422522423378,casual pixelgraphics gridbasedmovement abstract logic relaxing controller sokoban puzzle includesleveleditor singleplayer minimalist colorful 2d indie freetoplay leveleditor atmospheric retro
Slipstream: Rogue Space,2024-02-12,0.4892366412165478,0.0,0,https://shared.akamai.steamstatic.com/store_item_assets/steam/apps/2765860/header.jpg?t=1726583464,0,"Multi-player,MMO,Co-op,Online Co-op,Cross-Platform Multiplayer","Indie,Massively Multiplayer,Simulation,Strategy,Free To Play","Free to Play,Co-op,Sci-fi,Space Sim,Multiplayer,Strategy,Exploration,Pixel Graphics,Class-Based,Rogue-lite,Rogue-like,Cats,2D,Cute,Simulation,Aliens,Futuristic,Character Customization,Combat,Nonlinear",2.23,https://store.steampowered.com/app/2765860/,0.0,0.9042209350016902,pixelgraphics spacesim simulation massivelymultiplayer multiplayer charactercustomization roguelite combat classbased roguelike nonlinear 2d aliens indie futuristic coop freetoplay exploration scifi cats mmo cute crossplatformmultiplayer strategy
Phucker in the Gulag,2019-05-13,0.4892366412165478,0.0,0,https://shared.akamai.steamstatic.com/store_item_assets/steam/apps/1064420/d78c8be0660fa9503c1a03829125c7a37fb18b8d/header.jpg?t=1746734487,0,Single-player,"Adventure,Casual,Indie,Free To Play","Free to Play,Adventure,Indie,Sexual Content,Casual,Psychological Horror,Memes",6.98,https://store.steampowered.com/app/1064420/,0.0,0.9041827741795146,casual singleplayer psychologicalhorror adventure indie sexualcontent freetoplay memes
Daedaluz,2020-07-12,0.4892366412165478,0.0,0,https://shared.akamai.steamstatic.com/store_item_assets/steam/apps/1249150/header.jpg?t=1732476116,0,"Single-player,Full controller support","Adventure,Indie","Indie,Adventure,Minimalist,Atmospheric,Space,Free to Play",5.82,https://store.steampowered.com/app/1249150/,0.0,0.9041506717442744,singleplayer controller adventure indie minimalist atmospheric space freetoplay
My Hole is a Mouth of Dirt,2020-04-13,0.5557766305439302,0.0,0,https://shared.akamai.steamstatic.com/store_item_assets/steam/apps/1251690/header.jpg?t=1586836370,0,"Single-player,Partial Controller Support,Steam Cloud","Adventure,Indie","Indie,Adventure,Violent,Gore,Horror,RPGMaker,Psychological Horror,Atmospheric,Psychedelic,Dark,Psychological,Abstract,Ambient,Underground,Philosophical,Thriller,Surreal,Walking Simulator,Sexual Content,Faith",6.06,https://store.steampowered.com/app/1251690/,0.0,0.9039952058306576,walkingsimulator abstract surreal psychedelic controller underground violent adventure gore rpgmaker psychological psychologicalhorror indie dark thriller horror philosophical singleplayer sexualcontent atmospheric faith ambient
Party Bots,2023-05-26,0.4892366412165478,0.0,0,https://shared.akamai.steamstatic.com/store_item_assets/steam/apps/1859860/header.jpg?t=1741311128,66,"Single-player,Multi-player,PvP,Online PvP,Steam Achievements,Steam Workshop,In-App Purchases,Partial Controller Support,Includes level editor","Action,Indie,Free To Play","Party Game,Minigames,Action,Character Customization,Battle Royale,Massively Multiplayer,Party,Family Friendly,3D Platformer,Funny,Multiplayer,Physics,Third Person,Level Editor,Precision Platformer,Colorful,Survival,PvE,Platformer,Puzzle-Platformer",2.95,https://store.steampowered.com/app/1859860/,0.0,0.903967021455406,3dplatformer pvp partygame funny inapppurchases controller party massivelymultiplayer charactercustomization multiplayer pve includesleveleditor familyfriendly colorful survival action physics indie thirdperson minigames battleroyale freetoplay puzzleplatformer singleplayer platformer leveleditor onlinepvp precisionplatformer
Crawlspace,2021-11-03,0.4892366412165478,0.0,0,https://shared.akamai.steamstatic.com/store_item_assets/steam/apps/1787860/header.jpg?t=1639069272,0,"Single-player,Tracked Controller Support,VR Only",Action,"VR,Horror,Action,Singleplayer,6DOF,Psychological Horror,PvE,Survival Horror,Realistic,3D,Cute,Funny,Artificial Intelligence",4.5,https://store.steampowered.com/app/1787860/,0.0,0.9038056658933072,singleplayer psychologicalhorror pve artificialintelligence action survivalhorror realistic vr cute funny 3d controller 6dof horror
Goalie Challenge VR,2017-02-04,0.5557766305439302,0.0,0,https://shared.akamai.steamstatic.com/store_item_assets/steam/apps/588290/header.jpg?t=1521120949,34,"Single-player,Tracked Controller Support,VR Only","Free To Play,Simulation,Sports","Free to Play,Simulation,Sports,VR,Action,Hockey",9.25,https://store.steampowered.com/app/588290/,0.0,0.9038056658933072,singleplayer controller hockey action vr simulation freetoplay sports
Oh...Sir! Prototype,2015-12-21,0.6330768564718121,0.0,0,https://shared.akamai.steamstatic.com/store_item_assets/steam/apps/416690/header.jpg?t=1505118991,19,Multi-player,Indie,"Indie,Local Multiplayer,Free to Play,Comedy,Multiplayer,Funny",10.37,https://store.steampowered.com/app/416690/,0.0,0.9037717859340858,localmultiplayer multiplayer indie funny comedy freetoplay
GunGirl 2,2016-09-01,0.5557766305439302,0.0,0,https://shared.akamai.steamstatic.com/store_item_assets/steam/apps/517320/header.jpg?t=1667029773,182,"Single-player,Partial Controller Support,Steam Cloud","Action,Adventure,Indie","Action,Indie,Adventure,Female Protagonist,Zombies,Metroidvania,Platformer,Free to Play,2D",9.68,https://store.steampowered.com/app/517320/,0.0,0.903476064119039,singleplayer zombies platformer action adventure indie femaleprotagonist controller 2d freetoplay metroidvania
Hellink,2019-03-07,0.5962588843196084,0.0,0,https://shared.akamai.steamstatic.com/store_item_assets/steam/apps/1020520/header.jpg?t=1622977885,0,Single-player,Indie,"Indie,Free to Play,Visual Novel,Text-Based,Sci-fi,Female Protagonist,Singleplayer,Point & Click,2D,Cyberpunk,Story Rich,Science,Narration,Investigation,Interactive Fiction,Choose Your Own Adventure,Cartoony,Comic Book,Colorful,Education",7.16,https://store.steampowered.com/app/1020520/,0.0,0.9034094803613684,femaleprotagonist education cyberpunk storyrich interactivefiction science singleplayer colorful visualnovel narration 2d cartoon textbased chooseyourownadventure indie freetoplay pointandclick scifi investigation comicbook
Postmouse,2023-01-30,0.6330768564718121,0.0,1,https://shared.akamai.steamstatic.com/store_item_assets/steam/apps/2273550/header.jpg?t=1675079404,0,"Single-player,Full controller support","Adventure,Free To Play,Indie","Adventure,3D Platformer,Singleplayer,Exploration,Cute,Free to Play,Third Person,Atmospheric,Fantasy,Post-apocalyptic,Conversation,Platformer,Linear,Indie,3D,Puzzle,Multiplayer",3.26,https://store.steampowered.com/app/2273550/,0.0,0.9032097448101144,3dplatformer fantasy controller postapocalyptic multiplayer puzzle adventure singleplayer conversation linear indie thirdperson 3d freetoplay exploration platformer cute atmospheric
Cube Racer,2017-10-30,0.7185660793429937,0.0,1,https://shared.akamai.steamstatic.com/store_item_assets/steam/apps/705210/header.jpg?t=1532000492,195,"Single-player,Multi-player,PvP,Online PvP,Shared/Split Screen PvP,Cross-Platform Multiplayer,Steam Achievements,Steam Workshop,Partial Controller Support,Steam Cloud,Stats,Steam Leaderboards,Includes level editor,Remote Play Together","Action,Casual,Indie,Racing","Indie,Action,Casual,Racing,Free to Play,Multiplayer",8.51,https://store.steampowered.com/app/705210/,0.0,0.9031660447409344,casual pvp controller multiplayer includesleveleditor remoteplaytogether racing sharedsplitscreenpvp action indie stats freetoplay singleplayer onlinepvp crossplatformmultiplayer
NETHER HEROES,2024-06-05,0.5962588843196084,0.0,1,https://shared.akamai.steamstatic.com/store_item_assets/steam/apps/2964410/header.jpg?t=1717597395,0,"Single-player,Steam Achievements","Action,Adventure,Casual,Indie,Free To Play","Action Roguelike,2D Platformer,Action,Platformer,Free to Play,Action-Adventure,Rogue-like,Adventure,Character Customization,2D,Pixel Graphics,Indie,Linear,Multiplayer,Colorful,Casual,Fantasy,Combat,Medieval,Singleplayer",1.92,https://store.steampowered.com/app/2964410/,0.0,0.9031084544100904,casual fantasy pixelgraphics actionroguelike actionadventure medieval multiplayer charactercustomization combat roguelike adventure singleplayer colorful 2d action linear indie 2dplatformer freetoplay platformer
Who Is Mike - A Visual Novel,2015-09-29,0.5557766305439302,0.0,0,https://shared.akamai.steamstatic.com/store_item_assets/steam/apps/377430/header.jpg?t=1447375979,164,Single-player,"Casual,Indie,RPG,Simulation","Visual Novel,Indie,Casual,RPG,Simulation,Horror,Free to Play,Mystery,Psychological Horror,Anime",10.6,https://store.steampowered.com/app/377430/,0.0,0.9029720745731552,mystery casual singleplayer psychologicalhorror indie rpg anime visualnovel simulation freetoplay horror
Touhou Block Fall ~ Yukari,2020-11-20,0.4892366412165478,0.0,0,https://shared.akamai.steamstatic.com/store_item_assets/steam/apps/1411180/header.jpg?t=1635379579,0,"Single-player,Steam Achievements,Full controller support,Steam Cloud","Casual,Indie","Puzzle,2D,Anime,Colorful,Cute,Singleplayer,Indie,Casual,Faith",5.46,https://store.steampowered.com/app/1411180/,0.0,0.9028928924278276,casual singleplayer puzzle controller indie anime colorful cute faith 2d
Mermaid Mission: Titanic,2018-06-06,0.4892366412165478,0.0,0,https://shared.akamai.steamstatic.com/store_item_assets/steam/apps/849800/header.jpg?t=1668656401,24,"Single-player,Captions available","Adventure,Indie","Indie,Adventure,Free to Play,Visual Novel",7.92,https://store.steampowered.com/app/849800/,0.0,0.9028928924278276,singleplayer adventure indie visualnovel freetoplay
SYNTHETIK: Arena,2019-01-21,0.6780830971139326,0.0,2,https://shared.akamai.steamstatic.com/store_item_assets/steam/apps/984110/header.jpg?t=1732273742,50,"Single-player,Multi-player,Co-op,Online Co-op,Full controller support,Steam Cloud","Action,Free To Play,Indie","Free to Play,Action,Top-Down Shooter,Co-op,Multiplayer,Indie,Rogue-like,Shooter,Online Co-Op,Rogue-lite,Top-Down,Local Co-Op,2D,Cyberpunk,Singleplayer,Arena Shooter",7.29,https://store.steampowered.com/app/984110/,0.0,0.9027870033921154,controller multiplayer roguelite cyberpunk roguelike singleplayer 2d arenashooter coop action indie shooter freetoplay topdownshooter topdown
The tram of wishes,2021-06-08,0.5557766305439302,0.0,0,https://shared.akamai.steamstatic.com/store_item_assets/steam/apps/1592610/header.jpg?t=1623138669,0,Single-player,Indie,"Adventure,Interactive Fiction,Hand-drawn,Immersive Sim,Atmospheric,Singleplayer,Narration,Indie,Free to Play,2D",4.91,https://store.steampowered.com/app/1592610/,0.0,0.9027426307275788,interactivefiction singleplayer immersivesim adventure indie handdrawn atmospheric narration 2d freetoplay
Crucible,2021-03-22,0.5557766305439302,0.0,0,https://shared.akamai.steamstatic.com/store_item_assets/steam/apps/1571120/header.jpg?t=1670243132,0,"Single-player,Full controller support","Action,Free To Play","Bullet Hell,Shoot 'Em Up,Action,Top-Down Shooter,Shooter,Top-Down,2D,Controller,Free to Play,Fantasy,Score Attack,Colorful,Singleplayer",5.12,https://store.steampowered.com/app/1571120/,0.0,0.9025980257210464,singleplayer fantasy controller action shooter colorful bullethell 2d topdown freetoplay scoreattack topdownshooter shootemup
Raybound,2021-05-28,0.4892366412165478,0.0,0,https://shared.akamai.steamstatic.com/store_item_assets/steam/apps/1626370/header.jpg?t=1756477612,0,"Single-player,Partial Controller Support","Action,Adventure,Indie","Adventure,Platformer,Puzzle,2D Platformer,Puzzle-Platformer,Side Scroller,2D,Cartoony,Stylized,Fantasy,Retro,Surreal,Controller,Linear,Story Rich,Singleplayer,Action,Short,Indie,Exploration",4.94,https://store.steampowered.com/app/1626370/,0.0,0.9025980257210464,fantasy surreal controller storyrich puzzle adventure singleplayer cartoon 2d stylized short action sidescroller indie linear 2dplatformer puzzleplatformer exploration platformer retro
Paralyzed,2020-12-18,0.4892366412165478,0.0,0,https://shared.akamai.steamstatic.com/store_item_assets/steam/apps/1412500/header.jpg?t=1736474477,0,"Single-player,Steam Leaderboards","Indie,Free To Play","Precision Platformer,Difficult,2D Platformer,Experimental,Colorful,Rhythm,Side Scroller,Platformer,1980s,Runner,Retro,Puzzle-Platformer,Action,2D,Indie,Puzzle,Linear,Singleplayer,Tutorial,Physics",5.38,https://store.steampowered.com/app/1412500/,0.0,0.9025980257210464,runner puzzle singleplayer colorful 2d action physics sidescroller indie linear 2dplatformer tutorial rhythm freetoplay puzzleplatformer platformer precisionplatformer experimental 1980s retro difficult
Roller Riot,2020-04-29,0.5557766305439302,0.0,0,https://shared.akamai.steamstatic.com/store_item_assets/steam/apps/1255380/header.jpg?t=1664402614,0,"Single-player,Steam Achievements,Steam Leaderboards","Action,Casual,Free To Play","Action,Free to Play,Casual,Cyberpunk,Beat 'em up,Female Protagonist,2D,Arcade",6.02,https://store.steampowered.com/app/1255380/,0.0,0.9023269696442656,cyberpunk casual singleplayer beatemup action femaleprotagonist arcade 2d freetoplay
My Light In The Dark,2019-08-23,0.5557766305439302,0.0,0,https://shared.akamai.steamstatic.com/store_item_assets/steam/apps/1131540/header.jpg?t=1755762764,0,Single-player,"Adventure,Indie,RPG,Free To Play","Adventure,RPGMaker,2D,Short,Dark,Pixel Graphics,Point & Click,Puzzle,Exploration,Horror,Psychological Horror,Retro,Atmospheric,Emotional,Female Protagonist,Singleplayer,Story Rich,Walking Simulator,Psychological,Anime",6.7,https://store.steampowered.com/app/1131540/,0.0,0.9022201267469376,walkingsimulator pixelgraphics femaleprotagonist emotional storyrich puzzle adventure singleplayer anime rpgmaker psychological 2d short psychologicalhorror indie rpg dark freetoplay exploration horror pointandclick atmospheric retro
The Knobbly Crook,2015-06-09,0.5962588843196084,0.0,0,https://shared.akamai.steamstatic.com/store_item_assets/steam/apps/378300/header.jpg?t=1596072112,15,Single-player,"Adventure,Free To Play,Indie","Free to Play,Adventure,Indie,Point & Click",10.91,https://store.steampowered.com/app/378300/,0.0,0.9021438030578018,singleplayer pointandclick adventure indie freetoplay
Brother Brother,2019-11-07,0.4892366412165478,0.0,0,https://shared.akamai.steamstatic.com/store_item_assets/steam/apps/1147850/header.jpg?t=1726015170,0,"Single-player,Steam Achievements,Full controller support","Action,Adventure,Casual,Indie,RPG,Free To Play","RPG,Casual,Action,Adventure,Indie,Pixel Graphics,Action-Adventure,Retro,Action RPG,Action Roguelike,Rogue-like,Hack and Slash,Rogue-lite,2D,Top-Down,Old School,Dark Fantasy,Fantasy,Singleplayer,Free to Play",6.49,https://store.steampowered.com/app/1147850/,0.0,0.902020686671925,casual fantasy controller pixelgraphics actionroguelike actionadventure roguelite roguelike adventure singleplayer 2d actionrpg action indie rpg freetoplay darkfantasy oldschool topdown retro hackandslash
Fur the Game,2019-01-03,0.4892366412165478,0.0,0,https://shared.akamai.steamstatic.com/store_item_assets/steam/apps/856600/header.jpg?t=1546729246,0,"Single-player,Partial Controller Support","Adventure,Casual,Indie","Indie,Casual,Adventure,Puzzle,Cute,Short,Free to Play",7.34,https://store.steampowered.com/app/856600/,0.0,0.901853063058832,casual singleplayer short puzzle adventure indie cute controller freetoplay
36 apples,2020-01-31,0.5557766305439302,0.0,0,https://shared.akamai.steamstatic.com/store_item_assets/steam/apps/1202480/header.jpg?t=1666988387,0,Single-player,"Adventure,Casual,Indie","Adventure,Indie,Casual,First-Person,Relaxing,Puzzle,Exploration,Minimalist,Atmospheric,3D,Minigames,Experimental,Nature,Free to Play",6.26,https://store.steampowered.com/app/1202480/,0.0,0.9017421011990218,casual singleplayer puzzle nature firstperson adventure indie minimalist minigames relaxing atmospheric experimental 3d freetoplay exploration
Don't Be Afraid - The First Toy,2020-07-02,0.6330768564718121,0.0,0,https://shared.akamai.steamstatic.com/store_item_assets/steam/apps/1311250/header.jpg?t=1730272175,0,"Single-player,Steam Achievements","Adventure,Free To Play","Free to Play,Adventure,Horror,Singleplayer,Violent,Gore,Co-op,Realistic,First-Person,Indie,Sexual Content",5.84,https://store.steampowered.com/app/1311250/,0.0,0.9017356587895652,violent singleplayer coop firstperson adventure realistic indie gore sexualcontent freetoplay horror
Cartesian,2017-02-17,0.4892366412165478,0.0,0,https://shared.akamai.steamstatic.com/store_item_assets/steam/apps/596470/header.jpg?t=1547642446,0,Single-player,"Adventure,Free To Play,Indie","Free to Play,Adventure,Indie",9.21,https://store.steampowered.com/app/596470/,0.0,0.9016532890952116,freetoplay singleplayer adventure indie
Romino's Adventure,2021-11-19,0.4892366412165478,0.0,0,https://shared.akamai.steamstatic.com/store_item_assets/steam/apps/1775470/header.jpg?t=1687549019,0,"Single-player,Full controller support","Adventure,Indie","Puzzle-Platformer,Side Scroller,2D Platformer,Pixel Graphics,Adventure,Female Protagonist,Linear,Puzzle,Platformer,2D,Indie,Controller,Retro,Singleplayer",4.46,https://store.steampowered.com/app/1775470/,0.0,0.9016532890952116,singleplayer platformer puzzle controller pixelgraphics adventure sidescroller indie linear 2dplatformer femaleprotagonist 2d puzzleplatformer retro
Betelgeuse,2020-05-31,0.4892366412165478,0.0,0,https://shared.akamai.steamstatic.com/store_item_assets/steam/apps/1244530/header.jpg?t=1704992163,0,"Single-player,Steam Achievements,Partial Controller Support,Steam Cloud","Indie,Free To Play","Indie,Free to Play,Puzzle,Sokoban,Logic,Puzzle-Platformer",5.93,https://store.steampowered.com/app/1244530/,0.0,0.9016532890952116,singleplayer sokoban puzzle logic indie controller freetoplay puzzleplatformer
Galactic Bulwark Strike,2018-10-22,0.4892366412165478,0.0,0,https://shared.akamai.steamstatic.com/store_item_assets/steam/apps/803930/header.jpg?t=1620096063,0,"Single-player,Steam Achievements,Full controller support,Steam Cloud,Steam Leaderboards","Action,Casual,Indie","Indie,Action,Casual,Arcade",7.54,https://store.steampowered.com/app/803930/,0.0,0.9016532890952116,casual singleplayer controller action indie arcade
Dingletopia: Nation Under Siege (by Orcs),2020-07-15,0.5557766305439302,0.0,0,https://shared.akamai.steamstatic.com/store_item_assets/steam/apps/1286140/header.jpg?t=1595046621,0,Single-player,"Casual,Free To Play,Indie,Simulation,Strategy","Free to Play,Strategy,Casual,Indie,Simulation,Dwarf",5.81,https://store.steampowered.com/app/1286140/,0.0,0.9015557802151692,casual singleplayer indie dwarf simulation freetoplay strategy
Warzone 2100,2020-02-18,0.6780830971139326,0.0,0,https://shared.akamai.steamstatic.com/store_item_assets/steam/apps/1241950/header.jpg?t=1584419815,0,"Single-player,Multi-player,PvP,Online PvP,LAN PvP,Co-op,Online Co-op,LAN Co-op,Steam Cloud","Free To Play,Strategy","Strategy,Free to Play,RTS,Base-Building,War,Real Time Tactics,Classic,Futuristic,Multiplayer,Singleplayer,Sci-fi,Post-apocalyptic,1990's",6.21,https://store.steampowered.com/app/1241950/,0.0,0.901520193032672,war coop pvp postapocalyptic multiplayer lanpvp singleplayer rts classic realtimetactics futuristic 1990s freetoplay basebuilding onlinepvp scifi strategy
Skater Frog,2020-01-24,0.5557766305439302,0.0,0,https://shared.akamai.steamstatic.com/store_item_assets/steam/apps/1127470/header.jpg?t=1721532390,0,"Single-player,Partial Controller Support","Casual,Free To Play","Free to Play,Casual,Action,Skateboarding,Arcade,Indie,Sexual Content,Psychological Horror,Nudity,Hentai",6.28,https://store.steampowered.com/app/1127470/,0.0,0.901476806600186,casual singleplayer psychologicalhorror action indie sexualcontent hentai arcade controller freetoplay skateboarding nudity
Are you ready for Valve Index?,2019-04-30,0.6330768564718121,0.0,0,https://shared.akamai.steamstatic.com/store_item_assets/steam/apps/1070910/header.jpg?t=1628114581,0,Family Sharing,,"VR,Utilities,Free to Play,Software,Indie,Cute,Family Friendly",7.02,https://store.steampowered.com/app/1070910/,0.0,0.901423297574682,utilities familyfriendly indie vr cute software freetoplay
Soma Spirits: Rebalance,2017-04-13,0.4892366412165478,0.0,0,https://shared.akamai.steamstatic.com/store_item_assets/steam/apps/587310/header.jpg?t=1634562835,62,"Single-player,Steam Achievements,Steam Trading Cards,Partial Controller Support","Indie,RPG","RPG,Indie,RPGMaker,Pixel Graphics",9.06,https://store.steampowered.com/app/587310/,0.0,0.9013989369267174,singleplayer pixelgraphics indie rpg rpgmaker controller
Neon Boost,2019-05-20,0.6780830971139326,0.0,0,https://shared.akamai.steamstatic.com/store_item_assets/steam/apps/1057850/header.jpg?t=1577210539,0,"Single-player,Steam Achievements","Action,Free To Play,Indie","Free to Play,Parkour,Action,First-Person,Indie,Platformer,FPS,Great Soundtrack,Runner,Difficult,1980s,Shooter,Atmospheric,Cyberpunk,Multiplayer,3D Platformer",6.96,https://store.steampowered.com/app/1057850/,0.0,0.9013629143489698,runner singleplayer platformer cyberpunk 3dplatformer greatsoundtrack fps action firstperson indie difficult shooter atmospheric 1980s freetoplay multiplayer parkour
Tex-Mechs,2020-02-21,0.5557766305439302,0.0,0,https://shared.akamai.steamstatic.com/store_item_assets/steam/apps/1062070/header.jpg?t=1709310063,0,"Single-player,Full controller support","Action,Free To Play,Indie","Free to Play,Action,Indie,Shooter,Mechs,Short,FPS",6.2,https://store.steampowered.com/app/1062070/,0.0,0.9013406953927956,singleplayer short fps controller action mechs indie shooter freetoplay
Nyanco Desktop Mascot,2021-02-02,0.5557766305439302,0.0,5,https://shared.akamai.steamstatic.com/store_item_assets/steam/apps/1522320/header.jpg?t=1667024466,0,,"Animation & Modeling,Design & Illustration,Utilities","Animation & Modeling,Design & Illustration,Utilities",5.25,https://store.steampowered.com/app/1522320/,0.0,0.901212412003155,designandillustration utilities animationandmodeling
PewPew Live,2022-09-10,0.4892366412165478,0.0,0,https://shared.akamai.steamstatic.com/store_item_assets/steam/apps/2074980/header.jpg?t=1732976760,0,"Single-player,Multi-player,Co-op,Online Co-op,LAN Co-op,Cross-Platform Multiplayer,Partial Controller Support,Steam Cloud","Action,Indie","Twin Stick Shooter,Bullet Hell,Shoot 'Em Up,Shooter,Action,Arcade,Top-Down,Abstract,Minimalist,Stylized,Moddable,Score Attack,Retro,Co-op,Multiplayer,Online Co-Op,Singleplayer,Indie",3.65,https://store.steampowered.com/app/2074980/,0.0,0.901212412003155,coop abstract controller multiplayer singleplayer minimalist arcade scoreattack stylized action indie shooter bullethell twinstickshooter shootemup moddable crossplatformmultiplayer topdown retro
Sono,2020-03-06,0.5557766305439302,0.0,0,https://shared.akamai.steamstatic.com/store_item_assets/steam/apps/1218260/header.jpg?t=1585265631,0,"Single-player,Full controller support","Adventure,Casual,Free To Play,Indie","Free to Play,Casual,Indie,Adventure,Relaxing,Exploration,Beautiful,Singleplayer,Short,Atmospheric,Family Friendly",6.17,https://store.steampowered.com/app/1218260/,0.0,0.9011182936224068,casual singleplayer short controller familyfriendly adventure beautiful indie relaxing atmospheric freetoplay exploration
Path Out,2017-11-02,0.5557766305439302,0.0,0,https://shared.akamai.steamstatic.com/store_item_assets/steam/apps/725980/header.jpg?t=1529659316,0,"Single-player,Partial Controller Support","Adventure,Free To Play","Free to Play,Pixel Graphics,Adventure,RPGMaker",8.51,https://store.steampowered.com/app/725980/,0.0,0.901026510216326,singleplayer pixelgraphics adventure rpgmaker controller freetoplay
Toki Time Trial,2018-07-20,0.4892366412165478,0.0,0,https://shared.akamai.steamstatic.com/store_item_assets/steam/apps/848700/header.jpg?t=1670245953,0,Single-player,Free To Play,"Free to Play,Puzzle,Puzzle-Platformer,Time Manipulation,First-Person",7.79,https://store.steampowered.com/app/848700/,0.0,0.900957167370912,singleplayer puzzle firstperson timemanipulation freetoplay puzzleplatformer
Witches x Warlocks,2020-10-31,0.4892366412165478,0.0,1,https://shared.akamai.steamstatic.com/store_item_assets/steam/apps/1422380/header.jpg?t=1711982698,11,Single-player,"Casual,Indie,Simulation,Free To Play","Visual Novel,LGBTQ+,Otome,Dating Sim,Cute,Comedy,Cartoon,Indie,Fantasy,Anime,Interactive Fiction,Multiple Endings,Text-Based,Singleplayer,Simulation,Free to Play,Casual,Character Customization,Colorful,Sexual Content",5.51,https://store.steampowered.com/app/1422380/,0.0,0.9009233295316196,casual fantasy otome simulation charactercustomization interactivefiction singleplayer anime colorful visualnovel textbased datingsim indie freetoplay lgbtq+ cartoon sexualcontent cute multipleendings comedy
Food Drive: Race against Hunger,2018-10-09,0.5962588843196084,0.0,0,https://shared.akamai.steamstatic.com/store_item_assets/steam/apps/937350/header.jpg?t=1548792532,0,"Single-player,Full controller support","Action,Casual,Free To Play,Indie,Early Access","Free to Play,Indie,Casual,Action,Early Access,Driving,Top-Down,Stylized",7.57,https://store.steampowered.com/app/937350/,0.0,0.9007907034803184,casual singleplayer controller action indie earlyaccess topdown freetoplay driving stylized
HOME,2019-05-11,0.6330768564718121,0.0,0,https://shared.akamai.steamstatic.com/store_item_assets/steam/apps/1067900/header.jpg?t=1754354764,0,"Single-player,Full controller support,Remote Play on Phone,Remote Play on Tablet,Remote Play on TV","Adventure,Casual,Indie,Simulation,Free To Play","Philosophical,Relaxing,Atmospheric,Exploration,Emotional,Cats,Adventure,Walking Simulator,3D,Minimalist,Third Person,Choices Matter,Sandbox,Character Customization,Multiple Endings,Casual,Singleplayer,Free to Play,Indie,Simulation",6.99,https://store.steampowered.com/app/1067900/,0.0,0.900625091449996,casual remoteplayontv walkingsimulator controller remoteplayonphone relaxing simulation charactercustomization emotional adventure singleplayer remoteplayontablet minimalist indie thirdperson sandbox 3d freetoplay exploration philosophical choicesmatter cats multipleendings atmospheric
Nekoview,2020-09-16,0.5962588843196084,0.0,15,https://shared.akamai.steamstatic.com/store_item_assets/steam/apps/1197580/header.jpg?t=1623303543,0,,"Design & Illustration,Utilities,Web Publishing,Early Access","Utilities,Design & Illustration,Early Access,Web Publishing",5.63,https://store.steampowered.com/app/1197580/,0.0,0.9004915183796575,designandillustration utilities earlyaccess
We Were Here,2017-02-03,0.755384370197392,0.0,1,https://shared.akamai.steamstatic.com/store_item_assets/steam/apps/582500/header.jpg?t=1764329099,101,"Multi-player,Co-op,Online Co-op,Cross-Platform Multiplayer,Steam Achievements,Custom Volume Controls,Subtitle Options,Partial Controller Support,Steam Cloud","Action,Adventure,Indie,Free To Play","Free to Play,Co-op,Escape Room,Puzzle,Horror,Multiplayer,Co-op Campaign,Mystery,Adventure,Psychological Horror,Online Co-Op,Exploration,First-Person,Investigation,Atmospheric,Multiple Endings,Indie,Casual,Dark,Action-Adventure",9.25,https://store.steampowered.com/app/582500/,0.0,0.900466302189716,casual controller actionadventure multiplayer customvolumecontrols coop puzzle adventure escaperoom psychologicalhorror action indie dark freetoplay exploration horror mystery firstperson investigation multipleendings atmospheric crossplatformmultiplayer
CS2D,2017-11-15,0.755384370197392,0.0,0,https://shared.akamai.steamstatic.com/store_item_assets/steam/apps/666220/header.jpg?t=1743163970,28,"Single-player,Multi-player,PvP,Online PvP,LAN PvP,Co-op,Online Co-op,LAN Co-op,Cross-Platform Multiplayer,Steam Achievements,Steam Cloud,Includes level editor","Action,Casual,Indie,Free To Play","Free to Play,2D,Shooter,Multiplayer,Action,Top-Down Shooter,Casual,Indie,Top-Down,Zombies,FPS,Funny,Gore,Singleplayer,Pixel Graphics,Survival,Strategy,Co-op,2D Fighter,Competitive",8.47,https://store.steampowered.com/app/666220/,0.0,0.9004013405973689,casual coop pixelgraphics pvp funny multiplayer lanpvp includesleveleditor singleplayer gore 2d survival zombies fps action indie shooter freetoplay topdownshooter onlinepvp 2dfighter competitive crossplatformmultiplayer topdown strategy
The Orville - Interactive Fan Experience,2019-07-23,0.6780830971139326,0.0,0,https://shared.akamai.steamstatic.com/store_item_assets/steam/apps/1096200/e698488dd80679717c208d9195480288c165295d/header.jpg?t=1763657438,0,"Single-player,Multi-player,PvP,Online PvP,Cross-Platform Multiplayer,Steam Achievements,Captions available,Steam Workshop,Steam Cloud,Steam Leaderboards","Casual,Simulation,Free To Play,Early Access","Sandbox,Space,Sci-fi,Multiplayer,Free to Play,Casual,Early Access,Open World,Realistic,Character Customization,First-Person,Online Co-Op,Third Person,Flight,FPS,Third-Person Shooter,3D,Cinematic,6DOF,Space Sim",6.79,https://store.steampowered.com/app/1096200/,0.0,0.9000904785076981,casual pvp spacesim simulation flight multiplayer openworld charactercustomization realistic fps cinematic sandbox coop thirdperson earlyaccess 3d freetoplay singleplayer onlinepvp scifi thirdpersonshooter firstperson crossplatformmultiplayer space 6dof
Grapple Tournament,2023-12-23,0.4892366412165478,0.0,1,https://shared.akamai.steamstatic.com/store_item_assets/steam/apps/1384320/header.jpg?t=1724761783,35,"Single-player,Multi-player,PvP,Online PvP,Co-op,Online Co-op,Tracked Controller Support,VR Only","Action,Casual,Indie","VR,Arena Shooter,FPS,PvP,Multiplayer,Shooter,Parkour,Action,Sci-fi,Hero Shooter,Team-Based,Futuristic,e-sports,Combat,First-Person,Arcade,Casual,Stylized,Colorful,3D",2.37,https://store.steampowered.com/app/1384320/,0.0,0.8999743810741148,casual esports pvp controller multiplayer combat vr colorful arcade arenashooter parkour stylized fps action indie teambased shooter coop futuristic 3d singleplayer onlinepvp scifi heroshooter firstperson
UniBall,2017-02-24,0.5557766305439302,0.0,0,https://shared.akamai.steamstatic.com/store_item_assets/steam/apps/408030/header.jpg?t=1490416152,58,"Multi-player,PvP,Online PvP","Action,Indie,Sports","Sports,Indie,Action,Free to Play,Multiplayer,Competitive",9.19,https://store.steampowered.com/app/408030/,0.0,0.8999507114143295,onlinepvp action multiplayer pvp indie competitive freetoplay sports
TrackMania Nations Forever,2008-04-16,0.8003907929561015,0.0,0,https://shared.akamai.steamstatic.com/store_item_assets/steam/apps/11020/header.jpg?t=1548090419,101,"Single-player,Multi-player,Includes level editor",Racing,"Racing,Free to Play,Multiplayer,Automobile Sim,Singleplayer,Level Editor,Arcade,Competitive,Simulation,Controller,Massively Multiplayer,Action,Sports,Difficult,Sandbox,Casual,Adventure,Co-op,First-Person,Indie",18.05,https://store.steampowered.com/app/11020/,0.0,0.8999403189707852,casual simulation massivelymultiplayer multiplayer automobilesim includesleveleditor adventure singleplayer racing arcade sports action indie sandbox freetoplay leveleditor firstperson competitive controller coop difficult
Command & Conquer 3 Tiberium Wars™,2009-11-13,0.7185660793429937,0.0,0,https://shared.akamai.steamstatic.com/store_item_assets/steam/apps/24790/header.jpg?t=1741704759,214,"Single-player,Steam Workshop,Steam Cloud,Includes level editor,Family Sharing","Action,Strategy","Family Friendly,Level Editor,Strategy,RTS,Action,Multiplayer,Singleplayer,Action RTS,City Builder,Base-Building,Sci-fi,FMV,Atmospheric,Post-apocalyptic,War,Story Rich,Futuristic,Aliens,Classic,Great Soundtrack",16.48,https://store.steampowered.com/app/24790/,0.0,0.8998813418274031,war citybuilder postapocalyptic multiplayer storyrich greatsoundtrack includesleveleditor familyfriendly singleplayer rts classic action aliens futuristic actionrts basebuilding leveleditor scifi atmospheric fmv strategy
PENGUIN HOTEL -Chapter 1-,2024-10-31,0.5557766305439302,0.0,0,https://shared.akamai.steamstatic.com/store_item_assets/steam/apps/3103750/header.jpg?t=1743589869,0,"Single-player,Steam Achievements,Full controller support","Action,Adventure,Casual,Indie,Free To Play","Horror,Adventure,Singleplayer,First-Person,Action,Mystery,Atmospheric,PvE,Action-Adventure,FPS,Hidden Object,Exploration,3D Platformer,Realistic,Cinematic,Retro,Physics,Asynchronous Multiplayer,Survival Horror,Well-Written",1.51,https://store.steampowered.com/app/3103750/,0.0,0.8998774445977923,casual 3dplatformer controller asynchronousmultiplayer actionadventure hiddenobject pve survivalhorror adventure singleplayer realistic fps cinematic action physics indie freetoplay exploration horror mystery firstperson wellwritten atmospheric retro
Spark and The Digital Daydream,2019-05-07,0.4892366412165478,0.0,0,https://shared.akamai.steamstatic.com/store_item_assets/steam/apps/1065750/header.jpg?t=1560397216,0,Single-player,"Adventure,Free To Play,Indie","Free to Play,Indie,Adventure",7.0,https://store.steampowered.com/app/1065750/,0.0,0.8998774445977923,freetoplay singleplayer adventure indie
Bright Memory: Infinite Ray Tracing Benchmark,2020-09-24,0.6780830971139326,0.0,0,https://shared.akamai.steamstatic.com/store_item_assets/steam/apps/1409670/header.jpg?t=1650869873,0,Single-player,,"Benchmark,Utilities,Indie,Female Protagonist,Sci-fi",5.61,https://store.steampowered.com/app/1409670/,0.0,0.8998774445977923,singleplayer utilities scifi indie femaleprotagonist
The Sad Story of Emmeline Burns,2016-01-05,0.5962588843196084,0.0,0,https://shared.akamai.steamstatic.com/store_item_assets/steam/apps/429940/header.jpg?t=1751923207,66,"Single-player,Steam Achievements","Adventure,Casual,Indie","Visual Novel,Free to Play,Female Protagonist,Indie,Casual,Adventure,Anime,LGBTQ+,Romance,Short,Story Rich,Singleplayer,Emotional,2D,Historical,Well-Written,Cute,Atmospheric,Stylized,Text-Based",10.33,https://store.steampowered.com/app/429940/,0.0,0.8998736163386287,casual romance femaleprotagonist emotional storyrich adventure singleplayer anime visualnovel 2d textbased stylized short indie freetoplay lgbtq+ wellwritten cute atmospheric historical
Wizard And Minion Idle,2019-02-07,0.6330768564718121,0.0,0,https://shared.akamai.steamstatic.com/store_item_assets/steam/apps/1011510/header.jpg?t=1648654957,381,"Single-player,In-App Purchases","Free To Play,RPG,Strategy","Free to Play,Idler,RPG,Clicker,Strategy,Casual,Indie,Singleplayer,2D,Pixel Graphics,Retro,Simulation,Management,Dark Fantasy,Procedural Generation",7.24,https://store.steampowered.com/app/1011510/,0.0,0.8998589015526993,singleplayer idler casual pixelgraphics management clicker indie rpg inapppurchases retro 2d simulation freetoplay strategy proceduralgeneration darkfantasy
Monstruous,2019-12-15,0.4892366412165478,0.0,0,https://shared.akamai.steamstatic.com/store_item_assets/steam/apps/1169420/header.jpg?t=1711627509,0,Single-player,"Casual,Indie,Free To Play","Indie,Casual,Free to Play,Puzzle,Short,Fantasy,2D,Cute",6.39,https://store.steampowered.com/app/1169420/,0.0,0.899793884096287,casual singleplayer short fantasy puzzle indie cute 2d freetoplay
Farmageddon: A Cattle Royale,2021-07-23,0.5557766305439302,0.0,0,https://shared.akamai.steamstatic.com/store_item_assets/steam/apps/1300330/header.jpg?t=1663721896,0,"Single-player,Multi-player,Full controller support,In-App Purchases,Steam Cloud","Action,Free To Play,Indie,Massively Multiplayer","Indie,Free to Play,Action,Action Roguelike,Asynchronous Multiplayer,Massively Multiplayer,Battle Royale,Rogue-lite,Comedy,2D,Top-Down Shooter,Cartoony,Agriculture,Character Customization,Controller,Inventory Management,Procedural Generation,PvP,Multiplayer,Singleplayer",4.79,https://store.steampowered.com/app/1300330/,0.0,0.899793884096287,controller pvp actionroguelike asynchronousmultiplayer inapppurchases massivelymultiplayer charactercustomization multiplayer roguelite singleplayer cartoon 2d proceduralgeneration action indie battleroyale freetoplay topdownshooter inventorymanagement comedy agriculture
New Zealand Virtual Debating Chamber,2019-06-25,0.4892366412165478,0.0,0,https://shared.akamai.steamstatic.com/store_item_assets/steam/apps/1103940/header.jpg?t=1574709712,0,"Single-player,Tracked Controller Support,VR Only","Free To Play,Simulation","Simulation,Free to Play,VR,Psychological Horror",6.86,https://store.steampowered.com/app/1103940/,0.0,0.8997332617716656,singleplayer psychologicalhorror controller vr simulation freetoplay
finland corruption simulator,2023-04-13,0.4892366412165478,0.0,2,https://shared.akamai.steamstatic.com/store_item_assets/steam/apps/2266190/header.jpg?t=1742767770,0,Single-player,"Simulation,Free To Play","Simulation,Post-apocalyptic,Open World,Singleplayer,Indie,Free to Play,FPS,RTS,3D",3.06,https://store.steampowered.com/app/2266190/,0.0,0.8997332617716656,singleplayer fps indie rts simulation freetoplay postapocalyptic 3d openworld
TeamPunk,2023-01-20,0.4892366412165478,0.0,0,https://shared.akamai.steamstatic.com/store_item_assets/steam/apps/2251080/header.jpg?t=1674935846,0,"Single-player,Multi-player,Co-op,Shared/Split Screen Co-op,Shared/Split Screen,Full controller support,Remote Play Together","Action,Adventure,Casual,Free To Play","Action,Twin Stick Shooter,Steampunk,Controller,Isometric,Casual,Dystopian,Shooter,Post-apocalyptic,Arcade,3D,3D Vision,Cartoony,Stylized,Atmospheric,Old School,Sci-fi,Tactical,Western,Combat",3.29,https://store.steampowered.com/app/2251080/,0.0,0.8997332617716656,casual sharedsplitscreencoop controller tactical western postapocalyptic combat multiplayer remoteplaytogether adventure arcade cartoon steampunk stylized action dystopian isometric shooter twinstickshooter 3d freetoplay splitscreen singleplayer oldschool scifi 3dvision atmospheric coop
Seaberry Keep,2022-11-11,0.4892366412165478,0.0,0,https://shared.akamai.steamstatic.com/store_item_assets/steam/apps/2150760/header.jpg?t=1761075247,0,Single-player,"Adventure,Casual,Indie,Free To Play","Cute,Funny,Relaxing,Point & Click,Cozy,Casual,Exploration,Interactive Fiction,Story Rich,Short,Adventure,Colorful,Fantasy,Comedy,Atmospheric,Wholesome,2D,Family Friendly,Indie,Singleplayer",3.48,https://store.steampowered.com/app/2150760/,0.0,0.8997332617716656,casual fantasy funny relaxing interactivefiction storyrich familyfriendly adventure singleplayer colorful 2d short wholesome indie freetoplay exploration pointandclick cute atmospheric comedy cozy
Tadpole Tales,2021-03-12,0.6330768564718121,0.0,0,https://shared.akamai.steamstatic.com/store_item_assets/steam/apps/1428900/header.jpg?t=1618835017,0,Single-player,"Action,Adventure,Casual,Free To Play,Indie","Shoot 'Em Up,Hand-drawn,2D,Cute,Side Scroller,Bullet Hell,Arcade,PvE,Action-Adventure,Top-Down,Colorful,Action,Linear,Cartoony,Family Friendly,Stylized,Singleplayer,Fantasy,Free to Play,Adventure",5.15,https://store.steampowered.com/app/1428900/,0.0,0.8996410347273364,casual fantasy actionadventure pve familyfriendly adventure singleplayer colorful arcade 2d cartoon stylized action sidescroller indie linear bullethell freetoplay shootemup handdrawn cute topdown
Pirate Fighting Simulator,2023-11-13,0.6330768564718121,0.0,0,https://shared.akamai.steamstatic.com/store_item_assets/steam/apps/2186400/ce7e51e6ec35455c6241b201d85b334b087858ec/header.jpg?t=1763054381,0,"Multi-player,PvP,Online PvP,LAN PvP","Action,Simulation","FPS,Action,Simulation,Pirates,PvP,Shooter,First-Person,Cartoony,Multiplayer,Combat,Local Multiplayer,Free to Play,Psychological Horror",2.48,https://store.steampowered.com/app/2186400/,0.0,0.8996280756922221,lanpvp psychologicalhorror onlinepvp fps localmultiplayer action multiplayer pvp pirates firstperson shooter cartoon simulation freetoplay combat
Sheepy,2021-07-24,0.5557766305439302,0.0,0,https://shared.akamai.steamstatic.com/store_item_assets/steam/apps/1448600/header.jpg?t=1763841698,0,"Single-player,Steam Achievements,Full controller support","Casual,Indie,Free To Play","Casual,Platformer,2D Platformer,2D,Cartoon,Cartoony,Pixel Graphics,Colorful,Free to Play,Family Friendly,Indie,Fantasy,Relaxing,Nature,Singleplayer,Retro,Linear",4.78,https://store.steampowered.com/app/1448600/,0.0,0.8995269929869607,casual fantasy controller pixelgraphics relaxing nature familyfriendly singleplayer colorful cartoon 2d linear indie 2dplatformer freetoplay platformer retro
Red Faction Guerrilla Steam Edition,2009-09-15,0.755384370197392,0.0,0,https://shared.akamai.steamstatic.com/store_item_assets/steam/apps/20500/header.jpg?t=1591111308,276,"Single-player,Multi-player,Steam Achievements,Full controller support,Steam Trading Cards,Steam Cloud,Steam Leaderboards,Family Sharing",Action,"Open World,Destruction,Action,Physics,Sci-fi,Third Person,Mars,Third-Person Shooter,Multiplayer,Singleplayer,Sandbox,Shooter,Adventure,Atmospheric,Co-op,Great Soundtrack,Controller,Survival,Funny,FPS",16.64,https://store.steampowered.com/app/20500/,0.0,0.899304276097528,controller mars funny multiplayer openworld greatsoundtrack destruction singleplayer adventure survival fps action physics thirdperson sandbox shooter scifi thirdpersonshooter atmospheric coop
King's Quest,2015-07-28,0.6780830971139326,0.0,4,https://shared.akamai.steamstatic.com/store_item_assets/steam/apps/345390/header.jpg?t=1571099728,548,"Single-player,Steam Achievements,Partial Controller Support,Family Sharing",Adventure,"Adventure,Puzzle,Point & Click,Fantasy,Story Rich,Singleplayer,Comedy,Funny,Classic,Episodic,Remake,Great Soundtrack,Medieval,Retro,Cult Classic,1990's,2D,Choices Matter,Free to Play,Third Person",10.77,https://store.steampowered.com/app/345390/,0.0,0.8993033740985564,fantasy funny controller medieval storyrich greatsoundtrack puzzle adventure singleplayer 2d classic thirdperson 1990s freetoplay remake episodic pointandclick choicesmatter cultclassic comedy retro
Plot of the Druid: Nightwatch,2021-02-19,0.6330768564718121,0.0,0,https://shared.akamai.steamstatic.com/store_item_assets/steam/apps/1544570/header.jpg?t=1729328190,0,Single-player,"Adventure,Indie,Free To Play","Adventure,Fantasy,Puzzle,Story Rich,Free to Play,Indie,Point & Click,2D,Retro,Magic,Medieval,Cartoony,Parody,Mystery,Mythology,Exploration,Comedy,Cartoon,Nature",5.21,https://store.steampowered.com/app/1544570/,0.0,0.8991799315807265,fantasy mythology medieval storyrich puzzle nature adventure cartoon 2d indie freetoplay magic exploration mystery singleplayer pointandclick parody comedy retro
Team Fortress 2,2007-10-10,0.96318167408801,0.0,1,https://shared.akamai.steamstatic.com/store_item_assets/steam/apps/440/header.jpg?t=1757348372,4262,"Multi-player,Cross-Platform Multiplayer,Steam Achievements,Steam Trading Cards,Captions available,Steam Workshop,In-App Purchases,Camera Comfort,Color Alternatives,Custom Volume Controls,Stereo Sound,Surround Sound,Partial Controller Support,Valve Anti-Cheat enabled,Stats,Includes level editor,Commentary available,Remote Play on Phone,Remote Play on Tablet","Action,Free To Play","Free to Play,Hero Shooter,Multiplayer,FPS,Shooter,Action,Class-Based,Team-Based,Funny,First-Person,Online Co-Op,Competitive,Cartoony,Trading,Co-op,Comedy,Robots,Tactical,Cartoon,Crafting",18.57,https://store.steampowered.com/app/440/,0.0,0.899084349291636,remoteplayonphone tactical funny inapppurchases surroundsound controller multiplayer customvolumecontrols includesleveleditor classbased crafting remoteplayontablet commentaryavailable cartoon trading fps action stereosound stats shooter teambased coop freetoplay heroshooter firstperson competitive coloralternatives crossplatformmultiplayer comedy robots
KEEP LOOKING,2024-11-06,0.5557766305439302,0.0,1,https://shared.akamai.steamstatic.com/store_item_assets/steam/apps/3293150/header.jpg?t=1747948671,0,"Single-player,Steam Achievements,Full controller support,Steam Cloud,Stats,Steam Leaderboards","Casual,Indie,Free To Play","Horror,Singleplayer,Survival Horror,Underground,First-Person,Free to Play,Indie,Casual",1.49,https://store.steampowered.com/app/3293150/,0.0,0.8990347867277578,casual singleplayer controller survivalhorror firstperson indie stats freetoplay underground horror
Crusader Kings II,2012-02-14,0.8003907929561015,0.0,32,https://shared.akamai.steamstatic.com/store_item_assets/steam/apps/203770/header.jpg?t=1740566844,233,"Single-player,Multi-player,Steam Trading Cards","RPG,Simulation,Strategy,Free To Play","Grand Strategy,Strategy,Medieval,Historical,Political Sim,Simulation,RPG,Sandbox,Multiplayer,Politics,Diplomacy,Singleplayer,Replay Value,Real-Time with Pause,Moddable,Political,Free to Play,Character Customization,RTS,Great Soundtrack",14.22,https://store.steampowered.com/app/203770/,0.0,0.8990271882911595,simulation realtimewithpause politicalsim medieval multiplayer charactercustomization greatsoundtrack replayvalue diplomacy political singleplayer rts rpg sandbox freetoplay moddable historical grandstrategy strategy
MannaRites,2020-10-23,0.4892366412165478,0.0,0,https://shared.akamai.steamstatic.com/store_item_assets/steam/apps/1369770/header.jpg?t=1621375537,0,"Single-player,Multi-player,Co-op,Shared/Split Screen Co-op,Shared/Split Screen,Steam Achievements,Partial Controller Support,Steam Cloud,Remote Play Together","Action,Adventure,Free To Play,Indie,RPG","Beat 'em up,Local Co-Op,Co-op Campaign,Action RPG,Action-Adventure,Dark Fantasy,Hack and Slash,2.5D,Pixel Graphics,Fantasy,Local Multiplayer,Singleplayer,Minimalist,Action,Fighting,Combat,Co-op,Adventure,RPG,Free to Play",5.53,https://store.steampowered.com/app/1369770/,0.0,0.8989731923595902,sharedsplitscreencoop fantasy pixelgraphics localmultiplayer controller actionadventure combat coop multiplayer remoteplaytogether adventure singleplayer minimalist actionrpg beatemup action indie rpg freetoplay splitscreen fighting darkfantasy 2.5d hackandslash
No More Room in Hell,2013-10-31,0.8408738480320119,0.0,1,https://shared.akamai.steamstatic.com/store_item_assets/steam/apps/224260/header.jpg?t=1696263772,103,"Multi-player,Co-op,Cross-Platform Multiplayer,Steam Achievements,Captions available,VR Supported,Steam Workshop,Partial Controller Support,Steam Cloud,Valve Anti-Cheat enabled,Includes level editor,Includes Source SDK","Action,Indie,Free To Play","Free to Play,Zombies,Multiplayer,Survival,Horror,Co-op,Online Co-Op,Action,FPS,First-Person,Survival Horror,Shooter,Post-apocalyptic,Open World,Realistic,Indie,Atmospheric,Mod,Adventure,Massively Multiplayer",12.51,https://store.steampowered.com/app/224260/,0.0,0.8989575940061976,vr includessourcesdk controller postapocalyptic massivelymultiplayer multiplayer openworld includesleveleditor survivalhorror adventure realistic mod survival zombies fps action indie shooter coop freetoplay horror firstperson atmospheric crossplatformmultiplayer
We Slay Monsters,2017-06-21,0.4892366412165478,0.0,1,https://shared.akamai.steamstatic.com/store_item_assets/steam/apps/332540/header.jpg?t=1688411726,0,"Single-player,Steam Achievements,Steam Trading Cards,Steam Cloud,Steam Leaderboards","Indie,RPG,Strategy","Rogue-like,Card Battler,RPG,Indie,Strategy,Card Game,Adventure,Dungeon Crawler",8.87,https://store.steampowered.com/app/332540/,0.0,0.898827213981039,singleplayer roguelike adventure indie rpg strategy cardbattler cardgame dungeoncrawler
秋色的記憶(體驗版) / Fall...in Love (Demo),2018-07-26,0.4892366412165478,0.0,0,https://shared.akamai.steamstatic.com/store_item_assets/steam/apps/890070/header.jpg?t=1532619692,0,Single-player,"Adventure,Free To Play","Free to Play,Adventure,Visual Novel,Otome,Anime,Romance,Sexual Content,Female Protagonist",7.78,https://store.steampowered.com/app/890070/,0.0,0.8987844819781199,singleplayer adventure anime otome romance sexualcontent visualnovel femaleprotagonist freetoplay
Rainy Day,2024-09-20,0.5557766305439302,0.0,2,https://shared.akamai.steamstatic.com/store_item_assets/steam/apps/3192360/header.jpg?t=1758426810,0,"Single-player,Steam Achievements,Full controller support","Adventure,Casual,Indie,Free To Play","Casual,Adventure,Hand-drawn,Cute,Relaxing,Platformer,Walking Simulator,2D,Indie,2D Platformer,Free to Play,Cartoony,Linear,Singleplayer,Colorful,Wholesome,Cozy,Atmospheric,Cartoon,Drama",1.62,https://store.steampowered.com/app/3192360/,0.0,0.898760357371298,casual walkingsimulator controller relaxing adventure singleplayer colorful cartoon 2d drama wholesome linear indie 2dplatformer freetoplay platformer handdrawn cute atmospheric cozy
The Old Tree,2015-01-26,0.6780830971139326,0.0,0,https://shared.akamai.steamstatic.com/store_item_assets/steam/apps/346250/header.jpg?t=1447368095,17,Single-player,"Adventure,Casual,Free To Play,Indie","Free to Play,Adventure,Indie,Casual,Point & Click,Short,Puzzle,Singleplayer,Atmospheric,Horror,2D,Relaxing,Dark,Surreal,Cute,Multiplayer",11.27,https://store.steampowered.com/app/346250/,0.0,0.8987291458032116,casual singleplayer short pointandclick puzzle adventure indie surreal cute atmospheric relaxing 2d dark freetoplay multiplayer horror
my brother lives in a canyon,2021-07-22,0.4892366412165478,0.0,0,https://shared.akamai.steamstatic.com/store_item_assets/steam/apps/1641020/header.jpg?t=1656705273,0,"Single-player,Steam Achievements,Partial Controller Support",Adventure,"Adventure,Casual,Walking Simulator,Exploration,First-Person,Atmospheric,Mystery,Drama,Relaxing,Story Rich,Singleplayer,Indie,Short",4.79,https://store.steampowered.com/app/1641020/,0.0,0.8986859144606822,mystery casual singleplayer storyrich short walkingsimulator drama firstperson adventure indie atmospheric relaxing controller exploration
hexceed,2021-01-15,0.5962588843196084,0.0,42,https://shared.akamai.steamstatic.com/store_item_assets/steam/apps/1463920/header.jpg?t=1763645351,826,"Single-player,Steam Achievements,Full controller support,Custom Volume Controls,Adjustable Difficulty,Mouse Only Option,Playable without Timed Input,Save Anytime,Touch Only Option,Steam Cloud","Casual,Indie,Free To Play","Free to Play,Casual,Puzzle,Relaxing,Singleplayer,Hex Grid,Arcade,Isometric,Top-Down,Colorful,Retro,Minimalist,2.5D,2D,Cute,Indie,Nonlinear,Tutorial,Logic",5.3,https://store.steampowered.com/app/1463920/,0.0,0.8986340719736228,casual playablewithouttimedinput controller logic relaxing customvolumecontrols puzzle singleplayer minimalist nonlinear colorful arcade 2d indie isometric tutorial touchonlyoption freetoplay saveanytime hexgrid 2.5d mouseonly cute topdown retro
Gravitia,2024-01-10,0.5557766305439302,0.0,1,https://shared.akamai.steamstatic.com/store_item_assets/steam/apps/2735690/header.jpg?t=1752123459,0,"Single-player,Full controller support","Adventure,Indie","Adventure,Puzzle,3D,Linear,Mystery,Physics,Singleplayer,Platformer,Exploration,Free to Play,Side Scroller,Action-Adventure,3D Platformer,Indie",2.32,https://store.steampowered.com/app/2735690/,0.0,0.8985276823960326,mystery singleplayer platformer 3dplatformer puzzle controller actionadventure physics adventure linear indie sidescroller 3d freetoplay exploration
STAY,2021-02-26,0.4892366412165478,0.0,1,https://shared.akamai.steamstatic.com/store_item_assets/steam/apps/1519690/header.jpg?t=1645902259,0,"Single-player,Steam Achievements,Steam Cloud,Steam Leaderboards","Casual,Indie","Experimental,Logic,Score Attack,Arcade,Difficult,Survival,Surreal,Procedural Generation,Puzzle,Indie,Casual,Singleplayer,Pixel Graphics,2D",5.19,https://store.steampowered.com/app/1519690/,0.0,0.8985059027429675,casual singleplayer puzzle pixelgraphics logic indie surreal scoreattack experimental arcade 2d proceduralgeneration difficult survival
Cell to Singularity - Evolution Never Ends,2021-11-03,0.755384370197392,0.0,0,https://shared.akamai.steamstatic.com/store_item_assets/steam/apps/977400/065676bd0a69a99e3d65939e8b0fe9f91a0f5fcb/header.jpg?t=1763477672,359,"Single-player,Steam Achievements,In-App Purchases,Partial Controller Support,Steam Cloud","Casual,Simulation,Free To Play","Clicker,Free to Play,Simulation,Science,Idler,Casual,Historical,Singleplayer,Dinosaurs,Space,Education,Early Access,God Game,Sci-fi,Sandbox,Point & Click,Multiplayer,Atmospheric,Family Friendly,Strategy",4.5,https://store.steampowered.com/app/977400/,0.0,0.8983242997383736,casual inapppurchases controller simulation multiplayer education science familyfriendly singleplayer idler clicker godgame sandbox earlyaccess freetoplay pointandclick scifi dinosaurs atmospheric historical space strategy
2D Platformer GAME (Toy Factory),2021-04-01,0.4892366412165478,0.0,0,https://shared.akamai.steamstatic.com/store_item_assets/steam/apps/1570790/header.jpg?t=1749052393,0,"Single-player,Full controller support,Remote Play on TV","Action,Adventure,Indie,Free To Play","Adventure,2D Platformer,Action-Adventure,Arcade,Platformer,Side Scroller,Anime,Singleplayer,Cartoon,Cartoony,Comic Book,Cute,Hand-drawn,Atmospheric,Cats,Dark Humor,2D,Dog,Indie,Action",5.1,https://store.steampowered.com/app/1570790/,0.0,0.8982687444482005,remoteplayontv controller actionadventure adventure singleplayer anime arcade cartoon 2d action sidescroller indie 2dplatformer darkhumor freetoplay platformer cats dog cute handdrawn atmospheric comicbook
Flightless Classic,2017-10-27,0.5557766305439302,0.0,0,https://shared.akamai.steamstatic.com/store_item_assets/steam/apps/731770/header.jpg?t=1563661110,17,Single-player,"Adventure,Free To Play,Indie","Free to Play,Adventure,Indie,Puzzle",8.52,https://store.steampowered.com/app/731770/,0.0,0.8975758157339644,singleplayer puzzle adventure indie freetoplay
Football Manager 2023,2022-11-08,0.8003907929561015,0.0,1,https://shared.akamai.steamstatic.com/store_item_assets/steam/apps/1904540/header.jpg?t=1700157303,11383,"Single-player,Multi-player,Steam Achievements,Steam Cloud,Family Sharing","Simulation,Sports","Simulation,Sports,Management,Football (Soccer),Real Time Tactics,e-sports,Multiplayer,Strategy,3D,Singleplayer,2D,Text-Based",3.49,https://store.steampowered.com/app/1904540/,0.0,0.8975076754932994,realtimetactics singleplayer esports multiplayer management 3d football(soccer) 2d simulation textbased sports strategy
The Gun Knight,2019-08-09,0.4892366412165478,0.0,0,https://shared.akamai.steamstatic.com/store_item_assets/steam/apps/1116860/header.jpg?t=1593573636,0,Single-player,"Action,Casual,Free To Play,Indie,Early Access","Free to Play,Action,Indie,Casual,Early Access",6.74,https://store.steampowered.com/app/1116860/,0.0,0.8974635093078286,casual singleplayer action indie earlyaccess freetoplay
Power Solitaire VR,2017-06-07,0.4892366412165478,0.0,1,https://shared.akamai.steamstatic.com/store_item_assets/steam/apps/584850/header.jpg?t=1544059727,43,"Single-player,Multi-player,PvP,Online PvP,Cross-Platform Multiplayer,Tracked Controller Support,VR Only","Casual,Free To Play,Indie","Free to Play,Casual,Indie,VR",8.91,https://store.steampowered.com/app/584850/,0.0,0.8974635093078286,casual singleplayer onlinepvp controller multiplayer pvp indie vr crossplatformmultiplayer freetoplay
Stealthscape,2020-10-19,0.4892366412165478,0.0,1,https://shared.akamai.steamstatic.com/store_item_assets/steam/apps/670720/header.jpg?t=1628740815,0,"Single-player,Steam Achievements,Steam Workshop,Partial Controller Support,Steam Cloud,Stats,Steam Leaderboards,Includes level editor","Action,Indie,Racing","Action,Indie,Racing,Level Editor,Replay Value,Arcade,Difficult,Singleplayer,Fast-Paced,Top-Down Shooter",5.54,https://store.steampowered.com/app/670720/,0.0,0.8974635093078286,singleplayer fastpaced leveleditor action includesleveleditor replayvalue indie stats racing controller arcade topdownshooter difficult
Dual Snake,2018-01-30,0.4892366412165478,0.0,0,https://shared.akamai.steamstatic.com/store_item_assets/steam/apps/752600/header.jpg?t=1635438804,0,"Single-player,Steam Achievements,Partial Controller Support,Steam Cloud,Stats,Includes level editor","Adventure,Casual,Indie","Adventure,Indie,Casual,Puzzle,Free to Play,Difficult",8.26,https://store.steampowered.com/app/752600/,0.0,0.897450376832154,casual singleplayer puzzle includesleveleditor adventure indie stats controller freetoplay difficult
The Most Boring Game Ever,2021-03-15,0.4892366412165478,0.0,0,https://shared.akamai.steamstatic.com/store_item_assets/steam/apps/1563340/header.jpg?t=1617037035,0,Single-player,Simulation,"Simulation,Clicker,Rhythm,3D,Atmospheric,Linear,Singleplayer,Experimental,Psychological Horror",5.14,https://store.steampowered.com/app/1563340/,0.0,0.897206105046957,singleplayer psychologicalhorror simulation clicker linear atmospheric experimental 3d rhythm
Poker Night at the Inventory,2010-11-22,0.755384370197392,0.0,0,https://shared.akamai.steamstatic.com/store_item_assets/steam/apps/31280/header.jpg?t=1558627507,176,"Single-player,Steam Achievements,Family Sharing","Casual,Sports","Card Game,Casual,Comedy,Singleplayer,Funny,Gambling,Strategy,Sports,Conversation,Simulation,Memes,Indie,First-Person,Touch-Friendly,Point & Click,Board Game,Multiplayer,Action,Relaxing,Great Soundtrack",15.45,https://store.steampowered.com/app/31280/,0.0,0.8971322258436725,casual boardgame funny relaxing simulation multiplayer greatsoundtrack singleplayer conversation sports cardgame action indie memes pointandclick firstperson comedy strategy touchfriendly gambling
Mars Power Industries: First Job,2020-06-09,0.4892366412165478,0.0,0,https://shared.akamai.steamstatic.com/store_item_assets/steam/apps/1300560/header.jpg?t=1763384390,0,Single-player,"Casual,Indie","Puzzle,Indie,Wholesome,Cozy,Hand-drawn,Atmospheric,Relaxing,Board Game,Cute,2D,Singleplayer,Linear,Casual,Minimalist,Tabletop,Turn-Based,Pixel Graphics,Logic,Great Soundtrack,Mars",5.91,https://store.steampowered.com/app/1300560/,0.0,0.8970962625032866,casual pixelgraphics turnbased boardgame logic mars relaxing tabletop greatsoundtrack puzzle singleplayer minimalist 2d wholesome linear indie handdrawn cute atmospheric cozy
Frosty Kiss,2016-01-08,0.6330768564718121,0.0,0,https://shared.akamai.steamstatic.com/store_item_assets/steam/apps/431540/header.jpg?t=1452371013,99,Single-player,"Adventure,Casual,Free To Play,Indie","Free to Play,Visual Novel,Anime,Indie,Adventure,Casual,Dating Sim,Singleplayer,Nudity,Short,Choices Matter,Great Soundtrack,2D,Multiple Endings,Sexual Content",10.32,https://store.steampowered.com/app/431540/,0.0,0.8970032060469678,casual singleplayer datingsim short choicesmatter greatsoundtrack adventure indie anime sexualcontent multipleendings visualnovel 2d freetoplay nudity
Clicker Heroes,2015-05-13,0.8408738480320119,0.0,6,https://shared.akamai.steamstatic.com/store_item_assets/steam/apps/363970/1ab2c7ea7bca7bf51ac54949b00fd8b7619ce023/header.jpg?t=1765416038,555,"Single-player,Steam Achievements,Steam Trading Cards,In-App Purchases,Camera Comfort,Mouse Only Option,Playable without Timed Input,Save Anytime,Touch Only Option,Steam Cloud,Stats","Adventure,Casual,Indie,RPG,Simulation,Strategy,Free To Play","Clicker,Idler,Casual,2D,Free to Play,Management,Indie,Funny,Strategy,Multiplayer,RPG,Fantasy,Family Friendly,Adventure,Simulation,Touch-Friendly,Singleplayer,Action,Addictive,Illuminati",10.98,https://store.steampowered.com/app/363970/,0.0,0.8969449353443956,casual playablewithouttimedinput fantasy funny inapppurchases addictive simulation multiplayer familyfriendly adventure singleplayer 2d idler action clicker indie rpg stats touchonlyoption freetoplay saveanytime illuminati mouseonly management strategy touchfriendly
Last Slice,2022-04-19,0.4892366412165478,0.0,0,https://shared.akamai.steamstatic.com/store_item_assets/steam/apps/1219540/header.jpg?t=1721532342,0,"Single-player,Multi-player,PvP,Shared/Split Screen PvP,Shared/Split Screen,Steam Achievements,Full controller support,Steam Cloud,Remote Play Together","Action,Casual,Indie","Beat 'em up,Action-Adventure,Indie,Arcade,Funny,Fighting,Action,Pixel Graphics,Party,Adventure,Violent,Local Multiplayer,Singleplayer,Multiplayer,PvP,2D Fighter,4 Player Local,Retro,Anime,Hack and Slash",4.05,https://store.steampowered.com/app/1219540/,0.0,0.8969399099033329,casual controller pixelgraphics localmultiplayer pvp funny actionadventure party multiplayer violent remoteplaytogether adventure singleplayer anime arcade sharedsplitscreenpvp 4playerlocal beatemup action indie fighting splitscreen 2dfighter retro hackandslash
Trick and Treat - Visual Novel,2016-12-30,0.6780830971139326,0.0,0,https://shared.akamai.steamstatic.com/store_item_assets/steam/apps/555210/header.jpg?t=1604630263,42,"Single-player,Steam Achievements","Casual,Free To Play,Indie,Simulation","Free to Play,Anime,Visual Novel,Horror,Sexual Content,Casual,Romance,Indie,Simulation,Singleplayer,Dating Sim,Story Rich,Psychological Horror,Adventure,Multiple Endings,Mystery,Cute,Choices Matter,Atmospheric,2D",9.35,https://store.steampowered.com/app/555210/,0.0,0.8969167168748923,casual romance simulation storyrich adventure singleplayer anime visualnovel 2d datingsim psychologicalhorror indie freetoplay horror mystery choicesmatter sexualcontent multipleendings cute atmospheric
Find someone else,2018-04-06,0.4892366412165478,0.0,0,https://shared.akamai.steamstatic.com/store_item_assets/steam/apps/826100/header.jpg?t=1572538563,129,Single-player,"Adventure,Free To Play,Indie,Simulation","Free to Play,Indie,Adventure,Simulation,Visual Novel",8.08,https://store.steampowered.com/app/826100/,0.0,0.8968533146172049,singleplayer adventure indie visualnovel simulation freetoplay
Forgetful Dictator,2019-09-19,0.5557766305439302,0.0,0,https://shared.akamai.steamstatic.com/store_item_assets/steam/apps/1087810/header.jpg?t=1699039158,576,"Single-player,Steam Achievements","Casual,Indie,Strategy","Casual,Strategy,Indie,Education,Puzzle,Turn-Based,Comedy,Family Friendly,Funny,Replay Value,Turn-Based Strategy,Visual Novel,Addictive,Grand Strategy,4X",6.63,https://store.steampowered.com/app/1087810/,0.0,0.8968533146172049,casual singleplayer puzzle replayvalue turnbased familyfriendly indie funny addictive visualnovel comedy turnbasedstrategy grandstrategy strategy education 4x
candle flame in the wind,2020-05-17,0.5557766305439302,0.0,1,https://shared.akamai.steamstatic.com/store_item_assets/steam/apps/1293040/header.jpg?t=1590680512,0,"Single-player,Partial Controller Support","Adventure,Casual,Free To Play,Indie,RPG","Free to Play,RPG,Indie,Adventure,Casual,RPGMaker,Horror,Anime",5.97,https://store.steampowered.com/app/1293040/,0.0,0.8968395738290493,casual singleplayer adventure indie rpg anime rpgmaker controller freetoplay horror
Oxygen: First Breath,2022-10-07,0.6330768564718121,0.0,0,https://shared.akamai.steamstatic.com/store_item_assets/steam/apps/2061440/header.jpg?t=1765027006,99,"Single-player,Steam Achievements,Steam Cloud","Indie,Simulation,Strategy,Free To Play","Strategy,Base-Building,City Builder,Simulation,Survival,Resource Management,Colony Sim,Building,Economy,Management,Singleplayer,Indie,Sandbox,Crafting,Atmospheric,Post-apocalyptic,3D,Free to Play,Procedural Generation,Realistic",3.58,https://store.steampowered.com/app/2061440/,0.0,0.8966839043724151,citybuilder building simulation postapocalyptic singleplayer realistic proceduralgeneration colonysim survival resourcemanagement economy indie sandbox 3d freetoplay basebuilding management atmospheric crafting strategy
Sonder,2024-02-15,0.6330768564718121,0.0,1,https://shared.akamai.steamstatic.com/store_item_assets/steam/apps/2692570/header.jpg?t=1726651466,0,"Multi-player,Co-op,Online Co-op,Shared/Split Screen Co-op,Shared/Split Screen,Steam Achievements,Full controller support,Steam Cloud,Stats,Remote Play on TV,Remote Play Together","Casual,Indie,Free To Play","Casual,Adventure,Platformer,Puzzle,Puzzle-Platformer,Exploration,Side Scroller,2.5D,Cinematic,Stylized,Dark,Dark Fantasy,Combat,Linear,Narration,PvE,Co-op,Story Rich,Local Co-Op,Local Multiplayer",2.22,https://store.steampowered.com/app/2692570/,0.0,0.8965607051335297,casual sharedsplitscreencoop remoteplayontv controller localmultiplayer combat storyrich pve puzzle multiplayer remoteplaytogether adventure narration stylized coop cinematic sidescroller indie stats linear dark freetoplay splitscreen puzzleplatformer exploration darkfantasy 2.5d platformer
Buzz Aldrin: Cycling Pathways to Mars,2017-03-17,0.4892366412165478,0.0,0,https://shared.akamai.steamstatic.com/store_item_assets/steam/apps/608000/header.jpg?t=1490031114,0,"Tracked Controller Support,VR Only,Partial Controller Support",Education,"Education,VR",9.14,https://store.steampowered.com/app/608000/,0.0,0.8963376323758031,vr controller education
Ubinota,2015-03-04,0.5962588843196084,0.0,0,https://shared.akamai.steamstatic.com/store_item_assets/steam/apps/323630/header.jpg?t=1750429442,221,"Single-player,Steam Achievements",Indie,"Indie,Puzzle,Physics,Free to Play,Casual",11.17,https://store.steampowered.com/app/323630/,0.0,0.8960272870088056,singleplayer casual puzzle physics indie freetoplay
Lycanthorn II - Rain of Beasts,2021-02-24,0.5557766305439302,0.0,0,https://shared.akamai.steamstatic.com/store_item_assets/steam/apps/1546440/header.jpg?t=1624814664,0,Single-player,"Action,Adventure,Indie","Adventure,Action,Open World,FPS,Female Protagonist,Retro,Pixel Graphics,Arena Shooter,Action-Adventure,Shooter,3D Platformer,3D,Colorful,Gothic,Horror,Singleplayer,Combat,Indie,Boomer Shooter,Free to Play",5.19,https://store.steampowered.com/app/1546440/,0.0,0.8959964599345583,3dplatformer pixelgraphics femaleprotagonist actionadventure gothic openworld combat adventure singleplayer colorful arenashooter fps action indie shooter 3d freetoplay horror boomershooter retro
Gundemonium Recollection,2011-09-27,0.5557766305439302,0.0,0,https://shared.akamai.steamstatic.com/store_item_assets/steam/apps/92200/header.jpg?t=1564702589,16,"Single-player,Steam Achievements,Partial Controller Support,Steam Cloud,Steam Leaderboards,Family Sharing","Action,Indie","Bullet Hell,Shoot 'Em Up,Anime,Indie,Action,2D,Female Protagonist,Shooter,Arcade,Great Soundtrack",14.61,https://store.steampowered.com/app/92200/,0.0,0.8957540772469259,singleplayer greatsoundtrack action indie anime shooter bullethell femaleprotagonist arcade controller 2d shootemup
東周列萌志 Philosophic Love,2018-08-17,0.6330768564718121,0.0,4,https://shared.akamai.steamstatic.com/store_item_assets/steam/apps/528060/header.jpg?t=1673419611,20147,"Single-player,Steam Achievements,Steam Cloud","Casual,Free To Play,Indie","Free to Play,Indie,Casual,Dating Sim,Otome,Visual Novel,Female Protagonist,Historical,Story Rich,Anime",7.72,https://store.steampowered.com/app/528060/,0.0,0.8956517476030098,storyrich casual singleplayer datingsim indie otome anime visualnovel femaleprotagonist historical freetoplay
STAR WARS™: The Old Republic™,2020-07-21,0.8408738480320119,0.0,4,https://shared.akamai.steamstatic.com/store_item_assets/steam/apps/1286830/header.jpg?t=1764088482,396,"Multi-player,MMO,PvP,Co-op,Steam Achievements,Steam Trading Cards,In-App Purchases","Massively Multiplayer,RPG,Free To Play","Free to Play,Multiplayer,MMORPG,Character Customization,Open World,RPG,Story Rich,Choices Matter,Massively Multiplayer,Sci-fi,Adventure,Space,Action,Third Person,PvP,Atmospheric,Action RPG,Party-Based RPG,Great Soundtrack,Controller",5.79,https://store.steampowered.com/app/1286830/,0.0,0.8956516566003067,pvp inapppurchases massivelymultiplayer charactercustomization multiplayer openworld storyrich greatsoundtrack adventure actionrpg action rpg thirdperson freetoplay choicesmatter scifi mmorpg mmo partybasedrpg atmospheric controller space coop
Familiars.io,2024-01-19,0.4892366412165478,0.0,0,https://shared.akamai.steamstatic.com/store_item_assets/steam/apps/2619250/header.jpg?t=1707002216,0,"Multi-player,MMO,PvP,Online PvP,Cross-Platform Multiplayer,Partial Controller Support,Steam Cloud","Casual,Indie,Massively Multiplayer,RPG","Creature Collector,MMORPG,Turn-Based Combat,Turn-Based Strategy,Turn-Based Tactics,Atmospheric,Exploration,RPG,Minimalist,Casual,Cute,PvE,PvP,Pixel Graphics,2D,Top-Down,Retro,Massively Multiplayer,Indie,JRPG",2.29,https://store.steampowered.com/app/2619250/,0.0,0.8956469140878398,casual pixelgraphics pvp turnbasedtactics jrpg controller massivelymultiplayer pve turnbasedcombat multiplayer minimalist 2d creaturecollector indie rpg turnbasedstrategy exploration onlinepvp mmorpg mmo cute atmospheric crossplatformmultiplayer topdown retro
灵界异闻录,2024-11-24,0.4892366412165478,0.0,0,https://shared.akamai.steamstatic.com/store_item_assets/steam/apps/2153460/header.jpg?t=1732500525,0,"Single-player,Multi-player,MMO,PvP,Online PvP,Co-op,Online Co-op,In-App Purchases","Adventure,Casual,Massively Multiplayer,RPG,Simulation,Strategy,Free To Play","RPG,Adventure,Card Game,Turn-Based Tactics,Anime,Card Battler,Simulation,Strategy,RTS,Tower Defense,Board Game,Strategy RPG,2D Platformer,2.5D,2D,Top-Down,Cartoon,Cartoony,Casual,Turn-Based Strategy",1.45,https://store.steampowered.com/app/2153460/,0.0,0.8956469140878398,casual pvp boardgame turnbasedtactics inapppurchases simulation massivelymultiplayer multiplayer adventure anime cartoon rts 2d cardgame strategyrpg rpg 2dplatformer coop turnbasedstrategy freetoplay towerdefense 2.5d singleplayer onlinepvp mmo topdown strategy cardbattler
RetroArch,2022-05-27,0.755384370197392,0.0,65,https://shared.akamai.steamstatic.com/store_item_assets/steam/apps/1118310/header.jpg?t=1717271255,0,"Single-player,Multi-player,PvP,Online PvP,LAN PvP,Shared/Split Screen PvP,Co-op,Online Co-op,LAN Co-op,Shared/Split Screen Co-op,Shared/Split Screen,Full controller support,Steam Cloud,Remote Play on Phone,Remote Play on Tablet,Remote Play on TV,Remote Play Together,HDR available",Free To Play,"Free to Play,Retro,Software,Arcade,Singleplayer,Classic,Multiplayer,Local Multiplayer,Simulation,Old School,1990's,Pixel Graphics,2D,Co-op,1980s,Utilities,Controller,Adventure,Hentai,RPG",3.94,https://store.steampowered.com/app/1118310/,0.0,0.8956122590954444,sharedsplitscreencoop remoteplayontv coop controller remoteplayonphone localmultiplayer pvp pixelgraphics simulation multiplayer lanpvp utilities remoteplaytogether adventure singleplayer remoteplayontablet arcade 2d classic sharedsplitscreenpvp rpg 1990s freetoplay splitscreen oldschool onlinepvp software 1980s hentai retro
Paunch,2019-12-04,0.6330768564718121,0.0,1,https://shared.akamai.steamstatic.com/store_item_assets/steam/apps/792220/header.jpg?t=1580980306,22,"Multi-player,PvP,Online PvP,Steam Achievements,Partial Controller Support,Stats,Steam Leaderboards","Action,Free To Play,Indie,Massively Multiplayer,RPG,Sports","Psychological Horror,Nudity,Sexual Content,Hentai,Multiplayer,Free to Play,Funny,Realistic,Fighting,PvP,Action,Physics,Sports,Replay Value,Third Person,Massively Multiplayer,Simulation,Indie,RPG,Procedural Generation",6.42,https://store.steampowered.com/app/792220/,0.0,0.8956076273821496,pvp funny controller simulation massivelymultiplayer multiplayer nudity replayvalue realistic sports proceduralgeneration psychologicalhorror action physics indie rpg stats thirdperson freetoplay fighting onlinepvp sexualcontent hentai
Greedy Goose,2024-06-06,0.4892366412165478,0.0,0,https://shared.akamai.steamstatic.com/store_item_assets/steam/apps/2992230/header.jpg?t=1738669029,0,Single-player,"Indie,Free To Play","2D Platformer,Indie,Arcade,Character Action Game,2D,Top-Down,Casual,Singleplayer,Free to Play",1.91,https://store.steampowered.com/app/2992230/,0.0,0.8952416476580987,singleplayer casual indie 2dplatformer arcade characteractiongame 2d freetoplay topdown
Minion Masters,2019-05-24,0.7185660793429937,0.0,22,https://shared.akamai.steamstatic.com/store_item_assets/steam/apps/489520/header.jpg?t=1736542616,163,"Single-player,Multi-player,PvP,Online PvP,Co-op,Online Co-op,Cross-Platform Multiplayer,Steam Achievements,Full controller support,Steam Trading Cards,In-App Purchases,Steam Cloud,Remote Play on Tablet","Action,Adventure,Indie,RPG,Strategy,Free To Play","PvE,Trading Card Game,Stylized,Turn-Based Tactics,Free to Play,Multiplayer,Card Battler,PvP,Tactical RPG,Strategy,Deckbuilding,Card Game,Real Time Tactics,Online Co-Op,Colorful,Fantasy,RTS,Co-op,Tower Defense,Singleplayer",6.95,https://store.steampowered.com/app/489520/,0.0,0.8952364883365208,fantasy controller pvp turnbasedtactics deckbuilding inapppurchases multiplayer pve adventure singleplayer remoteplayontablet tradingcardgame colorful rts cardgame stylized realtimetactics tacticalrpg action indie rpg coop freetoplay towerdefense onlinepvp crossplatformmultiplayer strategy cardbattler
Rec Room,2021-09-02,0.8003907929561015,0.0,0,https://shared.akamai.steamstatic.com/store_item_assets/steam/apps/471710/a3aee66160d0ce96c02cdfe2f66a86f008774796/header_alt_assets_6.jpg?t=1764011689,132,"Multi-player,MMO,PvP,Online PvP,Co-op,Online Co-op,Cross-Platform Multiplayer,Full controller support,Tracked Controller Support,VR Supported,SteamVR Collectibles,In-App Purchases,Includes level editor","Adventure,Casual,Massively Multiplayer,Free To Play","Free to Play,VR,Multiplayer,Funny,Online Co-Op,First-Person,Massively Multiplayer,Casual,Sandbox,Adventure,Co-op,Sports,Horror,Family Friendly,Character Customization,Simulation,3D,Action,Singleplayer,Action-Adventure",4.67,https://store.steampowered.com/app/471710/,0.0,0.8951227141780183,casual vr controller pvp funny inapppurchases simulation actionadventure massivelymultiplayer multiplayer charactercustomization includesleveleditor familyfriendly adventure singleplayer sports action sandbox coop 3d freetoplay horror onlinepvp firstperson mmo crossplatformmultiplayer
Taka Taka,2024-02-29,0.4892366412165478,0.0,1,https://shared.akamai.steamstatic.com/store_item_assets/steam/apps/2336840/header.jpg?t=1758739595,0,Single-player,"Action,Adventure,Indie,Free To Play","Indie,Adventure,Action,Rhythm,Music,Mythology,Great Soundtrack,Difficult,Hand-drawn,2.5D",2.18,https://store.steampowered.com/app/2336840/,0.0,0.8950221642913483,2.5d singleplayer greatsoundtrack action mythology adventure indie music handdrawn rhythm freetoplay difficult
Mainframe Defenders: Meltdown - Prologue,2021-06-02,0.6780830971139326,0.0,0,https://shared.akamai.steamstatic.com/store_item_assets/steam/apps/1597790/dc0b8b8101949d499f850aa91ba27c5fbf55aadf/header.jpg?t=1763416050,0,Single-player,"Indie,Strategy,Free To Play","Singleplayer,2D,Strategy,JRPG,Turn-Based Combat,Atmospheric,Rogue-like,Turn-Based Strategy,Pixel Graphics,Turn-Based Tactics,Top-Down,Tactical,Robots,Mechs,Grid-Based Movement,1980s,Minimalist,Futuristic,1990's,Loot",4.93,https://store.steampowered.com/app/1597790/,0.0,0.8950221642913483,pixelgraphics tactical mechs gridbasedmovement turnbasedtactics jrpg loot turnbasedcombat roguelike singleplayer minimalist 2d indie futuristic 1990s turnbasedstrategy freetoplay atmospheric 1980s topdown strategy robots
Green Elephant 2D,2017-04-20,0.5962588843196084,0.0,0,https://shared.akamai.steamstatic.com/store_item_assets/steam/apps/589770/header.jpg?t=1494164832,263,"Single-player,Steam Trading Cards,Partial Controller Support,Family Sharing","Violent,Action,Adventure,Indie,Early Access","Early Access,Action,Indie,Adventure,Violent,Memes,2D,Platformer,Psychological Horror,Story Rich,Difficult,Atmospheric,Great Soundtrack",9.04,https://store.steampowered.com/app/589770/,0.0,0.8949183452253838,violent singleplayer platformer psychologicalhorror storyrich greatsoundtrack action adventure indie atmospheric earlyaccess controller 2d memes difficult
UnHappy Place,2022-08-27,0.4892366412165478,0.0,0,https://shared.akamai.steamstatic.com/store_item_assets/steam/apps/2106680/header.jpg?t=1661591340,0,"Single-player,Steam Achievements","Casual,Free To Play","Casual,Emotional,2.5D,Point & Click,Singleplayer,Free to Play",3.69,https://store.steampowered.com/app/2106680/,0.0,0.8948866362529578,2.5d casual singleplayer pointandclick freetoplay emotional
XOXO Blood Droplets,2019-10-30,0.5557766305439302,0.0,0,https://shared.akamai.steamstatic.com/store_item_assets/steam/apps/780820/header.jpg?t=1722017748,886,,"Casual,Indie,Free To Play","Free to Play,Gore,Violent,Indie,Visual Novel,Casual,Dating Sim,Female Protagonist,Multiple Endings,Choices Matter,Dark Comedy,Psychological Horror,Romance,Dark,Cute,Otome,Singleplayer,Horror,Comedy,Funny",6.52,https://store.steampowered.com/app/780820/,0.0,0.8947845852599069,casual romance otome funny femaleprotagonist violent singleplayer gore visualnovel datingsim psychologicalhorror indie dark freetoplay horror choicesmatter darkcomedy multipleendings cute comedy
Beat Around The Bush,2025-02-07,0.5557766305439302,0.0,0,https://shared.akamai.steamstatic.com/store_item_assets/steam/apps/3099730/header.jpg?t=1738993606,0,"Single-player,Steam Achievements,Steam Cloud","Casual,Free To Play","Casual,Arcade,Point & Click,Idler,Immersive Sim,Free to Play,Stylized,Comedy,Funny,Singleplayer,Psychological Horror",1.24,https://store.steampowered.com/app/3099730/,0.0,0.8946465131116369,casual singleplayer idler pointandclick psychologicalhorror immersivesim funny arcade comedy freetoplay stylized
Museum of Other Realities,2020-02-26,0.6780830971139326,0.0,3,https://shared.akamai.steamstatic.com/store_item_assets/steam/apps/613900/header.jpg?t=1638911779,20,"Single-player,Multi-player,Co-op,Online Co-op,Cross-Platform Multiplayer,Tracked Controller Support,VR Only","Casual,Simulation","Simulation,Casual,VR,Multiplayer,Free to Play",6.19,https://store.steampowered.com/app/613900/,0.0,0.8946425310910363,casual singleplayer controller multiplayer vr coop crossplatformmultiplayer simulation freetoplay
TAKANARIA,2019-01-14,0.5557766305439302,0.0,0,https://shared.akamai.steamstatic.com/store_item_assets/steam/apps/1005910/header.jpg?t=1547513198,0,Single-player,"Casual,Free To Play,Indie,RPG","Free to Play,Indie,Casual,RPG,Pixel Graphics,Walking Simulator,2D,RPGMaker",7.31,https://store.steampowered.com/app/1005910/,0.0,0.8945805034624486,casual singleplayer walkingsimulator pixelgraphics indie rpg rpgmaker 2d freetoplay
RYB,2016-11-17,0.5962588843196084,0.0,0,https://shared.akamai.steamstatic.com/store_item_assets/steam/apps/547050/d778d626f4012f9863d21a25e9365faaf8d87787/header.jpg?t=1754324368,58,Single-player,Indie,"Indie,Puzzle,Free to Play,Minimalist,Logic",9.46,https://store.steampowered.com/app/547050/,0.0,0.8945248429550833,singleplayer puzzle logic indie minimalist freetoplay
Gamma Bros,2018-12-10,0.5557766305439302,0.0,1,https://shared.akamai.steamstatic.com/store_item_assets/steam/apps/436470/header.jpg?t=1727442340,32,"Single-player,Steam Achievements,Full controller support,Steam Leaderboards","Action,Indie,Free To Play","Free to Play,Action,Indie,Pixel Graphics,Shoot 'Em Up,Twin Stick Shooter,Space,2D",7.4,https://store.steampowered.com/app/436470/,0.0,0.8944904903044644,singleplayer controller action pixelgraphics indie twinstickshooter space 2d freetoplay shootemup
Insert Item Apocalypse,2024-06-18,0.4892366412165478,0.0,0,https://shared.akamai.steamstatic.com/store_item_assets/steam/apps/2991730/header.jpg?t=1738669200,0,Single-player,"Indie,Free To Play","Hidden Object,Arcade,Indie,Strategy,3D,Post-apocalyptic,Casual,Simulation,Free to Play,Singleplayer",1.88,https://store.steampowered.com/app/2991730/,0.0,0.8944167787420207,singleplayer casual postapocalyptic simulation indie arcade 3d freetoplay strategy hiddenobject
Fly Punch Boom: First Impact!,2020-04-15,0.5962588843196084,0.0,1,https://shared.akamai.steamstatic.com/store_item_assets/steam/apps/1269150/header.jpg?t=1620851038,0,"Single-player,Multi-player,PvP,Online PvP,Shared/Split Screen PvP,Co-op,Shared/Split Screen Co-op,Shared/Split Screen,Full controller support,Steam Workshop,Steam Cloud,Stats,Remote Play on TV,Remote Play Together","Action,Free To Play,Indie","Free to Play,Action,Indie,4 Player Local,Multiplayer,Fighting,Local Multiplayer,2D,2D Fighter,Beat 'em up,Controller,Anime,Arcade,Co-op,Great Soundtrack,Competitive,Singleplayer,Funny,Fast-Paced",6.06,https://store.steampowered.com/app/1269150/,0.0,0.894389739336078,sharedsplitscreencoop remoteplayontv controller localmultiplayer pvp funny multiplayer greatsoundtrack remoteplaytogether singleplayer anime arcade 2d 4playerlocal sharedsplitscreenpvp beatemup action indie stats freetoplay splitscreen fighting fastpaced onlinepvp 2dfighter competitive coop
Football Manager 2021 Touch,2020-12-01,0.6330768564718121,0.0,17,https://shared.akamai.steamstatic.com/store_item_assets/steam/apps/1263860/header.jpg?t=1641055928,17,"Single-player,Steam Achievements,Steam Cloud,Family Sharing","Simulation,Sports","Simulation,Sports,Management,Singleplayer,Football (American),Football (Soccer)",5.43,https://store.steampowered.com/app/1263860/,0.0,0.8943850572832445,singleplayer management football(soccer) football(american) simulation sports
Helix Slider,2020-09-25,0.4892366412165478,0.0,0,https://shared.akamai.steamstatic.com/store_item_assets/steam/apps/1420060/header.jpg?t=1613824919,0,"Single-player,Full controller support","Action,Casual,Free To Play,Indie","Action,Casual,Arcade,Experimental,3D,Minimalist,Abstract,Psychedelic,Free to Play,Indie,Stylized,Linear,Singleplayer,Procedural Generation",5.61,https://store.steampowered.com/app/1420060/,0.0,0.8943604712984873,casual singleplayer controller action abstract linear indie psychedelic minimalist arcade experimental 3d freetoplay proceduralgeneration stylized
Live2D VR Girls,2017-12-04,0.5962588843196084,0.0,0,https://shared.akamai.steamstatic.com/store_item_assets/steam/apps/714100/header.jpg?t=1512984962,18,VR Only,Animation & Modeling,"VR,Animation & Modeling,Sexual Content,Anime,Nudity,Psychological Horror",8.42,https://store.steampowered.com/app/714100/,0.0,0.8942007523002105,psychologicalhorror anime sexualcontent vr animationandmodeling nudity
A Game About,2018-11-06,0.6330768564718121,0.0,1,https://shared.akamai.steamstatic.com/store_item_assets/steam/apps/927990/header.jpg?t=1572500514,0,"Single-player,Steam Achievements","Free To Play,Indie","Indie,Free to Play,Point & Click,Casual,Hand-drawn,2D,Singleplayer",7.5,https://store.steampowered.com/app/927990/,0.0,0.8941476871709468,singleplayer casual pointandclick indie handdrawn 2d freetoplay
我是渣男-Dishonest,2019-07-27,0.5962588843196084,0.0,0,https://shared.akamai.steamstatic.com/store_item_assets/steam/apps/965890/header.jpg?t=1568529990,0,Single-player,"Adventure,Indie","Adventure,Indie,Visual Novel,Anime,Free to Play",6.78,https://store.steampowered.com/app/965890/,0.0,0.8941259412314974,singleplayer adventure indie anime visualnovel freetoplay
Nimbatus - Drone Creator,2020-04-30,0.5962588843196084,0.0,0,https://shared.akamai.steamstatic.com/store_item_assets/steam/apps/1243130/header.jpg?t=1729082049,648,"Single-player,Steam Cloud,Remote Play Together","Action,Indie,Simulation","Simulation,Indie,Action,Sandbox,Crafting,Physics,Space Sim,Science,Sci-fi,Destruction,Flight,Space,Singleplayer,Building,Education,Procedural Generation,Programming,Robots,Funny,Relaxing",6.02,https://store.steampowered.com/app/1243130/,0.0,0.8939960108217785,spacesim funny programming building relaxing simulation flight education science remoteplaytogether destruction singleplayer proceduralgeneration action physics indie sandbox scifi space crafting robots
Dark Light,2024-10-23,0.4892366412165478,0.0,0,https://shared.akamai.steamstatic.com/store_item_assets/steam/apps/2756910/header.jpg?t=1752101754,0,"Single-player,Full controller support","Adventure,Indie,RPG,Free To Play","Action-Adventure,Visual Novel,Hand-drawn,Pixel Graphics,Demons,Dark Fantasy,Psychological,Story Rich,Free to Play,Adventure,Indie,Female Protagonist,Choices Matter,Multiple Endings,Singleplayer,JRPG,Interactive Fiction,2D,Cartoon,Cartoony",1.53,https://store.steampowered.com/app/2756910/,0.0,0.8939398215732672,controller pixelgraphics demons femaleprotagonist jrpg actionadventure storyrich interactivefiction adventure singleplayer visualnovel psychological 2d cartoon indie rpg freetoplay darkfantasy choicesmatter handdrawn multipleendings
Lost Remnant: The End Tides,2020-08-24,0.5557766305439302,0.0,0,https://shared.akamai.steamstatic.com/store_item_assets/steam/apps/1380310/header.jpg?t=1611801457,0,Single-player,"Adventure,Casual,Free To Play,Indie","Point & Click,Exploration,Simulation,Lovecraftian,Psychological,Adventure,Resource Management,Hidden Object,Fishing,Casual,2.5D,Pixel Graphics,Crafting,Singleplayer,Indie,Atmospheric,Relaxing,Free to Play,Lore-Rich,Mystery",5.7,https://store.steampowered.com/app/1380310/,0.0,0.8939398215732672,casual pixelgraphics fishing relaxing simulation hiddenobject adventure singleplayer psychological lorerich resourcemanagement indie freetoplay exploration 2.5d mystery pointandclick lovecraftian atmospheric crafting
Brimstone Brawlers - Early Access,2020-05-19,0.4892366412165478,0.0,1,https://shared.akamai.steamstatic.com/store_item_assets/steam/apps/780270/header.jpg?t=1745664247,0,"Single-player,Multi-player,PvP,Online PvP,Shared/Split Screen PvP,Co-op,Online Co-op,Shared/Split Screen Co-op,Shared/Split Screen,Steam Achievements,Full controller support,Steam Leaderboards,Remote Play Together","Action,Casual,Indie,Early Access","Early Access,Multiplayer,Party Game,4 Player Local,MOBA,Action,Casual,Funny,Party,Local Multiplayer,Comedy,Local Co-Op,PvP,Beat 'em up,Physics,Fighting,3D Fighter,Steampunk,Twin Stick Shooter,Lovecraftian",5.96,https://store.steampowered.com/app/780270/,0.0,0.8939395131160471,casual sharedsplitscreencoop controller localmultiplayer pvp partygame funny party multiplayer remoteplaytogether sharedsplitscreenpvp 4playerlocal steampunk coop beatemup action physics indie moba 3dfighter earlyaccess twinstickshooter splitscreen fighting singleplayer onlinepvp lovecraftian comedy
Light Bearers,2018-10-23,0.6780830971139326,0.0,1,https://shared.akamai.steamstatic.com/store_item_assets/steam/apps/765710/header.jpg?t=1739192730,87,"Multi-player,PvP,Online PvP","Action,Casual,Indie,Free To Play","Free to Play,Multiplayer,Action,Casual,Horror,Indie",7.53,https://store.steampowered.com/app/765710/,0.0,0.8939269925411775,casual onlinepvp action multiplayer pvp indie freetoplay horror
Answer Knot,2019-05-31,0.5557766305439302,0.0,0,https://shared.akamai.steamstatic.com/store_item_assets/steam/apps/1049400/header.jpg?t=1729534980,0,"Single-player,Steam Achievements,Full controller support",Indie,"Indie,First-Person,Narration,Interactive Fiction,Short,Walking Simulator,Free to Play,Surreal,Horror,Emotional,Singleplayer",6.93,https://store.steampowered.com/app/1049400/,0.0,0.8936402410440573,interactivefiction singleplayer short walkingsimulator controller firstperson surreal indie narration freetoplay emotional horror
Escape from Tatris,2020-09-18,0.6330768564718121,0.0,0,https://shared.akamai.steamstatic.com/store_item_assets/steam/apps/1409710/header.jpg?t=1666984075,0,Single-player,"Casual,Free To Play,Indie","Casual,Puzzle,Arcade,2D,Score Attack,Logic,Experimental,Free to Play,Management,Wargame,Realistic,Military,Atmospheric,Survival,War,Indie,Perma Death,Singleplayer,Psychological Horror,Parody",5.63,https://store.steampowered.com/app/1409710/,0.0,0.8935499509003513,casual war logic puzzle permadeath singleplayer realistic arcade 2d scoreattack survival psychologicalhorror indie freetoplay wargame management parody military atmospheric experimental
CIPHER-8,2023-09-12,0.4892366412165478,0.0,0,https://shared.akamai.steamstatic.com/store_item_assets/steam/apps/2552900/header.jpg?t=1745391904,0,"Single-player,Full controller support,Adjustable Difficulty,Keyboard Only Option,Playable without Timed Input","Casual,Indie,Strategy","Puzzle,Solitaire,Turn-Based Tactics,Education,Rogue-lite,Logic,Perma Death,Difficult,Turn-Based Strategy,Board Game,Arcade,Strategy,Rogue-like,2D,Cute,Detective,Casual,Procedural Generation,Pixel Graphics,Minimalist",2.65,https://store.steampowered.com/app/2552900/,0.0,0.8934665906323946,casual playablewithouttimedinput controller pixelgraphics boardgame logic keyboardonlyoption turnbasedtactics roguelite education puzzle permadeath roguelike minimalist arcade 2d proceduralgeneration solitaire indie turnbasedstrategy singleplayer cute detective strategy difficult
GiseiHero,2020-09-30,0.4892366412165478,0.0,0,https://shared.akamai.steamstatic.com/store_item_assets/steam/apps/1367580/header.jpg?t=1747292554,0,Single-player,"Adventure,Indie,Free To Play,Early Access","Adventure,Visual Novel,Investigation,Hand-drawn,Conversation,Choose Your Own Adventure,Singleplayer,Early Access,Free to Play,Indie,2D,Gore,Nudity,Anime,Sexual Content",5.6,https://store.steampowered.com/app/1367580/,0.0,0.8934665906323946,singleplayer chooseyourownadventure adventure indie conversation anime investigation handdrawn gore sexualcontent visualnovel earlyaccess 2d freetoplay nudity
Darksiders™,2010-09-23,0.5557766305439302,0.0,0,https://shared.akamai.steamstatic.com/store_item_assets/steam/apps/50620/header.jpg?t=1732172873,290,"Single-player,Steam Achievements,Partial Controller Support,Steam Cloud,Family Sharing","Action,Adventure","Action,Adventure,Hack and Slash,Third Person,Singleplayer,Post-apocalyptic,Fantasy,Controller,Action RPG,Puzzle,Action-Adventure,RPG,Open World,Metroidvania,Beat 'em up,Gore,Spectacle fighter,3D Platformer,Character Action Game,Platformer",15.62,https://store.steampowered.com/app/50640/,0.0,0.8934426975583888,3dplatformer fantasy controller actionadventure postapocalyptic openworld puzzle adventure singleplayer gore characteractiongame metroidvania actionrpg beatemup action rpg thirdperson platformer spectaclefighter hackandslash
The Waters Above: Prelude,2018-06-27,0.5557766305439302,0.0,0,https://shared.akamai.steamstatic.com/store_item_assets/steam/apps/885650/header.jpg?t=1580430330,39,Single-player,Casual,"Visual Novel,Casual,Anime,Female Protagonist,Cute,LGBTQ+,Singleplayer,Free to Play,Romance",7.86,https://store.steampowered.com/app/885650/,0.0,0.8932661548165676,lgbtq+ casual singleplayer anime romance cute visualnovel femaleprotagonist freetoplay
Roxy Raccoon's Pinball Panic,2022-03-15,0.5557766305439302,0.0,36,https://shared.akamai.steamstatic.com/store_item_assets/steam/apps/1807690/header.jpg?t=1742189396,0,"Single-player,Steam Achievements,Full controller support,Steam Workshop,Steam Cloud,Steam Leaderboards","Action,Adventure,Casual,Indie,Simulation,Sports","Pinball,Simulation,Sports,Physics,Arcade,Score Attack,Tabletop,Retro,Free to Play,Family Friendly,Singleplayer,Relaxing,Casual,Fantasy,Old School,Magic,Collectathon,Colorful,Cartoony,3D",4.14,https://store.steampowered.com/app/1807690/,0.0,0.8931821816706105,casual fantasy controller relaxing simulation tabletop familyfriendly adventure singleplayer colorful arcade scoreattack cartoon sports action physics indie collectathon 3d freetoplay magic oldschool pinball retro
Nexus Rumble: The Ultimate Showdown,2024-07-22,0.4892366412165478,0.0,0,https://shared.akamai.steamstatic.com/store_item_assets/steam/apps/3027820/header.jpg?t=1755356145,0,"Multi-player,MMO,PvP,Online PvP,Co-op,Online Co-op,Cross-Platform Multiplayer,In-App Purchases","Action,Indie,Massively Multiplayer,Racing,Strategy,Free To Play","Action,Racing,Multiplayer,PvP,Survival,Puzzle,Combat,Indie,Battle Royale,MOBA,Character Customization,First-Person,Time Management,Cinematic,Parkour,Atmospheric,Third Person,Massively Multiplayer,Physics,Strategy",1.79,https://store.steampowered.com/app/3027820/,0.0,0.8931821816706105,pvp inapppurchases timemanagement massivelymultiplayer multiplayer charactercustomization combat puzzle racing parkour survival cinematic action physics indie moba thirdperson coop battleroyale freetoplay onlinepvp firstperson mmo atmospheric crossplatformmultiplayer strategy
Kill or Love,2020-02-07,0.6330768564718121,0.0,0,https://shared.akamai.steamstatic.com/store_item_assets/steam/apps/1174940/header.jpg?t=1581116029,0,Single-player,"Casual,Free To Play,Indie","Free to Play,Visual Novel,Psychological Horror,Anime,Romance,Indie,Casual,Horror,Sexual Content,Thriller,Mystery,Nudity,Multiple Endings,Violent,Choices Matter,Singleplayer,Story Rich,Psychological,Dark,Dating Sim",6.24,https://store.steampowered.com/app/1174940/,0.0,0.893044493821098,casual romance nudity violent storyrich singleplayer anime visualnovel psychological psychologicalhorror datingsim indie dark thriller freetoplay horror mystery choicesmatter sexualcontent multipleendings
Don't Forget Our Esports Dream,2018-11-20,0.5557766305439302,0.0,0,https://shared.akamai.steamstatic.com/store_item_assets/steam/apps/946560/header.jpg?t=1608557227,0,"Single-player,Steam Achievements","Adventure,Casual,Indie,RPG,Simulation","Indie,Adventure,RPG,Casual,Simulation,Visual Novel",7.46,https://store.steampowered.com/app/946560/,0.0,0.8930252663813503,casual singleplayer adventure indie rpg visualnovel simulation
Star Wars: Droid Repair Bay,2017-12-06,0.6330768564718121,0.0,0,https://shared.akamai.steamstatic.com/store_item_assets/steam/apps/726910/header.jpg?t=1671129731,24,"Single-player,Steam Achievements,Tracked Controller Support,VR Only","Adventure,Casual,Free To Play","Free to Play,VR,Robots,Adventure,Sci-fi,Casual,Short,First-Person,Multiplayer,Singleplayer,Survival,Strategy,Action,Atmospheric,Open World,Indie,Interactive Fiction,Immersive Sim,2D,Massively Multiplayer",8.41,https://store.steampowered.com/app/726910/,0.0,0.8930236829674664,casual controller massivelymultiplayer multiplayer openworld interactivefiction immersivesim adventure singleplayer vr 2d survival short action indie freetoplay scifi firstperson atmospheric strategy robots
HYPERFIGHT,2019-03-07,0.6330768564718121,0.0,0,https://shared.akamai.steamstatic.com/store_item_assets/steam/apps/1005870/header.jpg?t=1751199862,0,"Single-player,Multi-player,PvP,Online PvP,Shared/Split Screen PvP,Shared/Split Screen,Full controller support,Remote Play Together","Action,Casual,Indie,Free To Play","Free to Play,2D Fighter,Fighting,Arcade,Casual,PvP,Pixel Graphics,Action,Multiplayer,Local Multiplayer,Anime,Funny,2D,Colorful,Old School,Cartoon,Stylized,Retro,Parody,Combat",7.16,https://store.steampowered.com/app/1005870/,0.0,0.8929570669233369,casual controller pixelgraphics localmultiplayer pvp funny multiplayer combat remoteplaytogether anime colorful arcade 2d sharedsplitscreenpvp stylized action indie freetoplay fighting splitscreen singleplayer cartoon oldschool onlinepvp parody 2dfighter retro
REMOTE LIFE,2019-10-04,0.4892366412165478,0.0,0,https://shared.akamai.steamstatic.com/store_item_assets/steam/apps/1126420/header.jpg?t=1695711051,0,"Single-player,Steam Achievements,Full controller support,Family Sharing","Action,Indie","Shoot 'Em Up,Bullet Hell,Indie,Action,Space,Horror,Shooter,Arcade,2D,Aliens,Retro,2D Fighter,Side Scroller,Sci-fi,Dungeon Crawler,Singleplayer,Steam Machine,Online Co-Op",6.59,https://store.steampowered.com/app/1126420/,0.0,0.8929426793870028,controller singleplayer arcade 2d action aliens sidescroller indie shooter coop bullethell shootemup horror scifi 2dfighter space retro dungeoncrawler
The Defender: Farm and Castle,2019-05-16,0.6780830971139326,0.0,0,https://shared.akamai.steamstatic.com/store_item_assets/steam/apps/1067600/header.jpg?t=1747582358,0,"Single-player,Steam Achievements","Action,Strategy,Free To Play","Free to Play,Tower Defense,Strategy,Action,Singleplayer,2D,Shooter,Indie,Clicker",6.97,https://store.steampowered.com/app/1067600/,0.0,0.8929079401106133,singleplayer action clicker indie shooter 2d freetoplay strategy towerdefense
Eternal Hour: Golden Hour,2017-11-27,0.5557766305439302,0.0,0,https://shared.akamai.steamstatic.com/store_item_assets/steam/apps/734910/header.jpg?t=1602415492,36,"Single-player,Steam Achievements,Full controller support,Steam Cloud","Adventure,Casual,Free To Play,Indie","Free to Play,Sexual Content,Nudity,Visual Novel,Anime,Mature,Romance,Casual,Adventure,Indie,Singleplayer,Cute,Story Rich,2D,Short,Drama,Crowdfunded,Kickstarter,LGBTQ+,Female Protagonist",8.44,https://store.steampowered.com/app/734910/,0.0,0.8928795079131153,casual controller romance crowdfunded femaleprotagonist nudity storyrich adventure singleplayer anime visualnovel 2d kickstarter short drama mature indie freetoplay lgbtq+ sexualcontent cute
DDNet,2020-08-17,0.755384370197392,0.0,0,https://shared.akamai.steamstatic.com/store_item_assets/steam/apps/412220/header.jpg?t=1757418450,0,"Single-player,Multi-player,Co-op,Online Co-op,LAN Co-op,Cross-Platform Multiplayer,Includes level editor","Action,Indie,Free To Play","Online Co-Op,Free to Play,Multiplayer,2D Platformer,Precision Platformer,2D,Level Editor,Puzzle-Platformer,Platformer,Team-Based,Co-op,Moddable,Singleplayer,Puzzle,Action,Indie,Racing,Ninja,Character Customization,Choices Matter",5.72,https://store.steampowered.com/app/412220/,0.0,0.8928528961449191,coop multiplayer charactercustomization puzzle includesleveleditor singleplayer racing 2d action ninja indie teambased 2dplatformer freetoplay puzzleplatformer moddable platformer leveleditor choicesmatter crossplatformmultiplayer precisionplatformer
Football Manager 2020,2019-11-19,0.8408738480320119,0.0,1,https://shared.akamai.steamstatic.com/store_item_assets/steam/apps/1100600/header.jpg?t=1671725182,9302,"Single-player,Multi-player,Steam Achievements,Steam Workshop,Steam Cloud,Steam Leaderboards,Family Sharing","Simulation,Sports","Simulation,Sports,Management,Football (Soccer),Football (American),Multiplayer,Strategy,Singleplayer,Tactical",6.46,https://store.steampowered.com/app/1100600/,0.0,0.8927711402217468,singleplayer multiplayer management tactical football(soccer) football(american) simulation sports strategy
Pizza Boy Z,2024-06-28,0.4892366412165478,0.0,0,https://shared.akamai.steamstatic.com/store_item_assets/steam/apps/3032650/header.jpg?t=1738669203,0,Single-player,"Indie,Free To Play","Runner,Arcade,Indie,3D,Post-apocalyptic,Casual,Action,Zombies,Singleplayer,Free to Play",1.85,https://store.steampowered.com/app/3032650/,0.0,0.892727447201893,runner singleplayer casual zombies action indie arcade 3d freetoplay postapocalyptic
Darksiders™,2010-09-23,0.8003907929561015,0.0,0,https://shared.akamai.steamstatic.com/store_item_assets/steam/apps/50620/header.jpg?t=1732172873,152,"Single-player,Steam Achievements,Partial Controller Support,Steam Cloud,Family Sharing","Action,Adventure","Action,Adventure,Hack and Slash,Third Person,Singleplayer,Post-apocalyptic,Fantasy,Controller,Action RPG,Puzzle,Action-Adventure,Gore,Open World,RPG,Spectacle fighter,Beat 'em up,3D Platformer,Metroidvania,Character Action Game,Platformer",15.62,https://store.steampowered.com/app/50620/,0.0,0.8927061754291431,3dplatformer fantasy controller actionadventure postapocalyptic openworld puzzle adventure singleplayer gore characteractiongame metroidvania actionrpg beatemup action rpg thirdperson platformer spectaclefighter hackandslash
Knightfall: A Daring Journey,2022-04-01,0.7185660793429937,0.0,0,https://shared.akamai.steamstatic.com/store_item_assets/steam/apps/1911390/header.jpg?t=1730715407,41,"Multi-player,PvP,Online PvP,Co-op,Online Co-op","Action,Indie,Racing,Free To Play","Indie,Racing,Online Co-Op,Horses,Battle Royale,Medieval,Romance,Funny,Shooter,Action,PvP,Team-Based,Adventure,Co-op,First-Person,Multiplayer,Combat,Dating Sim,Singleplayer,3D",4.1,https://store.steampowered.com/app/1911390/,0.0,0.8926382916968281,pvp romance funny medieval multiplayer combat adventure singleplayer racing horses datingsim action indie teambased shooter coop battleroyale 3d freetoplay onlinepvp firstperson
Hot Squat,2016-11-22,0.5557766305439302,0.0,0,https://shared.akamai.steamstatic.com/store_item_assets/steam/apps/553590/header.jpg?t=1575066124,28,"Single-player,Steam Achievements,Tracked Controller Support,VR Only,Steam Leaderboards","Indie,Simulation,Sports","Sports,Simulation,Indie,VR,Free to Play",9.45,https://store.steampowered.com/app/553590/,0.0,0.8925366104952879,singleplayer indie vr simulation controller sports freetoplay
Path of Exile,2013-10-23,0.9226986117273996,0.0,6,https://shared.akamai.steamstatic.com/store_item_assets/steam/apps/238960/ca612c5e33f8705754dcb89ddb465a6b364d0cb1/header.jpg?t=1761681686,507,"Single-player,Multi-player,MMO,PvP,Online PvP,Co-op,Online Co-op,Steam Achievements,Full controller support,Steam Trading Cards,In-App Purchases,Remote Play on Tablet","Action,Adventure,Indie,Massively Multiplayer,RPG,Free To Play","Free to Play,Dark Fantasy,Action RPG,Hack and Slash,Loot,MMORPG,Multiplayer,Dungeon Crawler,Isometric,Character Customization,RPG,Online Co-Op,Singleplayer,Inventory Management,Action,PvP,Horror,Massively Multiplayer,Fantasy,Adventure",12.53,https://store.steampowered.com/app/238960/,0.0,0.8925026624254576,fantasy controller pvp inapppurchases loot massivelymultiplayer multiplayer charactercustomization adventure singleplayer remoteplayontablet actionrpg action indie rpg isometric coop freetoplay darkfantasy horror onlinepvp mmorpg mmo inventorymanagement hackandslash dungeoncrawler
Pink Heaven,2015-11-03,0.6330768564718121,0.0,0,https://shared.akamai.steamstatic.com/store_item_assets/steam/apps/409690/header.jpg?t=1729065205,28,"Single-player,Full controller support,Steam Cloud","Action,Indie,Free To Play","Free to Play,Indie,Action,Pixel Graphics,Platformer,2D,Cute,Female Protagonist,Singleplayer,Shooter,Short,Great Soundtrack,Controller,Side Scroller,Atmospheric,Fantasy,Casual,Arcade,Story Rich,Classic",10.51,https://store.steampowered.com/app/409690/,0.0,0.8925012445190329,casual fantasy controller pixelgraphics femaleprotagonist storyrich greatsoundtrack singleplayer arcade 2d classic short action sidescroller indie shooter freetoplay platformer cute atmospheric
Asfalia: The Cranky Volcano,2023-01-23,0.4892366412165478,0.0,1,https://shared.akamai.steamstatic.com/store_item_assets/steam/apps/1675040/0f9dfbdf2e7adec9b9ab001614f3a4d167b14134/header.jpg?t=1762175590,0,"Single-player,Steam Achievements,Full controller support,Stats","Adventure,Indie,Free To Play","Wholesome,Point & Click,Family Friendly,Hand-drawn,Emotional,Cute,Adventure,Story Rich,Education,Exploration,Funny,Episodic,Relaxing,2D,Colorful,Indie,Singleplayer,Casual,Atmospheric,Cartoony",3.28,https://store.steampowered.com/app/1675040/,0.0,0.8924617292740641,casual controller funny relaxing emotional education storyrich familyfriendly adventure singleplayer colorful cartoon 2d wholesome indie stats freetoplay exploration episodic pointandclick handdrawn cute atmospheric
Cloaks and Capes,2022-10-14,0.4892366412165478,0.0,2,https://shared.akamai.steamstatic.com/store_item_assets/steam/apps/1637950/header.jpg?t=1753657020,0,"Single-player,Steam Achievements,Partial Controller Support","Action,Adventure,Indie,RPG,Free To Play","Rogue-lite,Side Scroller,Shoot 'Em Up,Pixel Graphics,Bullet Hell,Platformer,Fast-Paced,Shooter,Action RPG,2D Platformer,RPG,2D,Story Rich,Action,Fantasy,Adventure,Dark,Singleplayer,Action Roguelike,Free to Play",3.56,https://store.steampowered.com/app/1637950/,0.0,0.8924617292740641,fantasy pixelgraphics actionroguelike controller roguelite storyrich adventure singleplayer 2d actionrpg action sidescroller indie rpg shooter 2dplatformer bullethell dark freetoplay shootemup platformer fastpaced
Bundle Kitt,2019-11-07,0.4892366412165478,0.0,0,https://shared.akamai.steamstatic.com/store_item_assets/steam/apps/1183320/header.jpg?t=1573523871,0,Single-player,Indie,"Indie,Cats,Cute,Free to Play,Short,Experimental,Family Friendly,Funny,2D,Atmospheric,Cartoony,Minimalist,Stylized,Comedy,Emotional,Cult Classic,Experience,Classic,Relaxing,Nature",6.49,https://store.steampowered.com/app/1183320/,0.0,0.8924617292740641,funny relaxing emotional nature familyfriendly minimalist experience cartoon 2d classic stylized short indie freetoplay singleplayer cats cultclassic cute atmospheric comedy experimental
Chip's Challenge 1,2015-05-28,0.6330768564718121,0.0,0,https://shared.akamai.steamstatic.com/store_item_assets/steam/apps/346850/header.jpg?t=1726584251,74,"Single-player,Steam Achievements,Steam Trading Cards,Steam Cloud","Action,Adventure,Strategy,Free To Play","Puzzle,Sokoban,Reboot,Logic,Free to Play,Difficult,Strategy,Top-Down,2D,Old School,Pixel Graphics,Grid-Based Movement,Arcade,Retro,1990's,Singleplayer,Nostalgia,Classic,Indie,Cult Classic",10.94,https://store.steampowered.com/app/346850/,0.0,0.8924005925225854,pixelgraphics gridbasedmovement logic sokoban reboot puzzle adventure singleplayer arcade 2d classic action indie 1990s freetoplay retro oldschool cultclassic nostalgia topdown strategy difficult
Half-Life 2: Lost Coast,2005-10-27,0.9226986117273996,0.0,0,https://shared.akamai.steamstatic.com/store_item_assets/steam/apps/340/header.jpg?t=1745368547,0,"Single-player,Camera Comfort,Custom Volume Controls,Adjustable Difficulty,Playable without Timed Input,Save Anytime,Stereo Sound,Subtitle Options,Surround Sound,Commentary available,Family Sharing",Action,"FPS,Action,Singleplayer,First-Person,Sci-fi,Shooter,Short,Aliens,Dystopian,Classic,Adventure,Atmospheric,Benchmark,Futuristic,Silent Protagonist,Free to Play,Post-apocalyptic,Story Rich,Multiplayer,Great Soundtrack",20.52,https://store.steampowered.com/app/340/,0.0,0.8923238830716597,playablewithouttimedinput surroundsound postapocalyptic multiplayer customvolumecontrols storyrich greatsoundtrack adventure singleplayer silentprotagonist commentaryavailable classic short fps action dystopian stereosound aliens futuristic shooter freetoplay saveanytime scifi firstperson atmospheric
Omegaland,2017-07-12,0.4892366412165478,0.0,0,https://shared.akamai.steamstatic.com/store_item_assets/steam/apps/619870/header.jpg?t=1585276586,0,"Single-player,Steam Achievements","Casual,Indie","Indie,Casual,Platformer,Pixel Graphics,Free to Play",8.82,https://store.steampowered.com/app/619870/,0.0,0.8920950513064054,casual platformer singleplayer pixelgraphics indie freetoplay
Vedelem: The Golden Horde,2021-06-22,0.5962588843196084,0.0,0,https://shared.akamai.steamstatic.com/store_item_assets/steam/apps/1517150/header.jpg?t=1625515495,0,"Single-player,Steam Achievements","Indie,Strategy","Strategy,Base-Building,Action,RTS,Management,Survival,Wargame,Fighting,Real Time Tactics,City Builder,3D,Stylized,Top-Down,Resource Management,Alternate History,Economy,Military,Medieval,War,Tactical",4.87,https://store.steampowered.com/app/1517150/,0.0,0.8920600139389214,war tactical citybuilder medieval rts stylized survival realtimetactics action resourcemanagement economy indie 3d fighting singleplayer basebuilding wargame management military topdown strategy alternatehistory
Devolverland Expo,2020-07-11,0.7185660793429937,0.0,0,https://shared.akamai.steamstatic.com/store_item_assets/steam/apps/1283220/header.jpg?t=1615966311,42,"Single-player,Steam Achievements,Partial Controller Support","Action,Adventure,Free To Play,Indie","Free to Play,Action,FPS,Adventure,Indie,Singleplayer,Multiplayer,First-Person,Gore,Horror,Violent,Walking Simulator,Shooter,Funny,Atmospheric,Psychological Horror,Simulation,Short,Co-op,Anime",5.82,https://store.steampowered.com/app/1283220/,0.0,0.8919572529042799,walkingsimulator funny controller simulation multiplayer violent adventure singleplayer anime gore psychologicalhorror short fps action indie shooter freetoplay horror firstperson atmospheric coop
HRDINA,2019-06-26,0.5962588843196084,0.0,1,https://shared.akamai.steamstatic.com/store_item_assets/steam/apps/1077730/header.jpg?t=1661359231,0,"Single-player,Steam Achievements,Partial Controller Support","Action,Casual,Free To Play,Indie","Free to Play,Indie,Casual,Action,Platformer",6.86,https://store.steampowered.com/app/1077730/,0.0,0.8919366492341698,casual singleplayer platformer action indie controller freetoplay
Last Shark Standing,2019-10-28,0.4892366412165478,0.0,0,https://shared.akamai.steamstatic.com/store_item_assets/steam/apps/1157300/header.jpg?t=1694112394,0,"Single-player,Multi-player,PvP,Shared/Split Screen PvP,Shared/Split Screen,Full controller support,Remote Play Together","Action,Indie","Action,Indie,Local Multiplayer",6.52,https://store.steampowered.com/app/1157300/,0.0,0.8918186180047326,singleplayer controller action multiplayer pvp remoteplaytogether localmultiplayer indie splitscreen sharedsplitscreenpvp
Cardboard Chronicles,2024-04-24,0.5557766305439302,0.0,0,https://shared.akamai.steamstatic.com/store_item_assets/steam/apps/2807290/header.jpg?t=1715274883,0,"Single-player,Full controller support","Adventure,Casual,Indie,Free To Play","Exploration,Puzzle-Platformer,Family Friendly,PvE,Puzzle,2D,3D,Comic Book,Casual,Controller,Story Rich,Cartoony,Colorful,Hand-drawn,Stylized,Fantasy,Adventure,Comedy,Combat,Free to Play",2.03,https://store.steampowered.com/app/2807290/,0.0,0.8918186180047326,casual fantasy controller combat storyrich pve puzzle familyfriendly adventure colorful cartoon 2d stylized indie 3d freetoplay puzzleplatformer exploration singleplayer handdrawn comedy comicbook
Brave Hero Yuusha EX,2019-01-11,0.5557766305439302,0.0,0,https://shared.akamai.steamstatic.com/store_item_assets/steam/apps/969690/header.jpg?t=1634563011,0,"Single-player,Steam Achievements,Partial Controller Support","Indie,RPG","Indie,RPG,RPGMaker,2D,Pixel Graphics",7.32,https://store.steampowered.com/app/969690/,0.0,0.8918186180047326,singleplayer pixelgraphics indie rpg rpgmaker controller 2d
The Coma: Cutting Class,2015-10-19,0.4892366412165478,0.0,0,https://shared.akamai.steamstatic.com/store_item_assets/steam/apps/402630/header.jpg?t=1583275623,319,"Single-player,Steam Trading Cards,Family Sharing","Adventure,Indie","Adventure,Indie,Horror,Survival Horror,Anime",10.55,https://store.steampowered.com/app/402630/,0.0,0.8916928651732298,singleplayer survivalhorror adventure indie anime horror
【SCP】器関ノ彷徨 -The will of a single Tale-【DEMOver.】,2018-05-04,0.5962588843196084,0.0,0,https://shared.akamai.steamstatic.com/store_item_assets/steam/apps/836940/header.jpg?t=1556538302,38,Single-player,"Adventure,Free To Play,Simulation","Free to Play,Gore,Violent,Adventure,Simulation,Anime,Visual Novel,Horror,Sexual Content",8.01,https://store.steampowered.com/app/836940/,0.0,0.891664694102511,violent singleplayer adventure anime sexualcontent gore visualnovel simulation freetoplay horror
Warfork,2019-08-16,0.6780830971139326,0.0,0,https://shared.akamai.steamstatic.com/store_item_assets/steam/apps/671610/header.jpg?t=1757726652,0,"Multi-player,PvP,Online PvP,Steam Cloud","Action,Indie,RPG,Free To Play,Early Access","Free to Play,Arena Shooter,Action,FPS,Multiplayer,Indie,Fast-Paced,Shooter,PvP,Early Access,First-Person,Competitive,Singleplayer,e-sports,Difficult,Atmospheric,Team-Based,Online Co-Op,3D,Cartoon",6.72,https://store.steampowered.com/app/671610/,0.0,0.8914910165175634,esports pvp multiplayer singleplayer arenashooter fps action indie rpg teambased shooter coop earlyaccess 3d freetoplay fastpaced cartoon onlinepvp firstperson competitive atmospheric difficult
Crush Crush,2016-10-18,0.755384370197392,0.0,3,https://shared.akamai.steamstatic.com/store_item_assets/steam/apps/459820/header.jpg?t=1765481018,246,"Single-player,Steam Achievements,Steam Trading Cards,In-App Purchases,Stats,Steam Leaderboards,Remote Play on Phone,Remote Play on Tablet","Casual,Indie,Free To Play","Sexual Content,Nudity,Free to Play,Hentai,Dating Sim,Anime,Mature,Clicker,Cute,Singleplayer,NSFW,Romance,Visual Novel,Casual,Funny,Comedy,Indie,Female Protagonist,Memes,Resource Management",9.55,https://store.steampowered.com/app/459820/,0.0,0.8914635295529828,casual remoteplayonphone romance funny inapppurchases femaleprotagonist nudity singleplayer remoteplayontablet anime visualnovel datingsim nsfw clicker mature indie stats resourcemanagement freetoplay memes sexualcontent cute hentai comedy
DOOM 3,2007-08-03,0.7185660793429937,0.0,0,https://shared.akamai.steamstatic.com/store_item_assets/steam/apps/9050/header.jpg?t=1660240082,93,"Single-player,Multi-player,Steam Cloud,Family Sharing",Action,"Horror,Action,FPS,Sci-fi,Dark,First-Person,Gore,Singleplayer,Classic,Shooter,Demons,Atmospheric,Zombies,Survival Horror,Mars,Futuristic,Moddable,Multiplayer,Co-op,Violent",18.76,https://store.steampowered.com/app/9050/,0.0,0.8914463787209901,demons mars multiplayer violent survivalhorror singleplayer gore classic zombies fps action futuristic shooter dark moddable horror scifi firstperson atmospheric coop
One Thousand Lies,2016-04-24,0.6330768564718121,0.0,4,https://shared.akamai.steamstatic.com/store_item_assets/steam/apps/463390/header.jpg?t=1666983369,164,"Single-player,Steam Achievements,Full controller support","Casual,Free To Play,Simulation","Free to Play,Visual Novel,Anime,Casual,Story Rich,Simulation,Romance,Psychological,Comedy,Indie,Great Soundtrack,Singleplayer,Nudity",10.03,https://store.steampowered.com/app/463390/,0.0,0.8914051260288341,storyrich casual singleplayer greatsoundtrack controller anime romance indie visualnovel psychological comedy simulation freetoplay nudity
MopGarden's Veggie Cart,2022-11-30,0.4892366412165478,0.0,0,https://shared.akamai.steamstatic.com/store_item_assets/steam/apps/2213770/header.jpg?t=1669825285,0,Single-player,"Casual,Free To Play,Indie","Wholesome,Cute,Fast-Paced,Time Management,Simulation,Casual,Singleplayer,Female Protagonist,Mouse only,Cartoony,Colorful,Arcade,Free to Play,2.5D,Indie,Family Friendly,Funny,Agriculture",3.43,https://store.steampowered.com/app/2213770/,0.0,0.8913717101735021,casual funny femaleprotagonist simulation timemanagement familyfriendly singleplayer colorful cartoon arcade wholesome indie mouseonly freetoplay 2.5d fastpaced cute agriculture
The Devil's Womb,2019-09-10,0.5557766305439302,0.0,0,,0,"Single-player,Partial Controller Support","Adventure,Indie,Free To Play","Free to Play,Adventure,Gore,Indie,Violent,Nudity,RPG,Horror,RPGMaker,2D,Puzzle,Open World,Top-Down",6.65,https://store.steampowered.com/app/913320/,0.0,0.8913717101735021,violent singleplayer horror puzzle adventure indie rpg gore rpgmaker topdown controller 2d freetoplay openworld nudity
신기록 : A Compendium of Ghosts,2018-06-05,0.4892366412165478,0.0,0,https://shared.akamai.steamstatic.com/store_item_assets/steam/apps/853250/header.jpg?t=1528206091,0,Single-player,"Adventure,Casual,Free To Play,Indie,RPG","Free to Play,Indie,Adventure,RPG,Casual,RPGMaker,Horror",7.92,https://store.steampowered.com/app/853250/,0.0,0.8913421990498727,casual singleplayer adventure indie rpg rpgmaker freetoplay horror
Quest 4 Papa: Reloaded,2020-06-03,0.5557766305439302,0.0,0,https://shared.akamai.steamstatic.com/store_item_assets/steam/apps/1323410/header.jpg?t=1684842883,0,"Single-player,Full controller support","Action,Free To Play","Free to Play,Action,Top-Down Shooter,Singleplayer,Top-Down,Shooter,Sci-fi,Fast-Paced,Story Rich",5.92,https://store.steampowered.com/app/1323410/,0.0,0.8911485166687424,storyrich singleplayer fastpaced scifi controller action shooter topdown freetoplay topdownshooter
Psycholonials,2021-02-03,0.4892366412165478,0.0,0,https://shared.akamai.steamstatic.com/store_item_assets/steam/apps/1529810/header.jpg?t=1710292407,237,Single-player,"Adventure,Casual,Indie,Free To Play","Visual Novel,Dark,Dark Humor,Drama,Crime,Philosophical,2D,Story Rich,Political,Indie,Singleplayer,Satire,Female Protagonist,Memes,LGBTQ+,Pixel Graphics,America,Capitalism,Emotional,Casual",5.25,https://store.steampowered.com/app/1529810/,0.0,0.8911063335746245,casual pixelgraphics capitalism america femaleprotagonist crime emotional storyrich political adventure singleplayer visualnovel 2d satire drama indie dark darkhumor freetoplay memes philosophical lgbtq+
Evening Surprise,2017-09-15,0.5557766305439302,0.0,1,https://shared.akamai.steamstatic.com/store_item_assets/steam/apps/690930/header.jpg?t=1505498575,21,"Single-player,Steam Achievements,Partial Controller Support","Free To Play,Indie","Free to Play,Indie,Visual Novel,Anime,Singleplayer,Romance,Short,2D,Casual",8.64,https://store.steampowered.com/app/690930/,0.0,0.8910712358027937,singleplayer short casual indie anime romance visualnovel controller 2d freetoplay
Carpe Diem,2015-11-30,0.6780830971139326,0.0,1,https://shared.akamai.steamstatic.com/store_item_assets/steam/apps/423880/header.jpg?t=1729273784,13,"Single-player,Steam Achievements,Steam Cloud","Casual,Indie,Free To Play","Free to Play,Anime,Visual Novel,Short,Singleplayer,Indie,Cute,Dating Sim,Casual,Sexual Content,Nudity,2D,Psychological Horror,Romance,Story Rich,Mature,Memes,Female Protagonist,Hentai,Family Friendly",10.43,https://store.steampowered.com/app/423880/,0.0,0.8910505241432023,casual romance femaleprotagonist nudity storyrich familyfriendly singleplayer anime visualnovel 2d short datingsim psychologicalhorror mature indie freetoplay memes sexualcontent cute hentai
Wonder Wickets,2018-10-17,0.4892366412165478,0.0,0,https://shared.akamai.steamstatic.com/store_item_assets/steam/apps/598640/header.jpg?t=1712584940,0,"Single-player,Multi-player,PvP,Online PvP,Shared/Split Screen PvP,Shared/Split Screen,Steam Achievements,Steam Trading Cards,Captions available,Steam Workshop,Partial Controller Support,Steam Cloud,Stats,Steam Leaderboards,Includes level editor,Remote Play Together","Action,Casual,Indie,Sports,Free To Play","Sports,Indie,Action,Casual,Mini Golf,Golf,Space,Cute,Free to Play,Local Co-Op,Online Co-Op",7.55,https://store.steampowered.com/app/598640/,0.0,0.8910431014740681,casual pvp controller multiplayer includesleveleditor remoteplaytogether golf sports sharedsplitscreenpvp coop action indie stats freetoplay splitscreen singleplayer onlinepvp minigolf cute space
Octodad (Student Edition),2023-04-25,0.5557766305439302,0.0,0,https://shared.akamai.steamstatic.com/store_item_assets/steam/apps/2383860/header.jpg?t=1726315390,0,Single-player,"Adventure,Indie,Simulation,Free To Play","3D Platformer,Physics,Stealth,Difficult,Walking Simulator,Action-Adventure,3D,Third Person,Funny,Simulation,Controller,Story Rich,Family Friendly,Comedy,Cartoon,Adventure,Destruction,Singleplayer,Free to Play,Indie",3.03,https://store.steampowered.com/app/2383860/,0.0,0.8909831780507043,3dplatformer walkingsimulator funny actionadventure simulation storyrich familyfriendly adventure destruction singleplayer physics indie thirdperson 3d freetoplay stealth cartoon controller comedy difficult
Prison Simulator Prologue,2021-05-20,0.6780830971139326,0.0,0,https://shared.akamai.steamstatic.com/store_item_assets/steam/apps/1431610/header.jpg?t=1733154667,39,"Single-player,Steam Achievements,Steam Workshop","Action,RPG,Simulation","Action,Singleplayer,Adventure,Crime,FPS,Realistic,First-Person,Atmospheric,Funny,Sandbox,Dark Comedy,Simulation,Stealth,Story Rich,Open World,Inventory Management,Conversation,Trading,Combat,Shooter",4.96,https://store.steampowered.com/app/1431610/,0.0,0.8909184415554083,funny simulation crime openworld combat storyrich adventure singleplayer realistic conversation trading fps action rpg sandbox shooter stealth darkcomedy firstperson inventorymanagement atmospheric
Dig Deep,2019-03-08,0.4892366412165478,0.0,0,https://shared.akamai.steamstatic.com/store_item_assets/steam/apps/1029970/header.jpg?t=1698059366,0,Single-player,"Action,Casual,Indie","Action,Indie,Casual,Pixel Graphics,Runner,Free to Play",7.16,https://store.steampowered.com/app/1029970/,0.0,0.8907913103926834,runner casual singleplayer pixelgraphics action indie freetoplay
Drop Alive,2016-12-06,0.6780830971139326,0.0,1,https://shared.akamai.steamstatic.com/store_item_assets/steam/apps/513450/header.jpg?t=1486742812,35,"Single-player,Steam Achievements,Full controller support,Stats","Casual,Free To Play,Indie","Free to Play,Cute,Indie,Platformer,Casual,Adventure,2D,Family Friendly,Difficult,Survival,Singleplayer,Funny,Puzzle,Hand-drawn,Multiplayer,Puzzle-Platformer",9.41,https://store.steampowered.com/app/513450/,0.0,0.8907742945842918,casual controller funny multiplayer puzzle familyfriendly adventure singleplayer 2d survival indie stats freetoplay puzzleplatformer platformer cute handdrawn difficult
Spellsworn,2018-03-13,0.6330768564718121,0.0,1,https://shared.akamai.steamstatic.com/store_item_assets/steam/apps/360620/header.jpg?t=1728910289,138,"Multi-player,PvP,Online PvP,Cross-Platform Multiplayer,Steam Trading Cards,In-App Purchases,Stats","Action,Indie,Free To Play","Magic,Free to Play,Action,Multiplayer,Indie,Early Access,Dark Fantasy,Online Co-Op,Fantasy,MOBA,PvP,Strategy,Co-op,RPG,Action RPG,Battle Royale,e-sports,RTS,Action RTS,3D",8.15,https://store.steampowered.com/app/360620/,0.0,0.8907183012188467,esports fantasy pvp inapppurchases multiplayer rts actionrpg action indie stats moba rpg coop actionrts earlyaccess battleroyale 3d freetoplay magic darkfantasy onlinepvp crossplatformmultiplayer strategy
Grabity,2018-05-30,0.5962588843196084,0.0,0,https://shared.akamai.steamstatic.com/store_item_assets/steam/apps/652810/header.jpg?t=1664627142,159,"Single-player,Multi-player,PvP,Online PvP,Shared/Split Screen PvP,Co-op,Online Co-op,Shared/Split Screen Co-op,Shared/Split Screen,Steam Achievements,Full controller support,Stats,Steam Leaderboards,Remote Play Together","Action,Indie","Action,Indie,4 Player Local,Local Multiplayer,Fighting,Multiplayer,Physics,Beat 'em up,Platformer,Competitive,2D Fighter,Free to Play",7.93,https://store.steampowered.com/app/652810/,0.0,0.8906148593533691,sharedsplitscreencoop controller localmultiplayer pvp multiplayer remoteplaytogether 4playerlocal sharedsplitscreenpvp beatemup action physics indie stats coop freetoplay fighting splitscreen singleplayer platformer onlinepvp competitive 2dfighter
Selene ~Apoptosis~,2023-02-17,0.5962588843196084,0.0,3,https://shared.akamai.steamstatic.com/store_item_assets/steam/apps/1398210/header.jpg?t=1744545547,69,"Single-player,Steam Achievements,Partial Controller Support",Adventure,"Sexual Content,Nudity,Mature,Horror,Visual Novel,Free to Play,Anime,Romance,Thriller,Story Rich,Mystery,Adventure,Dark,Singleplayer,Violent,Lovecraftian,Multiple Endings,Choices Matter,Drama,Hentai",3.21,https://store.steampowered.com/app/1398210/,0.0,0.8905908729886294,romance controller nudity storyrich violent adventure singleplayer anime visualnovel drama mature dark thriller freetoplay horror mystery choicesmatter lovecraftian sexualcontent multipleendings hentai
凯尔文 - Kelvin And The Chateau,2021-08-05,0.6330768564718121,0.0,0,https://shared.akamai.steamstatic.com/store_item_assets/steam/apps/1561910/header.jpg?t=1628498809,0,Single-player,"Free To Play,Indie,RPG","RPG,Hand-drawn,Story Rich,Exploration,JRPG,2D,Free to Play,Anime,Indie,Drama,Emotional,Dark Fantasy,Singleplayer,RPGMaker",4.75,https://store.steampowered.com/app/1561910/,0.0,0.8905250118717035,storyrich singleplayer drama indie rpg anime handdrawn rpgmaker jrpg 2d freetoplay exploration emotional darkfantasy
Counter Agents,2016-12-01,0.6780830971139326,0.0,0,https://shared.akamai.steamstatic.com/store_item_assets/steam/apps/549090/header.jpg?t=1706385328,108,"Single-player,Multi-player,PvP,Shared/Split Screen PvP,Shared/Split Screen,Partial Controller Support,Includes level editor,Remote Play Together","Action,Adventure,Casual,Indie,Strategy,Free To Play","Free to Play,Casual,Indie,Stealth,Local Multiplayer,Multiplayer,Split Screen,Action,Level Editor,Adventure,4 Player Local,Strategy,Local Co-Op,Shooter,Singleplayer,Arcade,Platformer,Puzzle-Platformer,Top-Down Shooter,Top-Down",9.43,https://store.steampowered.com/app/549090/,0.0,0.8904222077395038,casual localmultiplayer pvp controller multiplayer splitscreen includesleveleditor remoteplaytogether adventure singleplayer arcade sharedsplitscreenpvp 4playerlocal coop action indie shooter freetoplay puzzleplatformer stealth topdownshooter platformer leveleditor topdown strategy
2D Dawg 2,2023-04-07,0.4892366412165478,0.0,0,https://shared.akamai.steamstatic.com/store_item_assets/steam/apps/2220170/header.jpg?t=1680879744,0,Single-player,"Casual,Free To Play,Indie","Casual,Visual Novel,Interactive Fiction,2D Platformer,Platformer,Point & Click,Side Scroller,Cute,Cartoony,Memes,Dog,Hidden Object,Colorful,Atmospheric,Drama,Time Travel,Relaxing,Retro,Funny,Dark Humor",3.08,https://store.steampowered.com/app/2220170/,0.0,0.8904188004159196,casual timetravel funny relaxing hiddenobject interactivefiction colorful visualnovel cartoon drama sidescroller indie 2dplatformer darkhumor freetoplay memes singleplayer platformer pointandclick dog cute atmospheric retro
1980,2020-08-31,0.5962588843196084,0.0,0,https://shared.akamai.steamstatic.com/store_item_assets/steam/apps/1397010/header.jpg?t=1598858585,0,Single-player,"Free To Play,Indie,Strategy","Strategy,Management,City Builder,Turn-Based Strategy,2D,Free to Play,Hand-drawn,Building,1980s,Resource Management,Indie,Singleplayer",5.68,https://store.steampowered.com/app/1397010/,0.0,0.8904137421211142,singleplayer management resourcemanagement citybuilder indie handdrawn building turnbasedstrategy 2d freetoplay strategy 1980s
Off-Peak,2016-10-21,0.6330768564718121,0.0,1,https://shared.akamai.steamstatic.com/store_item_assets/steam/apps/467360/header.jpg?t=1741277991,31,"Single-player,Steam Achievements,Partial Controller Support","Adventure,Indie,Free To Play","Free to Play,Indie,Surreal,Walking Simulator,Adventure,Great Soundtrack,First-Person,Horror,Atmospheric,Short,Exploration,Singleplayer,Multiplayer,Psychedelic,Psychological Horror",9.54,https://store.steampowered.com/app/467360/,0.0,0.8903882701968961,singleplayer short psychologicalhorror walkingsimulator greatsoundtrack firstperson adventure surreal indie psychedelic multiplayer atmospheric controller freetoplay exploration horror
Estigma [Steam Edition],2020-12-23,0.5962588843196084,0.0,0,https://shared.akamai.steamstatic.com/store_item_assets/steam/apps/1495640/header.jpg?t=1615408900,0,"Single-player,Steam Achievements,Partial Controller Support","Action,Casual,Free To Play,Indie","Casual,Horror,Experimental,2D,Surreal,Puzzle,Pixel Graphics,Free to Play,Score Attack,Comedy,Nudity,Indie,Action,Grid-Based Movement,Singleplayer,Sexual Content,1980s",5.37,https://store.steampowered.com/app/1495640/,0.0,0.8902099020524955,casual pixelgraphics gridbasedmovement surreal controller nudity puzzle singleplayer scoreattack 2d action indie freetoplay horror sexualcontent comedy experimental 1980s
Galactic Lander,2018-10-04,0.5557766305439302,0.0,0,https://shared.akamai.steamstatic.com/store_item_assets/steam/apps/913600/header.jpg?t=1670611871,0,"Single-player,Multi-player,PvP,Online PvP,Co-op,Online Co-op,Shared/Split Screen,Steam Achievements,Steam Workshop,Stats,Includes level editor,Remote Play Together",Casual,"Casual,Co-op,Space,Split Screen,Indie,Online Co-Op,Multiplayer,2D,Sci-fi,Real-Time,Team-Based,Free to Play",7.59,https://store.steampowered.com/app/913600/,0.0,0.8900895975429232,casual pvp multiplayer splitscreen includesleveleditor remoteplaytogether 2d indie stats teambased coop freetoplay singleplayer onlinepvp scifi realtime space
Cheftastic!: Buffet Blast,2022-02-03,0.4892366412165478,0.0,0,https://shared.akamai.steamstatic.com/store_item_assets/steam/apps/1711740/header.jpg?t=1731673783,0,"Single-player,Steam Achievements,Full controller support,Steam Leaderboards","Action,Casual,Indie,Free To Play","Casual,Action,Twin Stick Shooter,Shooter,Top-Down,Indie,Collectathon,3D,Arcade,Top-Down Shooter,Singleplayer,Old School,Cartoon,Combat,Controller,Colorful,Cute,Stylized,Cartoony,Rogue-lite",4.25,https://store.steampowered.com/app/1711740/,0.0,0.8900300290398913,casual controller roguelite combat singleplayer colorful arcade cartoon stylized action indie collectathon shooter twinstickshooter 3d freetoplay topdownshooter oldschool cute topdown
BVRGER VAN,2018-07-27,0.4892366412165478,0.0,0,https://shared.akamai.steamstatic.com/store_item_assets/steam/apps/892470/header.jpg?t=1684618942,0,"Single-player,Tracked Controller Support,VR Only","Casual,Indie,Strategy","Casual,Strategy,Indie,VR",7.78,https://store.steampowered.com/app/892470/,0.0,0.8900300290398913,casual singleplayer indie vr controller strategy
Demon Turf: Trials,2020-11-27,0.5557766305439302,0.0,0,https://shared.akamai.steamstatic.com/store_item_assets/steam/apps/1451650/header.jpg?t=1636027784,22,"Single-player,Full controller support,Steam Cloud","Action,Adventure,Indie","Adventure,Action,3D Platformer,Platformer,Arcade,2.5D,Precision Platformer,Funny,3D,Anime,Colorful,Indie,Demons,Retro,Singleplayer,Score Attack,Tutorial,Cute,Free to Play",5.44,https://store.steampowered.com/app/1451650/,0.0,0.8900071061086765,3dplatformer controller demons funny adventure singleplayer anime colorful arcade scoreattack action indie tutorial 3d freetoplay 2.5d platformer cute precisionplatformer retro
Atma,2019-07-10,0.6330768564718121,0.0,0,https://shared.akamai.steamstatic.com/store_item_assets/steam/apps/1096590/header.jpg?t=1563012174,0,"Single-player,Partial Controller Support","Action,Adventure,Casual,Free To Play,Indie","Free to Play,Action,Indie,Adventure,Casual,Pixel Graphics,Female Protagonist",6.82,https://store.steampowered.com/app/1096590/,0.0,0.8898544622552885,casual singleplayer pixelgraphics action adventure indie femaleprotagonist controller freetoplay
Just War Trains,2024-09-04,0.4892366412165478,0.0,0,https://shared.akamai.steamstatic.com/store_item_assets/steam/apps/3154950/header.jpg?t=1725487001,0,"Multi-player,PvP,Online PvP,Partial Controller Support","Action,Casual,Strategy,Free To Play","Action,3D Fighter,Beat 'em up,Shooter,Wargame,3D,Driving,Funny,Memes,World War I,Free to Play,Multiplayer,World War II,Casual,Strategy,PvP,Trains,War",1.67,https://store.steampowered.com/app/3154950/,0.0,0.889816018355928,casual war pvp funny controller multiplayer worldwari beatemup action shooter 3dfighter 3d freetoplay memes driving trains wargame onlinepvp worldwarii strategy
Wandering Skies,2023-05-02,0.5557766305439302,0.0,0,https://shared.akamai.steamstatic.com/store_item_assets/steam/apps/2386610/header.jpg?t=1715077219,0,"Single-player,Steam Achievements,Stats","Adventure,Indie,Free To Play","Adventure,Platformer,3D Platformer,Collectathon,Exploration,FPS,Puzzle-Platformer,3D,First-Person,Atmospheric,Free to Play,Indie,Fantasy,Mystery,Parkour,Singleplayer,Runner",3.01,https://store.steampowered.com/app/2386610/,0.0,0.8897732725059158,3dplatformer fantasy runner adventure singleplayer parkour fps indie stats collectathon 3d freetoplay puzzleplatformer exploration mystery platformer firstperson atmospheric
Our Hero! First,2020-07-30,0.4892366412165478,0.0,0,https://shared.akamai.steamstatic.com/store_item_assets/steam/apps/847560/header.jpg?t=1762426891,0,Single-player,"Action,Adventure,Indie,RPG","Indie,Hack and Slash,Adventure,Action,Colorful,Cute,Funny,Pixel Graphics,2D,Action RPG,Action-Adventure,RPG,Retro,Fantasy,Immersive,Magic,Combat,Conversation,Inventory Management,Singleplayer",5.77,https://store.steampowered.com/app/847560/,0.0,0.8897732725059158,fantasy pixelgraphics funny actionadventure combat adventure singleplayer conversation colorful 2d actionrpg immersive action indie rpg magic inventorymanagement cute retro hackandslash
Offscreen Colonies: VR Edition,2019-05-28,0.4892366412165478,0.0,0,https://shared.akamai.steamstatic.com/store_item_assets/steam/apps/1086240/header.jpg?t=1562495071,0,,Animation & Modeling,"Animation & Modeling,VR",6.94,https://store.steampowered.com/app/1086240/,0.0,0.8897732725059158,vr animationandmodeling
Overboard,2019-09-20,0.4892366412165478,0.0,0,https://shared.akamai.steamstatic.com/store_item_assets/steam/apps/1144080/header.jpg?t=1633792956,0,"Single-player,Tracked Controller Support,VR Only","Action,Free To Play,Indie","Action,Indie,Gore,Free to Play,VR",6.63,https://store.steampowered.com/app/1144080/,0.0,0.8897732725059158,singleplayer action indie vr gore controller freetoplay
Okashi Towers,2024-01-26,0.4892366412165478,0.0,1,https://shared.akamai.steamstatic.com/store_item_assets/steam/apps/2450360/header.jpg?t=1765606919,0,"Single-player,Multi-player,PvP,Online PvP,Co-op,Online Co-op,Steam Achievements,Includes level editor","Action,Indie,Strategy,Free To Play","Strategy,Pixel Graphics,RTS,Tower Defense,Action RTS,Real Time Tactics,Wargame,2D,Top-Down,Family Friendly,Relaxing,Tactical,Level Editor,PvE,Multiplayer,PvP,Online Co-Op,Cats,Resource Management,Co-op",2.28,https://store.steampowered.com/app/2450360/,0.0,0.8897732725059158,pixelgraphics tactical pvp relaxing multiplayer pve includesleveleditor familyfriendly rts 2d realtimetactics action resourcemanagement indie coop actionrts freetoplay towerdefense singleplayer wargame leveleditor onlinepvp cats topdown strategy
Victoria Clair and the Mystery Express,2020-12-11,0.5557766305439302,0.0,1,https://shared.akamai.steamstatic.com/store_item_assets/steam/apps/1457370/header.jpg?t=1607720429,0,Single-player,"Casual,Indie","Casual,Mystery,Puzzle,Cats,Cartoon,Cartoony,Colorful,Cute,Hand-drawn,Historical,2D,Interactive Fiction,Stylized,Point & Click,Investigation,Crime,Family Friendly,Funny,Logic,Linear",5.4,https://store.steampowered.com/app/1457370/,0.0,0.8896108346987067,casual logic funny crime interactivefiction puzzle familyfriendly colorful cartoon 2d stylized linear indie mystery singleplayer pointandclick cats investigation cute handdrawn historical
Beneath a Steel Sky (1994),2020-07-27,0.6780830971139326,0.0,0,https://shared.akamai.steamstatic.com/store_item_assets/steam/apps/1368340/header.jpg?t=1752409966,274,Single-player,"Adventure,Indie,Free To Play","Adventure,Free to Play,Point & Click,Cyberpunk,Story Rich,Puzzle,Dystopian,Sci-fi,Narration,Retro,Post-apocalyptic,Singleplayer,Hacking,Pixel Graphics,2D,Funny,Futuristic,Indie,Conspiracy,Exploration",5.77,https://store.steampowered.com/app/1368340/,0.0,0.8896104322900913,pixelgraphics funny postapocalyptic cyberpunk storyrich puzzle adventure singleplayer narration 2d conspiracy dystopian indie futuristic hacking freetoplay exploration pointandclick scifi retro
REVISITOR,2021-11-19,0.4892366412165478,0.0,0,https://shared.akamai.steamstatic.com/store_item_assets/steam/apps/1475440/header.jpg?t=1637371844,0,"Single-player,Steam Achievements",Indie,"Puzzle,Platformer,First-Person,Singleplayer,Sci-fi,Futuristic,3D Platformer,Puzzle-Platformer,Indie,3D,Linear",4.46,https://store.steampowered.com/app/1475440/,0.0,0.8894988086247695,singleplayer platformer 3dplatformer puzzle scifi firstperson indie futuristic linear 3d puzzleplatformer
Spooky Speakeasy,2020-12-21,0.4892366412165478,0.0,0,https://shared.akamai.steamstatic.com/store_item_assets/steam/apps/1440940/header.jpg?t=1636011620,0,Single-player,"Free To Play,Indie","Casual,Simulation,Management,Immersive Sim,Life Sim,2D,Cartoon,Colorful,Cute,First-Person,Text-Based,Family Friendly,Funny,Relaxing,Supernatural,Vampire,Zombies,Choices Matter,Crafting,Singleplayer",5.37,https://store.steampowered.com/app/1440940/,0.0,0.8893543539504819,casual supernatural vampire funny relaxing simulation immersivesim familyfriendly singleplayer colorful 2d textbased zombies indie freetoplay cartoon choicesmatter management firstperson cute crafting lifesim
Super Crate Box,2012-08-29,0.7185660793429937,0.0,0,https://shared.akamai.steamstatic.com/store_item_assets/steam/apps/212800/header.jpg?t=1720811087,52,Single-player,"Action,Indie,Free To Play","Free to Play,Indie,Platformer,Pixel Graphics,Action,2D,Shooter,Arcade,Multiplayer,Singleplayer,Difficult,Retro,Addictive,GameMaker,Fast-Paced,Controller,Co-op,Great Soundtrack,Family Friendly,Rogue-like",13.68,https://store.steampowered.com/app/212800/,0.0,0.8892023611428055,pixelgraphics addictive multiplayer greatsoundtrack familyfriendly roguelike singleplayer arcade 2d action indie shooter freetoplay platformer gamemaker fastpaced controller coop retro difficult
6 Seasons and a Game,2021-01-09,0.5557766305439302,0.0,0,https://shared.akamai.steamstatic.com/store_item_assets/steam/apps/1460830/header.jpg?t=1747760343,0,"Single-player,Multi-player,PvP,Online PvP,LAN PvP",Free To Play,"Arena Shooter,FPS,Satire,Casual,Stylized,Comedy,Family Friendly,PvP,3D,Character Action Game,Shooter,Funny,First-Person,Relaxing,Team-Based,Action,Hero Shooter,Colorful,Old School,Multiplayer",5.32,https://store.steampowered.com/app/1460830/,0.0,0.8891163523295599,casual pvp funny relaxing multiplayer lanpvp familyfriendly colorful characteractiongame arenashooter satire stylized fps action teambased shooter 3d freetoplay singleplayer oldschool onlinepvp heroshooter firstperson comedy
Dark Deception,2018-09-26,0.755384370197392,0.0,5,https://shared.akamai.steamstatic.com/store_item_assets/steam/apps/332950/header.jpg?t=1693784243,34,"Single-player,Steam Achievements,Captions available,Steam Cloud","Action,Adventure,Indie,Free To Play","Horror,Free to Play,Multiplayer,Singleplayer,First-Person,Psychological Horror,Runner,Survival Horror,Indie,Action,Survival,Dark Humor,Adventure,Story Rich,Arcade,RPG,Multiple Endings,Cinematic,Dark,Difficult",7.61,https://store.steampowered.com/app/332950/,0.0,0.8890945913410038,multiplayer runner storyrich survivalhorror adventure singleplayer arcade survival psychologicalhorror cinematic action indie rpg darkhumor dark freetoplay horror firstperson multipleendings difficult
T.E.C. 3001,2014-04-11,0.5557766305439302,0.0,0,https://shared.akamai.steamstatic.com/store_item_assets/steam/apps/280910/header.jpg?t=1548025840,194,"Single-player,Multi-player,Steam Achievements,Steam Trading Cards,Partial Controller Support,Steam Leaderboards,Commentary available,Family Sharing","Action,Indie,Racing","Indie,Racing,Action,Runner,Fast-Paced,Local Co-Op,Singleplayer,Robots,Parkour,Platformer,Multiplayer,Sci-fi",12.07,https://store.steampowered.com/app/280910/,0.0,0.8889773272505915,controller multiplayer runner singleplayer racing commentaryavailable parkour coop action indie platformer fastpaced scifi robots
Guild Wars 2,2022-08-23,0.8003907929561015,0.0,6,https://shared.akamai.steamstatic.com/store_item_assets/steam/apps/1284210/header.jpg?t=1766174882,202,"Multi-player,MMO,PvP,Online PvP,Co-op,Online Co-op,In-App Purchases","Adventure,Massively Multiplayer,RPG,Free To Play","MMORPG,Adventure,RPG,Character Customization,Free to Play,Fantasy,Third Person,3D,Massively Multiplayer,PvP,Atmospheric,Class-Based,Combat,Multiplayer,Strategy,Crafting,Online Co-Op,Exploration,Story Rich,Singleplayer",3.7,https://store.steampowered.com/app/1284210/,0.0,0.888844126723909,fantasy pvp inapppurchases massivelymultiplayer charactercustomization multiplayer combat storyrich classbased crafting adventure singleplayer rpg thirdperson coop 3d freetoplay exploration onlinepvp mmorpg mmo atmospheric strategy
Zen of Sudoku,2006-12-14,0.5557766305439302,0.0,0,https://shared.akamai.steamstatic.com/store_item_assets/steam/apps/4900/header.jpg?t=1659427988,10,Single-player,"Casual,Indie","Casual,Indie,Puzzle,Free to Play,Relaxing,Singleplayer",19.39,https://store.steampowered.com/app/4900/,0.0,0.8886693649282221,casual singleplayer puzzle indie relaxing freetoplay
🔴 Circles,2017-02-17,0.4892366412165478,0.0,0,https://shared.akamai.steamstatic.com/store_item_assets/steam/apps/460250/header.jpg?t=1666985953,16,"Single-player,Steam Achievements,Steam Cloud","Casual,Indie","Experimental,Minimalist,Abstract,Relaxing,Puzzle,Experience,Mouse only,Atmospheric,Colorful,Indie,Casual,Beautiful,Free to Play",9.21,https://store.steampowered.com/app/460250/,0.0,0.8885810199196611,casual singleplayer puzzle abstract beautiful indie minimalist mouseonly colorful relaxing experience atmospheric experimental freetoplay
Secret Santa,2016-12-01,0.4892366412165478,0.0,0,https://shared.akamai.steamstatic.com/store_item_assets/steam/apps/500690/header.jpg?t=1619567914,133,"Single-player,Steam Achievements,Full controller support,Steam Cloud","Indie,Strategy","Strategy,Indie,Stealth,Pixel Graphics",9.43,https://store.steampowered.com/app/500690/,0.0,0.8881463813748689,singleplayer controller pixelgraphics indie strategy stealth
"Its Simple, SHOOT",2019-03-14,0.5557766305439302,0.0,0,https://shared.akamai.steamstatic.com/store_item_assets/steam/apps/1034200/header.jpg?t=1554772872,0,Single-player,"Action,Casual,Free To Play","Free to Play,Action,Casual",7.15,https://store.steampowered.com/app/1034200/,0.0,0.8878790786698217,action casual singleplayer freetoplay
Kovox Pitch,2022-01-17,0.4892366412165478,0.0,0,https://shared.akamai.steamstatic.com/store_item_assets/steam/apps/1299810/header.jpg?t=1751470639,0,"Single-player,Steam Achievements,Full controller support,Steam Cloud,Steam Leaderboards,Includes level editor","Action,Indie","Rhythm,Music,2D,Difficult,Action,Colorful,Singleplayer,Level Editor,Atmospheric,Story Rich,Baseball,Indie,2.5D,Souls-like,Great Soundtrack",4.3,https://store.steampowered.com/app/1299810/,0.0,0.8878622576936078,controller storyrich greatsoundtrack includesleveleditor singleplayer colorful 2d soulslike action indie music rhythm 2.5d leveleditor baseball atmospheric difficult
Cable Guardian,2020-03-22,0.5557766305439302,0.0,1,https://shared.akamai.steamstatic.com/store_item_assets/steam/apps/1208080/header.jpg?t=1667664218,0,VR Only,"Indie,Utilities","Utilities,Indie,VR",6.12,https://store.steampowered.com/app/1208080/,0.0,0.8877413772763125,vr indie utilities
Seeker,2018-12-31,0.5962588843196084,0.0,0,https://shared.akamai.steamstatic.com/store_item_assets/steam/apps/987900/header.jpg?t=1591793731,0,Single-player,"Adventure,Casual,Free To Play,Indie,Strategy","Free to Play,Casual,Indie,Adventure,Strategy,Multiplayer",7.35,https://store.steampowered.com/app/987900/,0.0,0.8876168865875359,casual singleplayer adventure indie freetoplay strategy multiplayer
Bubbles the Cat,2019-04-11,0.4892366412165478,0.0,0,https://shared.akamai.steamstatic.com/store_item_assets/steam/apps/945580/header.jpg?t=1712923078,0,"Single-player,Steam Achievements,Full controller support,Steam Cloud","Action,Adventure,Indie,Free To Play","Indie,Platformer,Cats,Action,Cute,Adventure,Character Customization,2D,Great Soundtrack,Free to Play,Retro,Family Friendly,Pixel Graphics",7.07,https://store.steampowered.com/app/945580/,0.0,0.8875601912322215,singleplayer platformer greatsoundtrack controller action cats familyfriendly adventure pixelgraphics indie cute retro 2d freetoplay charactercustomization
The Designer's Curse,2019-07-29,0.6780830971139326,0.0,0,https://shared.akamai.steamstatic.com/store_item_assets/steam/apps/1119060/header.jpg?t=1744136993,0,Single-player,"Indie,Free To Play","Horror,Survival Horror,Singleplayer,Psychological Horror,Atmospheric,Action,Puzzle,First-Person,Stealth,Exploration,Lovecraftian,Free to Play,Co-op,Indie,Gore,Online Co-Op,Massively Multiplayer,Local Multiplayer,Shooter,Nudity",6.77,https://store.steampowered.com/app/1119060/,0.0,0.8874108728521003,localmultiplayer massivelymultiplayer nudity puzzle survivalhorror singleplayer gore psychologicalhorror action indie shooter coop freetoplay stealth exploration horror lovecraftian firstperson atmospheric
Evergreen Blues,2020-02-20,0.4892366412165478,0.0,0,https://shared.akamai.steamstatic.com/store_item_assets/steam/apps/1131870/header.jpg?t=1592422881,0,"Single-player,Multi-player,Co-op,Shared/Split Screen Co-op,Shared/Split Screen,Steam Achievements,Remote Play Together","Casual,Indie","Casual,Indie,Music,Relaxing,Story Rich,Emotional,Singleplayer,Great Soundtrack,Atmospheric,Choices Matter,Experience,Stylized,Experimental,Visual Novel,Free to Play",6.21,https://store.steampowered.com/app/1131870/,0.0,0.8873110604215965,casual sharedsplitscreencoop relaxing emotional storyrich greatsoundtrack multiplayer remoteplaytogether singleplayer experience visualnovel stylized indie music freetoplay splitscreen choicesmatter atmospheric experimental coop
Corrupt,2018-09-14,0.4892366412165478,0.0,1,https://shared.akamai.steamstatic.com/store_item_assets/steam/apps/927850/header.jpg?t=1536989521,0,"Single-player,Steam Achievements","Indie,RPG,Simulation","Simulation,Indie,RPG,Free to Play,Visual Novel",7.64,https://store.steampowered.com/app/927850/,0.0,0.8873110604215965,singleplayer indie rpg visualnovel simulation freetoplay
文字獄,2019-03-13,0.5962588843196084,0.0,0,https://shared.akamai.steamstatic.com/store_item_assets/steam/apps/1035750/header.jpg?t=1569706896,0,Single-player,"Adventure,Free To Play,Indie","Free to Play,Indie,Adventure,Puzzle",7.15,https://store.steampowered.com/app/1035750/,0.0,0.8872784238397419,singleplayer puzzle adventure indie freetoplay
Quanero VR,2016-08-12,0.5557766305439302,0.0,0,https://shared.akamai.steamstatic.com/store_item_assets/steam/apps/497820/header.jpg?t=1738159397,17,"Single-player,Full controller support,Tracked Controller Support,VR Only",Free To Play,"Free to Play,VR,Cyberpunk",9.73,https://store.steampowered.com/app/497820/,0.0,0.8871255053079236,cyberpunk singleplayer controller vr freetoplay
Feud,2024-02-23,0.5557766305439302,0.0,1,https://shared.akamai.steamstatic.com/store_item_assets/steam/apps/863400/header.jpg?t=1723709611,0,"Single-player,Multi-player,PvP,Online PvP,Shared/Split Screen PvP,Cross-Platform Multiplayer,Steam Achievements,Remote Play Together","Indie,Strategy,Free To Play","Free to Play,Indie,Board Game,Turn-Based Tactics,Abstract,Asynchronous Multiplayer,Strategy,Puzzle,Turn-Based,Local Multiplayer,Early Access,Turn-Based Strategy,Multiplayer,Tabletop,Historical,Stylized,2D,Chess,Touch-Friendly,Logic",2.2,https://store.steampowered.com/app/863400/,0.0,0.8870708040010516,localmultiplayer turnbased pvp boardgame abstract logic turnbasedtactics asynchronousmultiplayer multiplayer tabletop puzzle remoteplaytogether 2d sharedsplitscreenpvp stylized indie earlyaccess turnbasedstrategy freetoplay singleplayer onlinepvp crossplatformmultiplayer historical chess strategy touchfriendly
Almost My Floor: Prologue,2020-10-05,0.4892366412165478,0.0,0,https://shared.akamai.steamstatic.com/store_item_assets/steam/apps/1395230/header.jpg?t=1740846725,0,Single-player,"Adventure,Indie,Free To Play","Horror,Adventure,Story Rich,Point & Click,Psychological Horror,Puzzle,Singleplayer,Atmospheric,Dark,2D,Comic Book,Psychological,Indie,Choices Matter,Hand-drawn,Short,Multiple Endings,Psychedelic,Free to Play,Mature",5.58,https://store.steampowered.com/app/1395230/,0.0,0.8870609257683228,psychedelic storyrich puzzle adventure singleplayer psychological 2d psychologicalhorror short mature indie dark freetoplay horror pointandclick choicesmatter handdrawn multipleendings atmospheric comicbook
Connected Hearts - Visual novel,2017-08-12,0.5557766305439302,0.0,0,https://shared.akamai.steamstatic.com/store_item_assets/steam/apps/603140/header.jpg?t=1604630173,37,"Single-player,Steam Achievements","Casual,Free To Play,Indie,Simulation","Free to Play,Visual Novel,Indie,Simulation,Casual,Anime,Psychological Horror",8.73,https://store.steampowered.com/app/603140/,0.0,0.8869816643511681,casual singleplayer psychologicalhorror indie anime visualnovel simulation freetoplay
Who is the Defendant: Deliberately Rough,2024-06-13,0.4892366412165478,0.0,0,https://shared.akamai.steamstatic.com/store_item_assets/steam/apps/2988880/header.jpg?t=1718300304,0,Single-player,"RPG,Strategy,Free To Play","Strategy,RPG,Funny,Comedy,Adventure,Interactive Fiction,Visual Novel,Puzzle,Relaxing,Detective,2D,Hand-drawn,Stylized,Anime,Drama,Mystery,Logic,Abstract,Multiple Endings,CRPG",1.89,https://store.steampowered.com/app/2988880/,0.0,0.8869469461599135,abstract logic funny relaxing interactivefiction puzzle adventure anime visualnovel 2d stylized crpg drama rpg freetoplay mystery singleplayer handdrawn multipleendings comedy detective strategy
Arcanbreak,2020-10-30,0.5557766305439302,0.0,0,https://shared.akamai.steamstatic.com/store_item_assets/steam/apps/1402400/header.jpg?t=1755762768,0,"Single-player,Steam Achievements,Steam Cloud",Adventure,"Investigation,Exploration,Point & Click,Stealth,2D,Story Rich,Detective,Lore-Rich,Pixel Graphics,Crime,Dark Fantasy,Fantasy,Magic,Atmospheric,Adventure,Singleplayer,Mystery,Short,Retro,Crafting",5.51,https://store.steampowered.com/app/1402400/,0.0,0.8869469461599135,fantasy pixelgraphics crime storyrich adventure singleplayer 2d lorerich short magic stealth exploration darkfantasy mystery pointandclick investigation atmospheric detective crafting retro
Colour Box,2018-03-09,0.4892366412165478,0.0,0,https://shared.akamai.steamstatic.com/store_item_assets/steam/apps/810690/header.jpg?t=1520607629,83,Single-player,Indie,"Indie,Puzzle",8.16,https://store.steampowered.com/app/810690/,0.0,0.8869469461599135,singleplayer indie puzzle
Cubiverse,2021-10-07,0.4892366412165478,0.0,0,https://shared.akamai.steamstatic.com/store_item_assets/steam/apps/1680310/header.jpg?t=1671908743,0,"Single-player,Steam Achievements,Steam Cloud","Casual,Indie","Relaxing,Casual,Space,Puzzle,Colorful,Nature,Family Friendly,Cute,Cartoony,3D,Indie,Stylized,Linear,Tutorial,Singleplayer",4.58,https://store.steampowered.com/app/1680310/,0.0,0.8869469461599135,casual singleplayer puzzle nature familyfriendly linear indie colorful cute relaxing cartoon space 3d tutorial stylized
Eye of the Owl - Bosch VR,2019-07-18,0.4892366412165478,0.0,0,https://shared.akamai.steamstatic.com/store_item_assets/steam/apps/420020/header.jpg?t=1563483048,0,"Single-player,Tracked Controller Support,VR Only",Simulation,"Simulation,VR",6.8,https://store.steampowered.com/app/420020/,0.0,0.8868579445677894,singleplayer vr simulation controller
VZX Player,2019-12-13,0.5557766305439302,0.0,5,https://shared.akamai.steamstatic.com/store_item_assets/steam/apps/981590/4278e13d975f762a688d153a52e603777d032d82/header.jpg?t=1762017156,116,"Full controller support,Steam Cloud",Utilities,"Utilities,Music,Music-Based Procedural Generation,Free to Play,Family Friendly,Singleplayer,Sci-fi,Software",6.4,https://store.steampowered.com/app/981590/,0.0,0.8867489183058869,utilities scifi controller familyfriendly singleplayer music musicbasedproceduralgeneration software freetoplay
Song of Farca: Prologue,2021-02-24,0.5962588843196084,0.0,0,https://shared.akamai.steamstatic.com/store_item_assets/steam/apps/1493020/header.jpg?t=1712145577,55,"Single-player,Steam Achievements,Steam Cloud","Adventure,Simulation","Simulation,Detective,Hacking,Cyberpunk,Investigation,Choices Matter,Character Action Game,Exploration,Management,2D,Adventure,Nudity,Atmospheric,Violent,Story Rich,Crime,Mystery,Emotional,Singleplayer,Female Protagonist",5.19,https://store.steampowered.com/app/1493020/,0.0,0.8867245021176541,femaleprotagonist simulation crime emotional nudity cyberpunk violent storyrich adventure singleplayer characteractiongame 2d hacking exploration mystery choicesmatter management investigation atmospheric detective
SLAYERS FOR HIRE,2020-03-20,0.4892366412165478,0.0,1,https://shared.akamai.steamstatic.com/store_item_assets/steam/apps/1070150/header.jpg?t=1761585062,191,"Multi-player,PvP,Online PvP,Shared/Split Screen PvP,Shared/Split Screen,Partial Controller Support,Remote Play Together","Action,Indie,Early Access","Indie,Action,Early Access,Fighting,2D Fighter,Free to Play,Competitive",6.13,https://store.steampowered.com/app/1070150/,0.0,0.8866980213252693,onlinepvp action multiplayer pvp remoteplaytogether fighting indie 2dfighter competitive earlyaccess controller freetoplay splitscreen sharedsplitscreenpvp
b 2,2020-05-15,0.5557766305439302,0.0,0,https://shared.akamai.steamstatic.com/store_item_assets/steam/apps/1293650/header.jpg?t=1667044144,0,"Multi-player,Partial Controller Support","Casual,Free To Play,Indie,Early Access","Free to Play,Casual,Indie,Psychological Horror,Early Access,Open World,Multiplayer,Sexual Content,Short,Cute,Female Protagonist,Nudity,Gore,Atmospheric,Cold War,World War II,Story Rich,Horror,Souls-like,Hentai",5.97,https://store.steampowered.com/app/1293650/,0.0,0.8866098588456196,casual femaleprotagonist controller multiplayer openworld nudity storyrich gore soulslike psychologicalhorror short indie earlyaccess coldwar freetoplay horror sexualcontent cute atmospheric worldwarii hentai
Fifo's Night,2020-10-29,0.4892366412165478,0.0,0,https://shared.akamai.steamstatic.com/store_item_assets/steam/apps/1191550/header.jpg?t=1714826526,0,"Single-player,Steam Achievements,Full controller support,Steam Workshop","Adventure,Casual,Indie","3D Platformer,PvE,Platformer,Casual,Action-Adventure,Funny,3D,Fantasy,Magic,Adventure,Singleplayer,Indie",5.52,https://store.steampowered.com/app/1191550/,0.0,0.8864966719312084,casual singleplayer pve 3dplatformer platformer fantasy controller adventure indie funny actionadventure 3d magic
Space Rescue,2022-06-19,0.4892366412165478,0.0,0,https://shared.akamai.steamstatic.com/store_item_assets/steam/apps/2018030/header.jpg?t=1655707870,0,"Single-player,Steam Achievements,Full controller support,Steam Cloud","Adventure,Casual,Free To Play,Indie","Exploration,Casual,Puzzle,Adventure,Action-Adventure,3D,Linear,Colorful,Atmospheric,Free to Play,Indie,Singleplayer",3.88,https://store.steampowered.com/app/2018030/,0.0,0.8863643633412209,casual singleplayer puzzle controller adventure linear indie colorful atmospheric actionadventure freetoplay 3d exploration
Danger Ducklings,2023-06-26,0.5557766305439302,0.0,0,https://shared.akamai.steamstatic.com/store_item_assets/steam/apps/1943890/header.jpg?t=1721749040,0,"Single-player,Steam Achievements,Full controller support","Casual,Indie,Free To Play","Free to Play,Puzzle,Singleplayer,2D,Difficult,Cute,Casual,Sokoban,Logic,Minimalist,Strategy,Short,Grid-Based Movement,Character Customization,Female Protagonist,Controller,Top-Down,Linear,Indie",2.86,https://store.steampowered.com/app/1943890/,0.0,0.8863643633412209,casual controller gridbasedmovement logic femaleprotagonist charactercustomization sokoban puzzle singleplayer minimalist 2d short linear indie freetoplay cute topdown strategy difficult
Priest With a Gun,2024-05-16,0.4892366412165478,0.0,0,https://shared.akamai.steamstatic.com/store_item_assets/steam/apps/2967190/5af9ef07e5e31de479801fff19b7fda4c47ea273/header.jpg?t=1747378347,0,"Single-player,Steam Achievements,Full controller support","Action,Free To Play","Action,Rogue-like,Shooter,Top-Down Shooter,2D,Pixel Graphics,Hand-drawn,Top-Down,Free to Play,Demons,Faith,Funny,PvE,Singleplayer",1.97,https://store.steampowered.com/app/2967190/,0.0,0.8863643633412209,singleplayer pve controller action roguelike pixelgraphics demons shooter handdrawn funny faith 2d topdown freetoplay topdownshooter
Doodler,2016-07-15,0.4892366412165478,0.0,0,https://shared.akamai.steamstatic.com/store_item_assets/steam/apps/479310/header.jpg?t=1695002031,28,"Single-player,Steam Achievements,Full controller support,Steam Workshop,Includes level editor","Casual,Indie","Indie,Casual,Puzzle-Platformer,Platformer,2D,Family Friendly,Free to Play",9.81,https://store.steampowered.com/app/479310/,0.0,0.8863639310842788,casual singleplayer platformer controller includesleveleditor familyfriendly indie 2d puzzleplatformer freetoplay
Lie In My Heart,2019-10-03,0.4892366412165478,0.0,0,https://shared.akamai.steamstatic.com/store_item_assets/steam/apps/1116490/header.jpg?t=1649683503,0,"Single-player,Steam Achievements","Adventure,Casual,Indie","Indie,Adventure,Casual,Visual Novel",6.59,https://store.steampowered.com/app/1116490/,0.0,0.8863639310842788,casual singleplayer adventure indie visualnovel
Layover Lovers,2023-10-17,0.4892366412165478,0.0,1,https://shared.akamai.steamstatic.com/store_item_assets/steam/apps/2618830/header.jpg?t=1729273933,0,"Single-player,Steam Achievements,Steam Cloud","Casual,Indie","Casual,Visual Novel,Anime,Romance,Story Rich,Singleplayer,Indie,Free to Play",2.55,https://store.steampowered.com/app/2618830/,0.0,0.8863639310842788,storyrich casual singleplayer indie anime romance visualnovel freetoplay
Descent: Road to Legend,2016-06-01,0.6330768564718121,0.0,2,https://shared.akamai.steamstatic.com/store_item_assets/steam/apps/477200/header.jpg?t=1573493919,249,"Single-player,Multi-player,Co-op,Shared/Split Screen,In-App Purchases,Steam Cloud,Remote Play Together","Adventure,RPG","RPG,Adventure,Board Game,Co-op,Tabletop,Free to Play",9.93,https://store.steampowered.com/app/477200/,0.0,0.8863636934561169,tabletop singleplayer multiplayer remoteplaytogether adventure boardgame rpg inapppurchases coop splitscreen freetoplay
McOsu,2017-03-20,0.755384370197392,0.0,3,https://shared.akamai.steamstatic.com/store_item_assets/steam/apps/607260/header.jpg?t=1746483689,44,"Single-player,Tracked Controller Support,VR Supported,Steam Workshop",Indie,"Rhythm,Free to Play,Anime,Music,VR,Indie,Difficult,Great Soundtrack,Psychological Horror,Singleplayer,Multiplayer,2D,FPS,Horror,Sexual Content",9.13,https://store.steampowered.com/app/607260/,0.0,0.8862388454296247,vr controller multiplayer greatsoundtrack singleplayer anime 2d psychologicalhorror fps indie music rhythm freetoplay horror sexualcontent difficult
BLEACH Brave Souls,2020-08-17,0.755384370197392,0.0,0,https://shared.akamai.steamstatic.com/store_item_assets/steam/apps/1201240/336f91c739eade3980dfc706b887dfc6b3c72dff/header.jpg?t=1765787727,334,"Single-player,Multi-player,Co-op,Online Co-op,Cross-Platform Multiplayer,In-App Purchases,Partial Controller Support","Action,Casual,RPG,Free To Play","Free to Play,Anime,RPG,Multiplayer,Action,Action RPG,Singleplayer,JRPG,Online Co-Op,Co-op,PvP,Hack and Slash,Casual,Modern,Sci-fi,Story Rich,Open World,Great Soundtrack,Mod,MMORPG",5.72,https://store.steampowered.com/app/1201240/,0.0,0.8860979674459875,casual modern pvp inapppurchases jrpg controller multiplayer openworld storyrich greatsoundtrack singleplayer anime mod actionrpg action rpg coop freetoplay scifi mmorpg crossplatformmultiplayer hackandslash
Eremidia - Archivist's Curse,2022-08-15,0.5962588843196084,0.0,0,https://shared.akamai.steamstatic.com/store_item_assets/steam/apps/2077550/header.jpg?t=1675331264,0,"Single-player,Partial Controller Support,Steam Cloud","Adventure,Free To Play,RPG","RPG,Adventure,RPGMaker,Anime,Dungeon Crawler,Party-Based RPG,JRPG,Turn-Based Strategy,Exploration,2D,Pixel Graphics,Fantasy,Magic,Combat,Singleplayer,Cute,Free to Play,Dark,Turn-Based Combat",3.72,https://store.steampowered.com/app/2077550/,0.0,0.886014321542102,fantasy pixelgraphics jrpg controller combat turnbasedcombat adventure singleplayer anime rpgmaker 2d rpg turnbasedstrategy dark freetoplay magic exploration partybasedrpg cute dungeoncrawler
King of the Cul-De-Sac,2020-09-23,0.5557766305439302,0.0,0,https://shared.akamai.steamstatic.com/store_item_assets/steam/apps/1064030/header.jpg?t=1759506116,0,"Single-player,Partial Controller Support","Casual,Indie,Free To Play","Visual Novel,Comic Book,Choose Your Own Adventure,Point & Click,Casual,Free to Play,Female Protagonist,2D,Funny,Story Rich,Choices Matter,Multiple Endings,Puzzle,Cartoony,Singleplayer,Indie,Interactive Fiction,RPG,Minigames,Fighting",5.62,https://store.steampowered.com/app/1064030/,0.0,0.886014321542102,casual funny femaleprotagonist controller storyrich interactivefiction puzzle singleplayer visualnovel cartoon 2d chooseyourownadventure indie rpg minigames freetoplay fighting pointandclick choicesmatter multipleendings comicbook
Emily is Away,2015-11-20,0.755384370197392,0.0,0,https://shared.akamai.steamstatic.com/store_item_assets/steam/apps/417860/header.jpg?t=1619107266,50,"Single-player,Steam Achievements,Steam Trading Cards","Adventure,Casual,Free To Play,Indie,Simulation","Free to Play,Story Rich,Singleplayer,Choices Matter,Indie,Interactive Fiction,Simulation,Retro,Casual,Choose Your Own Adventure,Visual Novel,Romance,Pixel Graphics,Dating Sim,Short,Text-Based,Adventure,2D,Funny,Illuminati",10.46,https://store.steampowered.com/app/417860/,0.0,0.8859226696831094,casual pixelgraphics romance funny simulation storyrich interactivefiction adventure singleplayer visualnovel 2d textbased datingsim chooseyourownadventure short indie freetoplay illuminati choicesmatter retro
RPG Sounds,2021-01-27,0.5962588843196084,0.0,35,https://shared.akamai.steamstatic.com/store_item_assets/steam/apps/1480140/header.jpg?t=1642614930,0,,"Audio Production,Utilities","Utilities,Audio Production,Music-Based Procedural Generation,Dungeons & Dragons,Music,Soundtrack,Ambient",5.27,https://store.steampowered.com/app/1480140/,0.0,0.8858587474091603,utilities dungeonsanddragons musicbasedproceduralgeneration music soundtrack ambient audioproduction
Perdition,2019-08-21,0.5557766305439302,0.0,0,https://shared.akamai.steamstatic.com/store_item_assets/steam/apps/1137910/header.jpg?t=1670244885,0,Single-player,"Action,Adventure,Free To Play,Indie,Simulation","Exploration,FPS,Survival,Robots,Shooter,Simulation,Action-Adventure,Adventure,First-Person,Horror,Funny,Action,Anime,Free to Play,Indie,Multiplayer,Singleplayer,Fast-Paced,Remake,Short",6.71,https://store.steampowered.com/app/1137910/,0.0,0.8858094190255446,funny actionadventure simulation multiplayer adventure singleplayer anime survival short fps action indie shooter freetoplay remake exploration horror fastpaced firstperson robots
Cards & Tankards,2023-05-25,0.6330768564718121,0.0,0,https://shared.akamai.steamstatic.com/store_item_assets/steam/apps/1506850/52bca4b3242d62405fd25153ebfaa386247935eb/header.jpg?t=1743076215,318,"Single-player,Multi-player,PvP,Online PvP,Cross-Platform Multiplayer,Tracked Controller Support,VR Supported,In-App Purchases","Casual,Indie,Strategy,Free To Play","Card Game,Card Battler,PvP,Deckbuilding,Strategy,Turn-Based,VR,Tabletop,Turn-Based Strategy,RPG,Casual,Stylized,Family Friendly,Fantasy,Medieval,Multiplayer,Singleplayer,Immersive,Free to Play,Replay Value",2.95,https://store.steampowered.com/app/1506850/,0.0,0.885768977133375,casual vr fantasy turnbased pvp deckbuilding inapppurchases controller medieval multiplayer tabletop familyfriendly replayvalue singleplayer cardgame stylized immersive indie rpg turnbasedstrategy freetoplay onlinepvp crossplatformmultiplayer strategy cardbattler
DayZ Tools,2018-11-07,0.6330768564718121,0.0,0,https://shared.akamai.steamstatic.com/store_item_assets/steam/apps/830640/header.jpg?t=1726044608,0,Family Sharing,,Survival,7.49,https://store.steampowered.com/app/830640/,0.0,0.8856872943459424,survival
Lurk in the Dark : Prologue,2019-11-08,0.6780830971139326,0.0,1,https://shared.akamai.steamstatic.com/store_item_assets/steam/apps/1094030/header.jpg?t=1679572226,0,"Single-player,Steam Achievements","Action,Free To Play,Indie","Horror,Free to Play,Multiplayer,Singleplayer,Indie,Dark,First-Person,Action,Story Rich,Mystery,Nudity,Co-op,Psychological Horror,Sexual Content,Hentai,Funny,Adventure,FPS,Online Co-Op",6.49,https://store.steampowered.com/app/1094030/,0.0,0.8856021382256898,funny multiplayer nudity storyrich adventure singleplayer psychologicalhorror fps action indie coop dark freetoplay horror mystery firstperson sexualcontent hentai
Plasma,2023-09-13,0.5962588843196084,0.0,0,https://shared.akamai.steamstatic.com/store_item_assets/steam/apps/1409160/header.jpg?t=1717364615,56,"Single-player,Steam Workshop","Indie,Simulation,Free To Play","Simulation,Sandbox,3D,Exploration,Choose Your Own Adventure,Building,First-Person,Programming,Automation,Stylized,Logic,Robots,Game Development,Sci-fi,Crafting,Base-Building,Open World,Physics,Singleplayer,Free to Play",2.64,https://store.steampowered.com/app/1409160/,0.0,0.8855764591064096,logic programming building simulation openworld singleplayer gamedevelopment stylized chooseyourownadventure physics indie sandbox 3d freetoplay exploration basebuilding scifi firstperson automation crafting robots
Crypto Miner Tycoon Simulator Starter Edition,2023-04-24,0.6330768564718121,0.0,0,https://shared.akamai.steamstatic.com/store_item_assets/steam/apps/2304990/header.jpg?t=1730796355,101,Single-player,Simulation,"Simulation,Free to Play,Management,Economy,Sandbox,Building,Singleplayer,Mining,Software,Automation,Realistic,Multiplayer,Trading,Inventory Management,Hardware,Isometric,Villain Protagonist,Pixel Graphics",3.03,https://store.steampowered.com/app/2304990/,0.0,0.885575120200645,pixelgraphics building simulation multiplayer mining hardware singleplayer realistic trading economy isometric sandbox freetoplay villainprotagonist management inventorymanagement automation software
Neglected,2020-05-13,0.5557766305439302,0.0,2,https://shared.akamai.steamstatic.com/store_item_assets/steam/apps/1300360/header.jpg?t=1708673489,0,"Single-player,Partial Controller Support","Adventure,Casual,Indie,RPG,Free To Play","Free to Play,RPG,Casual,Adventure,Indie,Cute,Singleplayer,Sexual Content",5.98,https://store.steampowered.com/app/1300360/,0.0,0.8853306335864561,casual singleplayer adventure indie rpg sexualcontent cute controller freetoplay
Superstorm Melon Date,2021-01-20,0.5557766305439302,0.0,0,https://shared.akamai.steamstatic.com/store_item_assets/steam/apps/1509830/header.jpg?t=1611191748,0,"Single-player,Full controller support","Casual,Free To Play,Indie","Romance,Visual Novel,Dystopian,Choices Matter,Conversation,Dating Sim,Multiple Endings,Hand-drawn,Sci-fi,Cute,Choose Your Own Adventure,Interactive Fiction,Simulation,Indie,Free to Play,Casual,Singleplayer",5.29,https://store.steampowered.com/app/1509830/,0.0,0.8852552548809345,casual controller romance simulation interactivefiction singleplayer conversation visualnovel datingsim chooseyourownadventure dystopian indie freetoplay choicesmatter scifi multipleendings handdrawn cute
Run Zeus Run,2017-10-11,0.5962588843196084,0.0,0,https://shared.akamai.steamstatic.com/store_item_assets/steam/apps/715510/header.jpg?t=1517521693,30,"Single-player,Steam Achievements,Stats,Steam Leaderboards","Adventure,Casual,Free To Play,Indie","Casual,Indie,Adventure,Free to Play,Action,Arcade,Anime,Runner",8.57,https://store.steampowered.com/app/715510/,0.0,0.8851445120837022,runner casual singleplayer action adventure indie stats anime arcade freetoplay
Cry of Fear,2013-04-25,0.8408738480320119,0.0,0,https://shared.akamai.steamstatic.com/store_item_assets/steam/apps/223710/header.jpg?t=1643567513,65,"Single-player,Multi-player,Co-op,Steam Cloud,Valve Anti-Cheat enabled","Action,Adventure,Indie","Horror,Free to Play,Multiplayer,Psychological Horror,Survival Horror,Co-op,Atmospheric,Action,First-Person,Psychological,Indie,Online Co-Op,Singleplayer,FPS,Adventure,Zombies,Shooter,Survival,Mod,Massively Multiplayer",13.03,https://store.steampowered.com/app/223710/,0.0,0.8849773692252937,massivelymultiplayer multiplayer survivalhorror adventure singleplayer psychological mod survival psychologicalhorror zombies fps action indie shooter coop freetoplay horror firstperson atmospheric
You Have 10 Seconds,2016-08-02,0.6330768564718121,0.0,0,https://shared.akamai.steamstatic.com/store_item_assets/steam/apps/510050/header.jpg?t=1471349555,24,"Single-player,Partial Controller Support","Free To Play,Indie","Precision Platformer,Free to Play,Indie,Platformer,Difficult,2D,Singleplayer,Great Soundtrack,Pixel Graphics,Funny,Casual,Short,Fast-Paced",9.76,https://store.steampowered.com/app/510050/,0.0,0.8849410811477173,singleplayer platformer casual short greatsoundtrack fastpaced pixelgraphics indie funny precisionplatformer controller 2d freetoplay difficult
Kitchen Chaos - Learn Game Development,2023-01-30,0.4892366412165478,0.0,0,https://shared.akamai.steamstatic.com/store_item_assets/steam/apps/2275820/header.jpg?t=1725190944,0,"Single-player,Multi-player,Co-op,Online Co-op,Cross-Platform Multiplayer,Full controller support","Action,Casual,Strategy","Action,Casual,Strategy,3D,Colorful,Top-Down,Comedy,Education,Family Friendly,Funny,Controller,PvE,Score Attack,Co-op,Multiplayer,Online Co-Op,Singleplayer,4 Player Local",3.26,https://store.steampowered.com/app/2275820/,0.0,0.88491342340929,casual controller funny multiplayer education pve familyfriendly singleplayer colorful scoreattack 4playerlocal action coop 3d crossplatformmultiplayer comedy topdown strategy
Dimensional Rift,2017-02-08,0.4892366412165478,0.0,0,https://shared.akamai.steamstatic.com/store_item_assets/steam/apps/580630/header.jpg?t=1491386399,8,"Single-player,Tracked Controller Support,VR Only,Steam Leaderboards","Free To Play,Indie","Free to Play,Indie,VR,Arcade",9.24,https://store.steampowered.com/app/580630/,0.0,0.88491342340929,singleplayer controller indie vr arcade freetoplay
Rhome,2020-02-21,0.5557766305439302,0.0,0,https://shared.akamai.steamstatic.com/store_item_assets/steam/apps/1062060/header.jpg?t=1709310268,0,"Single-player,Full controller support","Adventure,Casual,Free To Play,Indie","Adventure,Indie,Casual,Free to Play,Horror,Multiplayer,Psychological Horror,Dark,Surreal,Psychological,Short,Experience,Atmospheric,Exploration,First-Person,Walking Simulator,Female Protagonist",6.2,https://store.steampowered.com/app/1062060/,0.0,0.8848443804914551,casual walkingsimulator controller surreal femaleprotagonist multiplayer adventure experience psychological psychologicalhorror short indie dark freetoplay exploration horror singleplayer firstperson atmospheric
Star Shift Origins,2021-11-08,0.6780830971139326,0.0,1,https://shared.akamai.steamstatic.com/store_item_assets/steam/apps/1706310/header.jpg?t=1758371193,0,"Single-player,Partial Controller Support","Indie,RPG,Strategy","RPG,Sci-fi,Strategy,Space,Futuristic,JRPG,Tactical RPG,Strategy RPG,Story Rich,Aliens,Time Travel,2D,Exploration,Turn-Based Tactics,Conspiracy,Cyberpunk,Colorful,Pixel Graphics,Alternate History,Singleplayer",4.49,https://store.steampowered.com/app/1706310/,0.0,0.8848072726059812,timetravel pixelgraphics turnbasedtactics jrpg controller storyrich cyberpunk singleplayer colorful conspiracy 2d tacticalrpg aliens strategyrpg indie rpg futuristic exploration scifi space strategy alternatehistory
Vidiot Game,2020-08-14,0.4892366412165478,0.0,0,https://shared.akamai.steamstatic.com/store_item_assets/steam/apps/1366720/header.jpg?t=1597599549,0,"Single-player,Steam Achievements,Full controller support","Casual,Free To Play,Indie","Casual,Experimental,Comedy,2D,Life Sim,Psychedelic,Abstract,Free to Play,Cartoon,Conspiracy,Indie,Nonlinear,Hacking,Singleplayer",5.72,https://store.steampowered.com/app/1366720/,0.0,0.8845042313647119,casual singleplayer cartoon controller abstract indie psychedelic nonlinear comedy experimental 2d freetoplay conspiracy hacking lifesim
Fallout Shelter,2017-03-29,0.8003907929561015,0.0,0,https://shared.akamai.steamstatic.com/store_item_assets/steam/apps/588430/81036da5e622f64ccfecf825ce1378b0a5f98677/header.jpg?t=1765992600,237,"Single-player,Steam Achievements,Full controller support,In-App Purchases,Playable without Timed Input,Stereo Sound,Steam Cloud,Stats","RPG,Simulation,Free To Play","Free to Play,Base-Building,Survival,Post-apocalyptic,Singleplayer,Management,Simulation,Strategy,2D,Building,Casual,Crafting,Adventure,Multiplayer,Sandbox,RPG,Funny,Atmospheric,Action,Great Soundtrack",9.1,https://store.steampowered.com/app/588430/,0.0,0.8844347717534112,casual playablewithouttimedinput controller funny inapppurchases building simulation postapocalyptic multiplayer greatsoundtrack adventure singleplayer 2d survival action stereosound rpg stats sandbox freetoplay basebuilding management atmospheric crafting strategy
Toribash,2014-05-16,0.8003907929561015,0.0,0,https://shared.akamai.steamstatic.com/store_item_assets/steam/apps/248570/header.jpg?t=1727332328,93,"Single-player,Multi-player,PvP,Online PvP,Cross-Platform Multiplayer,Steam Achievements,Steam Trading Cards,In-App Purchases,Steam Cloud,Includes level editor","Action,Indie,Strategy,Free To Play","Free to Play,3D Fighter,Fighting,Physics,Multiplayer,Gore,Action,Strategy,Turn-Based,Martial Arts,Funny,Indie,Blood,Simulation,Sandbox,Moddable,Difficult,Parkour,Singleplayer,Turn-Based Strategy",11.97,https://store.steampowered.com/app/248570/,0.0,0.8844159743207801,turnbased pvp funny inapppurchases simulation multiplayer includesleveleditor singleplayer gore parkour action physics indie sandbox 3dfighter turnbasedstrategy freetoplay fighting blood moddable onlinepvp crossplatformmultiplayer martialarts strategy difficult
Mrs. Santa's Gift Hunt,2020-11-30,0.4892366412165478,0.0,3,https://shared.akamai.steamstatic.com/store_item_assets/steam/apps/1473660/header.jpg?t=1738100603,0,"Single-player,Steam Achievements,Full controller support,Steam Cloud","Action,Adventure,Casual,Indie,RPG,Free To Play","Exploration,Collectathon,JRPG,Action-Adventure,Female Protagonist,2D,Funny,Turn-Based Combat,Multiple Endings,Action,Anime,Colorful,Pixel Graphics,Fantasy,Magic,Family Friendly,Atmospheric,Singleplayer,RPGMaker,Free to Play",5.43,https://store.steampowered.com/app/1473660/,0.0,0.8842332953161973,casual fantasy controller pixelgraphics funny femaleprotagonist jrpg actionadventure turnbasedcombat familyfriendly adventure singleplayer anime colorful rpgmaker 2d action indie rpg collectathon freetoplay magic exploration multipleendings atmospheric
Substance Designer 2019,2018-11-20,0.4892366412165478,0.0,0,https://shared.akamai.steamstatic.com/store_item_assets/steam/apps/978690/header.jpg?t=1646675769,0,,"Animation & Modeling,Design & Illustration","Design & Illustration,Animation & Modeling",7.46,https://store.steampowered.com/app/978690/,0.0,0.8842332953161973,designandillustration animationandmodeling
Towards The Pantheon: Escaping Eternity,2017-10-25,0.4892366412165478,0.0,0,https://shared.akamai.steamstatic.com/store_item_assets/steam/apps/709450/header.jpg?t=1508960752,21,"Single-player,Partial Controller Support","Adventure,Casual,Free To Play,Indie,RPG","Free to Play,Adventure,RPG,Indie,Casual,Horror,Pixel Graphics,RPGMaker",8.53,https://store.steampowered.com/app/709450/,0.0,0.8841423375957641,casual singleplayer pixelgraphics adventure indie rpg rpgmaker controller freetoplay horror
Totally Accurate Battlegrounds,2018-06-05,0.8003907929561015,0.0,0,https://shared.akamai.steamstatic.com/store_item_assets/steam/apps/823130/header.jpg?t=1736758204,66,"Multi-player,PvP,Online PvP,In-App Purchases","Action,Indie,Free To Play","Multiplayer,Physics,Character Customization,Indie,Massively Multiplayer,Family Friendly,Simulation,Strategy,Battle Royale,FPS,Shooter,Memes,Action,PvP,Sandbox,Co-op,Survival,Open World,Team-Based,Parody",7.92,https://store.steampowered.com/app/823130/,0.0,0.8839746599122057,pvp inapppurchases simulation massivelymultiplayer charactercustomization multiplayer openworld familyfriendly survival fps action physics indie teambased shooter sandbox battleroyale freetoplay memes onlinepvp parody coop strategy
Astrohazard Solutions Ltd.,2017-12-11,0.4892366412165478,0.0,0,https://shared.akamai.steamstatic.com/store_item_assets/steam/apps/751260/header.jpg?t=1549035393,0,"Single-player,Steam Achievements,Steam Cloud,Steam Leaderboards","Action,Adventure,Indie","Action,Adventure,Indie,Story Rich,2D,Sci-fi",8.4,https://store.steampowered.com/app/751260/,0.0,0.8839718657957008,storyrich singleplayer scifi action adventure indie 2d
The Summit Library,2024-01-09,0.4892366412165478,0.0,0,https://shared.akamai.steamstatic.com/store_item_assets/steam/apps/2604300/header.jpg?t=1741359143,0,Single-player,"Indie,Simulation","Visual Novel,Simulation,Dating Sim,Fantasy,LGBTQ+,Otome,Romance,Choices Matter,Multiple Endings,Character Customization,Story Rich,Indie,Lore-Rich,Interactive Fiction,Hand-drawn,Magic,Singleplayer,Free to Play",2.32,https://store.steampowered.com/app/2604300/,0.0,0.8839718657957008,fantasy romance otome simulation charactercustomization storyrich interactivefiction singleplayer visualnovel lorerich datingsim indie freetoplay magic lgbtq+ choicesmatter multipleendings handdrawn
The Adventures of Nick & Willikins,2018-03-06,0.5557766305439302,0.0,0,https://shared.akamai.steamstatic.com/store_item_assets/steam/apps/789540/header.jpg?t=1520367755,0,Single-player,"Adventure,Casual,Free To Play,Indie","Free to Play,Adventure,Casual,Indie,Point & Click,Funny",8.17,https://store.steampowered.com/app/789540/,0.0,0.8839395393349109,casual singleplayer pointandclick adventure indie funny freetoplay
Wequer,2019-04-23,0.4892366412165478,0.0,0,https://shared.akamai.steamstatic.com/store_item_assets/steam/apps/781990/header.jpg?t=1754013790,0,"Single-player,Multi-player,PvP,Online PvP,Steam Achievements,Stats,Steam Leaderboards","Indie,Strategy,Free To Play","Free to Play,Strategy,Indie,Pixel Graphics",7.04,https://store.steampowered.com/app/781990/,0.0,0.8838386530893411,singleplayer onlinepvp pixelgraphics multiplayer pvp indie stats freetoplay strategy
"Kid,napper: Gosh, I'm Kidnapped by a Pupil",2018-05-31,0.6780830971139326,0.0,1,https://shared.akamai.steamstatic.com/store_item_assets/steam/apps/862690/header.jpg?t=1622124498,40,"Single-player,Steam Achievements,Full controller support,Steam Cloud,Remote Play on Phone,Remote Play on Tablet","Adventure,Casual,Free To Play,Indie","Visual Novel,Cute,Casual,Horror,Detective,Anime,Free to Play,Psychological Horror,Story Rich,Choices Matter,Thriller,Dark,Singleplayer,Adventure,Sexual Content,Mature,Indie,Violent,Nudity,Word Game",7.93,https://store.steampowered.com/app/862690/,0.0,0.8836227415172012,casual controller remoteplayonphone wordgame nudity storyrich violent adventure singleplayer remoteplayontablet anime visualnovel psychologicalhorror mature indie dark thriller freetoplay horror choicesmatter sexualcontent cute detective
Teeworlds,2015-08-24,0.755384370197392,0.0,0,https://shared.akamai.steamstatic.com/store_item_assets/steam/apps/380840/header.jpg?t=1578354106,38,"Multi-player,PvP,Online PvP,Cross-Platform Multiplayer,Includes level editor","Action,Free To Play,Indie","Free to Play,Multiplayer,2D,Action,Platformer,Shooter,Indie,Side Scroller,Co-op,Arena Shooter,Funny,Level Editor,Massively Multiplayer,PvP,Cute,Online Co-Op,Adventure,Team-Based,Strategy,Controller",10.7,https://store.steampowered.com/app/380840/,0.0,0.8835480107004875,pvp funny massivelymultiplayer multiplayer includesleveleditor adventure 2d arenashooter action sidescroller indie teambased shooter coop freetoplay platformer leveleditor onlinepvp cute crossplatformmultiplayer controller strategy
Vespa's Test,2022-08-02,0.4892366412165478,0.0,1,https://shared.akamai.steamstatic.com/store_item_assets/steam/apps/2077430/header.jpg?t=1659491310,0,"Single-player,Full controller support","Casual,Indie,Simulation","Casual,Relaxing,Choices Matter,Atmospheric,Simulation,Multiple Endings,Interactive Fiction,2D,Retro,Visual Novel,Choose Your Own Adventure,Colorful,Indie,Pixel Graphics,Mystery,Singleplayer,Story Rich",3.76,https://store.steampowered.com/app/2077430/,0.0,0.8834714709133933,casual controller pixelgraphics relaxing simulation interactivefiction storyrich singleplayer colorful visualnovel 2d chooseyourownadventure indie mystery choicesmatter multipleendings atmospheric retro
Warlock Bentspine - Toilet Edition,2020-10-28,0.4892366412165478,0.0,0,https://shared.akamai.steamstatic.com/store_item_assets/steam/apps/1448940/header.jpg?t=1709634924,0,"Single-player,Full controller support","Action,Free To Play,Indie","Action,2D Platformer,Casual,Colorful,Nonlinear,Retro,Nostalgia,Old School,Pixel Graphics,Free to Play,Indie,2D,Platformer,Singleplayer",5.52,https://store.steampowered.com/app/1448940/,0.0,0.8834714709133933,singleplayer casual platformer oldschool controller action pixelgraphics indie 2dplatformer colorful nonlinear nostalgia 2d freetoplay retro
Ace Squared,2024-12-02,0.5557766305439302,0.0,1,https://shared.akamai.steamstatic.com/store_item_assets/steam/apps/3151710/header.jpg?t=1764601802,0,"Multi-player,PvP,Online PvP,Cross-Platform Multiplayer","Action,Casual,Indie,Free To Play,Early Access","Action,Multiplayer,Arena Shooter,FPS,Building,Voxel,Casual,Class-Based,Destruction,First-Person,Zombies,Moddable,3D,Character Customization,Shooter,PvP,Co-op,Online Co-Op,Early Access,Indie",1.42,https://store.steampowered.com/app/3151710/,0.0,0.8832646280320957,casual pvp building multiplayer charactercustomization voxel classbased destruction arenashooter zombies fps action indie shooter coop earlyaccess 3d freetoplay moddable onlinepvp firstperson crossplatformmultiplayer
Hello Guest: Hello Neighbor 2 pre-alpha,2020-12-22,0.4892366412165478,0.0,0,https://shared.akamai.steamstatic.com/store_item_assets/steam/apps/1504150/header.jpg?t=1726673949,398,Single-player,"Adventure,Indie,Strategy","Adventure,Strategy,Puzzle,Horror,Stealth,Action-Adventure,Survival Horror,3D,Colorful,First-Person,Family Friendly,Atmospheric,Funny,Psychological Horror,Thriller,Multiple Endings,Singleplayer,Multiplayer,Physics,Indie",5.37,https://store.steampowered.com/app/1504150/,0.0,0.8828774792038887,funny actionadventure multiplayer puzzle survivalhorror familyfriendly adventure singleplayer colorful psychologicalhorror physics indie thriller 3d stealth horror firstperson multipleendings atmospheric strategy
Octopus Bar,2017-09-22,0.5962588843196084,0.0,0,https://shared.akamai.steamstatic.com/store_item_assets/steam/apps/708680/header.jpg?t=1508520937,118,"Single-player,Steam Achievements,Tracked Controller Support,VR Only","Action,Adventure,Casual,Free To Play,Indie,Early Access","Free to Play,Indie,Action,Casual,Adventure,Early Access,VR",8.62,https://store.steampowered.com/app/708680/,0.0,0.8827923635731187,casual singleplayer controller action adventure indie vr earlyaccess freetoplay
Chaos,2020-04-28,0.6780830971139326,0.0,0,https://shared.akamai.steamstatic.com/store_item_assets/steam/apps/1230410/header.jpg?t=1613643100,0,"Multi-player,PvP,Online PvP,Partial Controller Support,Steam Cloud","Action,Casual,Free To Play,Indie","Action,Indie,Free to Play,FPS,Multiplayer,Casual,Shooter,Parkour,Fast-Paced,Destruction,PvP,Robots,Platformer,VR,Stylized,Arena Shooter,Physics,Psychological Horror,Sexual Content,Singleplayer",6.02,https://store.steampowered.com/app/1230410/,0.0,0.8827652062452026,casual pvp controller multiplayer destruction singleplayer vr arenashooter parkour stylized psychologicalhorror fps action physics indie shooter freetoplay platformer fastpaced onlinepvp sexualcontent robots
Oakrot - it's literally a book,2021-03-05,0.4892366412165478,0.0,0,https://shared.akamai.steamstatic.com/store_item_assets/steam/apps/1550660/header.jpg?t=1614967017,0,Single-player,"Casual,Indie,Simulation","Casual,Simulation,Design & Illustration,Visual Novel,3D,Cartoony,First-Person,Minimalist,Stylized,Text-Based,Indie,Emotional,Fantasy,Relaxing,Story Rich,Singleplayer,Free to Play",5.17,https://store.steampowered.com/app/1550660/,0.0,0.8824458931116079,storyrich casual singleplayer fantasy firstperson indie minimalist designandillustration relaxing visualnovel cartoon simulation textbased 3d emotional stylized freetoplay
Battle Strike World War,2021-12-22,0.4892366412165478,0.0,0,https://shared.akamai.steamstatic.com/store_item_assets/steam/apps/1475780/header.jpg?t=1640258170,0,"Single-player,Multi-player,PvP,Online PvP,Co-op,Online Co-op,Cross-Platform Multiplayer,Steam Achievements","Action,Adventure,Indie,Massively Multiplayer,Strategy","Action,Fighting,Platformer,2D Fighter,2D Platformer,Massively Multiplayer,2D,FPS,Survival,War,PvP,Indie,Bullet Time,Adventure,Strategy,Character Customization,Multiplayer,Singleplayer",4.37,https://store.steampowered.com/app/1475780/,0.0,0.8824458931116079,war pvp massivelymultiplayer charactercustomization multiplayer adventure singleplayer 2d survival fps action indie 2dplatformer coop fighting bullettime platformer onlinepvp 2dfighter crossplatformmultiplayer strategy
Greenland Melting,2019-03-18,0.4892366412165478,0.0,0,https://shared.akamai.steamstatic.com/store_item_assets/steam/apps/1012510/header.jpg?t=1552934443,0,VR Only,Education,"Education,VR",7.13,https://store.steampowered.com/app/1012510/,0.0,0.8824458931116079,vr education
StretchBot,2020-02-05,0.4892366412165478,0.0,1,https://shared.akamai.steamstatic.com/store_item_assets/steam/apps/1202610/header.jpg?t=1709054126,0,"Single-player,Steam Achievements,Full controller support,Steam Cloud","Action,Adventure,Casual,Indie,Free To Play","Indie,Action,Casual,Adventure,Free to Play,Platformer,Retro,2D",6.25,https://store.steampowered.com/app/1202610/,0.0,0.8824458931116079,casual singleplayer platformer controller action adventure indie retro 2d freetoplay
Cursed Crops,2022-10-03,0.4892366412165478,0.0,0,https://shared.akamai.steamstatic.com/store_item_assets/steam/apps/2113630/header.jpg?t=1666983589,0,"Single-player,Multi-player,Co-op,Shared/Split Screen Co-op,Shared/Split Screen,Full controller support,Remote Play Together","Action,Free To Play,Indie,Strategy","Action,Strategy,Tower Defense,2.5D,2D,3D,Agriculture,Comedy,Conspiracy,Funny,Combat,Hack and Slash,Resource Management,Team-Based,4 Player Local,Co-op,Local Co-Op,Multiplayer,Singleplayer,Free to Play",3.59,https://store.steampowered.com/app/2113630/,0.0,0.882411541309492,sharedsplitscreencoop controller funny multiplayer strategy combat remoteplaytogether singleplayer conspiracy 2d 4playerlocal coop action resourcemanagement indie teambased 3d freetoplay splitscreen towerdefense 2.5d comedy agriculture hackandslash
UNTITLED,2017-06-02,0.4892366412165478,0.0,0,https://shared.akamai.steamstatic.com/store_item_assets/steam/apps/639770/header.jpg?t=1699294047,0,"Single-player,Steam Achievements,Tracked Controller Support,VR Only,Steam Trading Cards",Indie,"Indie,VR,Puzzle,Physics,Minimalist,Casual,Abstract",8.93,https://store.steampowered.com/app/639770/,0.0,0.8823957285751846,singleplayer casual puzzle physics abstract indie vr minimalist controller
Azure,2020-05-25,0.4892366412165478,0.0,0,https://shared.akamai.steamstatic.com/store_item_assets/steam/apps/1283590/header.jpg?t=1590730662,0,Single-player,"Action,Free To Play,Indie,RPG","Free to Play,Indie,Action,RPG,Platformer,2D Platformer",5.95,https://store.steampowered.com/app/1283590/,0.0,0.8823866362529579,singleplayer platformer action indie rpg 2dplatformer freetoplay
LandTraveller,2017-06-09,0.5557766305439302,0.0,0,https://shared.akamai.steamstatic.com/store_item_assets/steam/apps/522130/header.jpg?t=1678571963,9,"Single-player,Multi-player,Cross-Platform Multiplayer,Steam Achievements,Steam Trading Cards,Steam Workshop,Partial Controller Support","Indie,RPG,Early Access","Pixel Graphics,Cute,Crafting,Top-Down,Action RPG,Indie,JRPG,Early Access,Character Customization,Building,Exploration,Sandbox,Fantasy,Procedural Generation,Mining,Sci-fi,CRPG,Singleplayer,Multiplayer,RPG",8.91,https://store.steampowered.com/app/522130/,0.0,0.8823866362529579,fantasy pixelgraphics building jrpg controller charactercustomization multiplayer mining singleplayer proceduralgeneration actionrpg crpg indie rpg sandbox earlyaccess exploration scifi cute crossplatformmultiplayer topdown crafting
Soulcaster,2020-09-01,0.5557766305439302,0.0,0,https://shared.akamai.steamstatic.com/store_item_assets/steam/apps/1389300/header.jpg?t=1670245589,0,"Single-player,Steam Achievements,Full controller support",Free To Play,"2D Platformer,Puzzle-Platformer,Platformer,2D,Underground,Puzzle,Cartoony,Free to Play,Fantasy,Magic,Singleplayer",5.68,https://store.steampowered.com/app/1389300/,0.0,0.8823866362529579,singleplayer platformer fantasy puzzle controller magic 2dplatformer cartoon 2d freetoplay puzzleplatformer underground
Without Within,2015-01-22,0.6330768564718121,0.0,1,https://shared.akamai.steamstatic.com/store_item_assets/steam/apps/345650/header.jpg?t=1560458816,40,Single-player,"Free To Play,Indie","Free to Play,Anime,Visual Novel,Female Protagonist,Indie,Short,Cute,Story Rich,Singleplayer,Funny",11.29,https://store.steampowered.com/app/345650/,0.0,0.8823832910213303,storyrich singleplayer short indie anime cute funny visualnovel femaleprotagonist freetoplay
Coloring Book for Kids,2021-03-08,0.5962588843196084,0.0,1,https://shared.akamai.steamstatic.com/store_item_assets/steam/apps/1507410/header.jpg?t=1727345056,9,"Single-player,Steam Achievements","Casual,Indie,Free To Play","Free to Play,Casual,Relaxing,Point & Click,Singleplayer,Cute,Family Friendly,Colorful,Software,2D,Cartoony,Hand-drawn,Minimalist,Cats,Dinosaurs,Dog,Dragons,Horses,Magic,Education",5.16,https://store.steampowered.com/app/1507410/,0.0,0.8823711547313285,casual relaxing education familyfriendly singleplayer minimalist colorful cartoon 2d horses dragons indie freetoplay magic pointandclick cats dinosaurs dog cute handdrawn software
Krai. Digital-poetry vol. 1,2022-01-17,0.4892366412165478,0.0,0,https://shared.akamai.steamstatic.com/store_item_assets/steam/apps/1833960/header.jpg?t=1660049640,0,Single-player,"Adventure,Free To Play,Indie","Old School,Drama,Retro,Cute,1990's,Story Rich,Arena Shooter,Colorful,Psychedelic,Dating Sim,Psychological,Choose Your Own Adventure,Atmospheric,Exploration,Driving,Life Sim,Singleplayer,Action-Adventure,2D,3D",4.3,https://store.steampowered.com/app/1833960/,0.0,0.8823677521991024,psychedelic actionadventure storyrich adventure singleplayer colorful psychological 2d arenashooter datingsim chooseyourownadventure drama indie 1990s 3d freetoplay driving exploration oldschool cute atmospheric retro lifesim
Back to the Future: The Game,2010-12-23,0.7185660793429937,0.0,0,https://shared.akamai.steamstatic.com/store_item_assets/steam/apps/31290/header.jpg?t=1542232304,116,"Single-player,Family Sharing",Adventure,"Adventure,Point & Click,Puzzle,Comedy,Funny,Singleplayer,Time Travel,Episodic,Story Rich,Retro,Classic,Cult Classic,Sci-fi,Escape Room,Third Person",15.37,https://store.steampowered.com/app/31290/,0.0,0.8822278673391575,storyrich singleplayer pointandclick timetravel puzzle scifi cultclassic adventure thirdperson funny comedy retro classic episodic escaperoom
Phucker in the Rome,2019-10-25,0.4892366412165478,0.0,0,https://shared.akamai.steamstatic.com/store_item_assets/steam/apps/1164570/cb85adc58a0d30d99ba5b42d171f73447840d646/header.jpg?t=1746814258,0,Single-player,"Casual,Indie,Free To Play","Free to Play,Indie,Nudity,Sexual Content,Casual,Violent,Memes,Anime",6.53,https://store.steampowered.com/app/1164570/,0.0,0.8818183895260632,violent casual singleplayer indie sexualcontent anime freetoplay memes nudity
Angel Wings,2021-01-29,0.5962588843196084,0.0,0,https://shared.akamai.steamstatic.com/store_item_assets/steam/apps/862440/header.jpg?t=1730248584,0,"Single-player,Steam Achievements","Adventure,Casual,Indie,Simulation,Strategy,Free To Play","Visual Novel,Free to Play,Dating Sim,Choose Your Own Adventure,Interactive Fiction,Romance,2D,Dark Humor,Funny,Parody,Strategy,Choices Matter,Conversation,Multiple Endings,Story Rich,LGBTQ+,Casual,Hand-drawn,Simulation,Emotional",5.26,https://store.steampowered.com/app/862440/,0.0,0.8815363269771109,casual romance funny simulation emotional interactivefiction storyrich adventure conversation visualnovel 2d datingsim chooseyourownadventure indie darkhumor freetoplay lgbtq+ singleplayer choicesmatter parody multipleendings handdrawn strategy
SWARMRIDERS,2016-06-15,0.6330768564718121,0.0,1,https://shared.akamai.steamstatic.com/store_item_assets/steam/apps/490230/header.jpg?t=1699491579,58,"Single-player,Steam Achievements,Full controller support","Action,Indie,Free To Play","Action,Free to Play,Indie,Bullet Hell,Arcade,Fast-Paced,Pixel Graphics,Retro,Twin Stick Shooter,Shooter,Cyberpunk,Horror,Shoot 'Em Up,2D,Survival Horror,Zombies,Singleplayer,Action-Adventure,Hack and Slash,Rogue-lite",9.89,https://store.steampowered.com/app/490230/,0.0,0.8815231864102163,controller pixelgraphics actionadventure roguelite cyberpunk survivalhorror singleplayer arcade 2d zombies action indie shooter bullethell twinstickshooter freetoplay shootemup horror fastpaced retro hackandslash
Horizon Beyond,2019-08-31,0.5557766305439302,0.0,0,https://shared.akamai.steamstatic.com/store_item_assets/steam/apps/1122960/header.jpg?t=1567267500,0,"Single-player,Tracked Controller Support,VR Only","Adventure,Free To Play,Indie","Free to Play,Indie,Adventure,VR",6.68,https://store.steampowered.com/app/1122960/,0.0,0.8814334968266488,singleplayer controller adventure indie vr freetoplay
Dark Old Sun,2018-03-07,0.4892366412165478,0.0,0,https://shared.akamai.steamstatic.com/store_item_assets/steam/apps/739290/header.jpg?t=1715645243,118,"Single-player,Steam Achievements,Full controller support,Steam Cloud",Action,"Action,Shoot 'Em Up,Shooter,2D,Bullet Hell,Indie,Space,Sci-fi,Singleplayer,Difficult,Replay Value,Controller,Soundtrack",8.16,https://store.steampowered.com/app/739290/,0.0,0.8813135351895672,singleplayer scifi controller action replayvalue indie shooter bullethell 2d space soundtrack shootemup difficult
Laserboy,2021-11-22,0.4892366412165478,0.0,1,https://shared.akamai.steamstatic.com/store_item_assets/steam/apps/1745740/header.jpg?t=1765693883,0,"Single-player,Steam Achievements,Full controller support","Action,Casual,Indie","Action,Casual,Action-Adventure,2.5D,Top-Down,Funny,Retro,Mystery,Controller,Linear,Physics,Singleplayer,Experimental,Arcade,Puzzle,Colorful,Cute,Pixel Graphics,1980s,Destruction",4.45,https://store.steampowered.com/app/1745740/,0.0,0.8813135351895672,casual controller pixelgraphics funny actionadventure puzzle destruction singleplayer colorful arcade action physics linear indie 2.5d mystery cute experimental topdown 1980s retro
Talvisota - Winter War,2020-04-02,0.6780830971139326,0.0,0,https://shared.akamai.steamstatic.com/store_item_assets/steam/apps/1206240/header.jpg?t=1586783069,93,"Multi-player,PvP,Online PvP,LAN PvP","Action,Massively Multiplayer,Simulation","Action,Massively Multiplayer,Simulation,FPS,War,Military,Gore,Violent,Free to Play,Strategy,World War II,Mod,Singleplayer",6.09,https://store.steampowered.com/app/1206240/,0.0,0.8811670623509977,violent war lanpvp onlinepvp fps action multiplayer pvp singleplayer gore military worldwarii simulation freetoplay strategy massivelymultiplayer mod
MSI Electric City: Core Assault,2017-09-08,0.5962588843196084,0.0,0,https://shared.akamai.steamstatic.com/store_item_assets/steam/apps/691930/header.jpg?t=1514200923,9,"Single-player,Tracked Controller Support,VR Only","Action,Adventure,Casual,Free To Play,Indie","Free to Play,Action,Adventure,VR,Indie,Casual,Shoot 'Em Up,Bullet Hell,Sci-fi,Great Soundtrack,Arcade,Third-Person Shooter",8.66,https://store.steampowered.com/app/691930/,0.0,0.8811555302107982,casual singleplayer controller scifi greatsoundtrack action thirdpersonshooter adventure indie vr bullethell arcade freetoplay shootemup
Armillo,2020-07-03,0.5557766305439302,0.0,0,https://shared.akamai.steamstatic.com/store_item_assets/steam/apps/349520/header.jpg?t=1598996583,0,"Single-player,Steam Achievements,Partial Controller Support,Steam Cloud,Steam Leaderboards","Action,Adventure,Casual,Indie","Action,Casual,3D Platformer,Platformer,Puzzle-Platformer,Cute,Indie,Fantasy,Top-Down,Space,Sci-fi,Adventure,Singleplayer,Mystery,Free to Play",5.84,https://store.steampowered.com/app/349520/,0.0,0.8811336020930403,casual 3dplatformer fantasy controller adventure singleplayer action indie puzzleplatformer freetoplay mystery platformer scifi cute space topdown
Sepia Tears,2016-01-08,0.6330768564718121,0.0,2,https://shared.akamai.steamstatic.com/store_item_assets/steam/apps/429300/header.jpg?t=1751133962,191,"Single-player,Steam Achievements,Partial Controller Support","Casual,Indie,Simulation,Free To Play","Visual Novel,Romance,Emotional,Anime,Snow,Dating Sim,Memes,Cute,Story Rich,Text-Based,Hand-drawn,Funny,Narration,Comedy,Modern,Mystery,Atmospheric,Drama,Supernatural,Simulation",10.32,https://store.steampowered.com/app/429300/,0.0,0.8810215782476666,casual supernatural modern romance funny controller simulation emotional storyrich anime visualnovel narration snow textbased datingsim drama indie freetoplay memes mystery singleplayer cute handdrawn atmospheric comedy
SpeedRacer,2024-12-01,0.4892366412165478,0.0,0,https://shared.akamai.steamstatic.com/store_item_assets/steam/apps/3337720/header.jpg?t=1733061410,0,Single-player,"Action,Free To Play","Action,Arcade,Rhythm,Runner,3D,Minimalist,Stylized,Retro,Free to Play,Procedural Generation,Singleplayer",1.43,https://store.steampowered.com/app/3337720/,0.0,0.8808359702766656,runner singleplayer action minimalist arcade 3d rhythm retro proceduralgeneration stylized freetoplay
SC2KRender,2021-02-05,0.4892366412165478,0.0,0,https://shared.akamai.steamstatic.com/store_item_assets/steam/apps/1527140/header.jpg?t=1612554217,0,,"Indie,Utilities","Indie,Utilities,City Builder",5.25,https://store.steampowered.com/app/1527140/,0.0,0.8808359702766656,citybuilder indie utilities
Dawn of War II: Retribution – The Last Stand,2011-04-20,0.5557766305439302,0.0,0,https://shared.akamai.steamstatic.com/store_item_assets/steam/apps/56438/header.jpg?t=1731692340,0,"Multi-player,Co-op,Family Sharing",Strategy,"Strategy,Warhammer 40K,Co-op,RTS,Survival,Games Workshop",15.04,https://store.steampowered.com/app/56438/,0.0,0.8808359702766656,multiplayer gamesworkshop warhammer40k rts coop strategy survival
The Sink Gods,2022-02-11,0.5557766305439302,0.0,0,https://shared.akamai.steamstatic.com/store_item_assets/steam/apps/1755670/header.jpg?t=1738213286,0,Single-player,"Adventure,Indie","Exploration,Hidden Object,Puzzle,Point & Click,Character Customization,2D,First-Person,Dark Comedy,Dark Humor,Story Rich,Casual,Cartoony,Hand-drawn,Dark Fantasy,Demons,Logic,Atmospheric,Adventure,Comedy,Cartoon",4.23,https://store.steampowered.com/app/1755670/,0.0,0.8808359702766656,casual demons logic hiddenobject charactercustomization storyrich puzzle adventure cartoon 2d indie darkhumor exploration darkfantasy singleplayer pointandclick darkcomedy firstperson handdrawn atmospheric comedy
Trash Time,2019-03-08,0.4892366412165478,0.0,0,https://shared.akamai.steamstatic.com/store_item_assets/steam/apps/1029110/header.jpg?t=1552658483,0,"Single-player,Steam Achievements,Tracked Controller Support,VR Only",Casual,"Casual,VR",7.16,https://store.steampowered.com/app/1029110/,0.0,0.8808359702766656,casual singleplayer vr controller
Robin,2018-02-08,0.6330768564718121,0.0,0,https://shared.akamai.steamstatic.com/store_item_assets/steam/apps/671720/header.jpg?t=1518120081,21,"Single-player,Steam Achievements,Captions available","Casual,Free To Play,Indie,Simulation","Free to Play,Indie,Simulation,Casual,Short,Singleplayer,Female Protagonist,Point & Click",8.24,https://store.steampowered.com/app/671720/,0.0,0.8806318634900829,casual singleplayer short pointandclick indie femaleprotagonist simulation freetoplay
"Warhammer® 40,000: Dawn of War® – Winter Assault",2007-08-07,0.7185660793429937,0.0,0,https://shared.akamai.steamstatic.com/store_item_assets/steam/apps/9310/header.jpg?t=1726775204,109,"Single-player,Multi-player,Family Sharing",Strategy,"Strategy,Warhammer 40K,RTS,Games Workshop,Base-Building,Sci-fi,Multiplayer,Singleplayer,Real-Time,Tactical,Futuristic,Gore,Violent,War,Action,Classic",18.75,https://store.steampowered.com/app/9310/,0.0,0.8806070983878815,war tactical warhammer40k multiplayer violent gamesworkshop singleplayer gore rts classic action futuristic basebuilding scifi realtime strategy
Subspace Continuum,2015-07-03,0.5962588843196084,0.0,0,https://shared.akamai.steamstatic.com/store_item_assets/steam/apps/352700/header.jpg?t=1758058475,104,"Multi-player,MMO,PvP,Online PvP,Cross-Platform Multiplayer,Partial Controller Support,Stats","Action,Casual,Indie,Massively Multiplayer,Strategy,Free To Play","Free to Play,Massively Multiplayer,Action,Casual,Space,Multiplayer,2D",10.84,https://store.steampowered.com/app/352700/,0.0,0.8805130872941197,casual onlinepvp action multiplayer pvp indie mmo stats crossplatformmultiplayer controller space freetoplay strategy 2d massivelymultiplayer
Bloody Rally Show: Prologue,2020-10-13,0.4892366412165478,0.0,0,https://shared.akamai.steamstatic.com/store_item_assets/steam/apps/1435090/header.jpg?t=1726634847,0,"Single-player,Multi-player,PvP,Shared/Split Screen PvP,Co-op,Shared/Split Screen Co-op,Shared/Split Screen,Full controller support,Steam Cloud,Steam Leaderboards,Includes level editor,Remote Play Together","Action,Indie,Racing,Simulation,Sports,Free To Play","Physics,Combat Racing,Rogue-lite,Racing,Sports,Auto Battler,Sandbox,Driving,PvP,Tutorial,Survival,Arcade,Character Customization,2D,RPG,Split Screen,Top-Down,Alternate History,Dark Comedy,Dark Humor",5.56,https://store.steampowered.com/app/1435090/,0.0,0.8803555275889268,sharedsplitscreencoop combatracing controller pvp simulation charactercustomization roguelite splitscreen multiplayer includesleveleditor remoteplaytogether racing arcade 2d sports sharedsplitscreenpvp survival action physics indie rpg sandbox tutorial darkhumor freetoplay driving singleplayer autobattler darkcomedy topdown coop alternatehistory
Kismet,2016-05-02,0.5557766305439302,0.0,0,https://shared.akamai.steamstatic.com/store_item_assets/steam/apps/463290/header.jpg?t=1638898723,93,"Single-player,Tracked Controller Support,VR Supported,Partial Controller Support","Casual,Indie","VR,Indie,Casual,Immersive,Atmospheric",10.01,https://store.steampowered.com/app/463290/,0.0,0.8801909314829421,casual singleplayer vr immersive indie atmospheric controller
Boring Man - Online Tactical Stickman Combat,2015-02-20,0.6780830971139326,0.0,9,https://shared.akamai.steamstatic.com/store_item_assets/steam/apps/346120/header.jpg?t=1764779583,43,"Multi-player,PvP,Online PvP,Co-op,Online Co-op,Steam Achievements,Full controller support,Steam Workshop,Includes level editor","Action,Indie,Massively Multiplayer,Free To Play","Side Scroller,Pixel Graphics,Shooter,Violent,2D,2D Platformer,Survival,Multiplayer,Moddable,Competitive,PvP,Level Editor,Indie,Action,Funny,Co-op,Free to Play,Platformer,Parkour,Massively Multiplayer",11.21,https://store.steampowered.com/app/346120/,0.0,0.8801009400696659,controller pixelgraphics pvp funny massivelymultiplayer multiplayer violent includesleveleditor 2d parkour survival action sidescroller indie shooter coop 2dplatformer freetoplay moddable platformer leveleditor onlinepvp competitive
WarriOrb: Prologue,2019-12-11,0.5557766305439302,0.0,0,https://shared.akamai.steamstatic.com/store_item_assets/steam/apps/1193760/header.jpg?t=1591689074,0,"Single-player,Steam Achievements,Full controller support,Steam Cloud,Remote Play on TV","Action,Adventure,Free To Play,Indie,RPG","Metroidvania,Souls-like,Platformer,Difficult,2D,Exploration,Atmospheric,Side Scroller,Open World,RPG,Dark Fantasy,Cute,Story Rich,Action,Multiple Endings,Adventure,Singleplayer,Free to Play,Indie,Precision Platformer",6.4,https://store.steampowered.com/app/1193760/,0.0,0.8798782404472373,remoteplayontv controller openworld storyrich adventure singleplayer 2d metroidvania soulslike action sidescroller indie rpg freetoplay exploration darkfantasy platformer cute multipleendings atmospheric precisionplatformer difficult
ImpossiBowl,2023-12-14,0.4892366412165478,0.0,2,https://shared.akamai.steamstatic.com/store_item_assets/steam/apps/2573610/header.jpg?t=1735513705,0,"Single-player,Multi-player,PvP,Shared/Split Screen PvP,Co-op,Shared/Split Screen Co-op,Shared/Split Screen,Steam Achievements,Full controller support,Steam Cloud,Stats,Steam Leaderboards,Remote Play Together","Action,Casual,Indie,Sports,Free To Play","Bowling,Precision Platformer,3D Platformer,Combat Racing,Souls-like,Racing,Sports,Mini Golf,PvP,Difficult,Platformer,Arcade,Character Customization,Action,Colorful,Physics,Cinematic,Controller,Co-op,Local Co-Op",2.39,https://store.steampowered.com/app/2573610/,0.0,0.8798704414319518,casual sharedsplitscreencoop 3dplatformer combatracing controller pvp charactercustomization multiplayer remoteplaytogether bowling colorful racing arcade sports sharedsplitscreenpvp soulslike coop cinematic action physics indie stats freetoplay splitscreen singleplayer platformer minigolf precisionplatformer difficult
Cursed Gem,2020-08-03,0.4892366412165478,0.0,0,https://shared.akamai.steamstatic.com/store_item_assets/steam/apps/1194480/header.jpg?t=1628028999,0,"Single-player,Steam Achievements,Full controller support,Stats,Steam Leaderboards,Remote Play on TV","Action,Adventure,Casual,Indie","Platformer,Action,Adventure,Indie,Difficult,Pixel Graphics,Precision Platformer,Action-Adventure,2D Platformer,Puzzle-Platformer,2D,Minimalist,Mystery Dungeon,Underground,Story Rich,Funny,Physics,Character Customization,Retro,Singleplayer",5.75,https://store.steampowered.com/app/1194480/,0.0,0.8798704414319518,casual remoteplayontv controller pixelgraphics funny actionadventure underground charactercustomization storyrich adventure singleplayer minimalist 2d action physics indie stats 2dplatformer mysterydungeon puzzleplatformer platformer precisionplatformer retro difficult
The Terrible Old Man,2019-10-10,0.6780830971139326,0.0,1,https://shared.akamai.steamstatic.com/store_item_assets/steam/apps/1147030/header.jpg?t=1718133386,0,"Single-player,Steam Achievements","Adventure,Free To Play","Lovecraftian,Horror,Point & Click,Interactive Fiction,2D,Story Rich,Hand-drawn,Thriller,Crime,Atmospheric,Mystery,Drama,Adventure,Dark,Retro,America,Supernatural,Short,Singleplayer,Free to Play",6.57,https://store.steampowered.com/app/1147030/,0.0,0.879859954245655,supernatural america crime interactivefiction storyrich adventure singleplayer 2d short drama dark thriller freetoplay horror mystery pointandclick lovecraftian handdrawn atmospheric retro
Shark Simulator,2017-11-22,0.5962588843196084,0.0,0,https://shared.akamai.steamstatic.com/store_item_assets/steam/apps/708340/header.jpg?t=1522686497,128,"Single-player,Steam Achievements,Full controller support","Action,Casual,Indie,Simulation","Simulation,Action,Indie,Casual,Funny,Free to Play,Sandbox,Multiplayer,Singleplayer",8.45,https://store.steampowered.com/app/708340/,0.0,0.8798480049492091,casual singleplayer controller action indie sandbox funny simulation freetoplay multiplayer
Jumping Jax,2020-11-16,0.5557766305439302,0.0,0,https://shared.akamai.steamstatic.com/store_item_assets/steam/apps/1315100/header.jpg?t=1605565755,0,"Single-player,Steam Workshop,Steam Leaderboards,Includes level editor","Adventure,Casual,Indie,Racing,Strategy,Early Access","3D Platformer,Puzzle-Platformer,Cyberpunk,Casual,Racing,Platformer,Strategy,Level Editor,First-Person,Free to Play,Indie,3D,Stylized,Sci-fi,Physics,Adventure,Singleplayer,Early Access,Time Attack",5.47,https://store.steampowered.com/app/1315100/,0.0,0.8797984644497029,casual 3dplatformer cyberpunk includesleveleditor adventure singleplayer racing stylized physics indie earlyaccess 3d puzzleplatformer freetoplay timeattack platformer leveleditor scifi firstperson strategy
Pentagons Go WEEE,2022-03-31,0.4892366412165478,0.0,0,https://shared.akamai.steamstatic.com/store_item_assets/steam/apps/1927930/header.jpg?t=1648746092,0,"Single-player,Full controller support","Action,Casual,Free To Play,Strategy,Early Access","Action,Casual,Rhythm,2D,Colorful,Stylized,Cyberpunk,Futuristic,Free to Play,Early Access,Strategy,Retro,Procedural Generation,Singleplayer",4.1,https://store.steampowered.com/app/1927930/,0.0,0.8797984644497029,cyberpunk casual singleplayer controller action futuristic colorful rhythm earlyaccess 2d retro freetoplay strategy proceduralgeneration stylized
Frog World,2024-08-15,0.4892366412165478,0.0,0,https://shared.akamai.steamstatic.com/store_item_assets/steam/apps/3073290/header.jpg?t=1723746543,0,"Single-player,Partial Controller Support","Adventure,Casual,Indie,Free To Play","Adventure,Casual,Cute,Relaxing,Funny,Family Friendly,Singleplayer,Pixel Graphics,Platformer,Exploration,Wholesome,Nature,Atmospheric,Short,Cozy,2D,Retro,Colorful,Free to Play,Indie",1.72,https://store.steampowered.com/app/3073290/,0.0,0.8797984644497029,casual pixelgraphics funny relaxing controller nature familyfriendly adventure singleplayer colorful 2d short wholesome indie freetoplay exploration platformer cute atmospheric cozy retro
Qybe,2018-10-23,0.4892366412165478,0.0,0,https://shared.akamai.steamstatic.com/store_item_assets/steam/apps/868500/header.jpg?t=1568736877,0,"Single-player,Steam Achievements,Steam Workshop,Partial Controller Support,Steam Leaderboards,Includes level editor","Action,Casual,Indie,Racing","Casual,Action,Racing,Indie",7.53,https://store.steampowered.com/app/868500/,0.0,0.8797984644497029,casual singleplayer action includesleveleditor indie racing controller
《鬼畜战记：金坷垃传说》,2019-07-25,0.5962588843196084,0.0,0,https://shared.akamai.steamstatic.com/store_item_assets/steam/apps/1087960/header.jpg?t=1637494945,0,"Single-player,Partial Controller Support","Free To Play,Indie,RPG,Strategy","Free to Play,RPG,Strategy,Indie,2D,Pixel Graphics,Strategy RPG,Turn-Based Strategy,Turn-Based Tactics,Tactical RPG,Story Rich,Tactical,Funny,Singleplayer,Turn-Based,Retro,JRPG,Foreign,RPGMaker",6.78,https://store.steampowered.com/app/1087960/,0.0,0.8796166476580987,pixelgraphics tactical turnbased turnbasedtactics funny jrpg controller strategy storyrich singleplayer rpgmaker 2d foreign tacticalrpg strategyrpg indie rpg turnbasedstrategy freetoplay retro
AsiaKingdom,2024-06-06,0.4892366412165478,0.0,0,https://shared.akamai.steamstatic.com/store_item_assets/steam/apps/2995480/header.jpg?t=1738668981,0,Single-player,"Casual,Indie,Free To Play","Hidden Object,Casual,Puzzle,Point & Click,Indie,Arcade,3D,Top-Down,Relaxing,Atmospheric,Free to Play,Nature,Singleplayer",1.91,https://store.steampowered.com/app/2995480/,0.0,0.8793450801487988,casual singleplayer pointandclick puzzle nature indie relaxing atmospheric arcade 3d freetoplay hiddenobject topdown
Lost Lands: A Hidden Object Adventure,2015-09-24,0.6780830971139326,0.0,0,https://shared.akamai.steamstatic.com/store_item_assets/steam/apps/392950/header.jpg?t=1692601561,209,"Single-player,Steam Achievements,In-App Purchases,Steam Cloud","Adventure,Casual,Free To Play","Free to Play,Hidden Object,Adventure,Casual,Puzzle,Singleplayer,Fantasy,Point & Click",10.61,https://store.steampowered.com/app/392950/,0.0,0.879253632689309,casual singleplayer pointandclick fantasy puzzle adventure inapppurchases freetoplay hiddenobject
Transformice,2015-01-30,0.8003907929561015,0.0,0,https://shared.akamai.steamstatic.com/store_item_assets/steam/apps/335240/header.jpg?t=1684425951,67,"Multi-player,MMO,Steam Achievements,Steam Trading Cards,Includes level editor","Free To Play,Indie,Massively Multiplayer","Free to Play,Multiplayer,Massively Multiplayer,Funny,2D,Platformer,Casual,Cute,Racing,Adventure,Online Co-Op,Indie,Survival,Strategy,Mouse only,Co-op,Family Friendly,Comedy,Puzzle,Action",11.26,https://store.steampowered.com/app/335240/,0.0,0.8791235698604972,casual funny massivelymultiplayer multiplayer puzzle includesleveleditor familyfriendly adventure racing 2d survival action indie mouseonly coop freetoplay platformer mmo cute comedy strategy
Walking Simulator,2020-03-05,0.6780830971139326,0.0,0,https://shared.akamai.steamstatic.com/store_item_assets/steam/apps/1214280/header.jpg?t=1619393947,0,Single-player,"Adventure,Free To Play,Indie,Simulation","Free to Play,Walking Simulator,Psychological Horror,Multiplayer,Simulation,Open World,Adventure,Indie,Memes,Singleplayer,Story Rich,Funny,Parody,Realistic,Casual,Immersive Sim,Life Sim,Runner,Third Person,Sexual Content",6.17,https://store.steampowered.com/app/1214280/,0.0,0.8791182779385424,casual walkingsimulator funny simulation multiplayer openworld storyrich runner immersivesim adventure singleplayer realistic psychologicalhorror indie thirdperson freetoplay memes sexualcontent parody lifesim
Horizon Zero Dawn™ Complete Edition,2020-08-07,0.755384370197392,0.0,0,https://shared.akamai.steamstatic.com/store_item_assets/steam/apps/1151640/header.jpg?t=1750105817,836,"Single-player,Steam Achievements,Full controller support,Steam Cloud,Remote Play on Tablet,Family Sharing","Action,Adventure,RPG","Open World,Adventure,Female Protagonist,Singleplayer,Story Rich,RPG,Action,Post-apocalyptic,Sci-fi,Robots,Third Person,Exploration,Beautiful,Atmospheric,Action RPG,Archery,Hunting,Great Soundtrack,Stealth,Dinosaurs",5.74,https://store.steampowered.com/app/1151640/,0.0,0.8789862219330071,controller beautiful femaleprotagonist postapocalyptic openworld storyrich greatsoundtrack adventure singleplayer remoteplayontablet actionrpg hunting action archery rpg thirdperson stealth exploration scifi dinosaurs atmospheric robots
The Perfect Tower II,2025-11-30,0.6780830971139326,0.0,1,https://shared.akamai.steamstatic.com/store_item_assets/steam/apps/1197260/6646db584a6ba37182863a3a3b0968fba84640c5/header.jpg?t=1764515126,0,"Single-player,Steam Achievements,In-App Purchases,Color Alternatives,Custom Volume Controls,Playable without Timed Input,Save Anytime,Steam Cloud,Steam Leaderboards","Action,Indie,Strategy,Free To Play","Strategy,Idler,Tower Defense,Free to Play,Automation,Resource Management,Indie,Action,Minigames,Base-Building,Voxel,Character Customization,Singleplayer,Colorful,Early Access,3D,Multiplayer",0.43,https://store.steampowered.com/app/1197260/,0.0,0.8789333326660003,playablewithouttimedinput inapppurchases charactercustomization multiplayer customvolumecontrols voxel singleplayer colorful idler action resourcemanagement indie minigames earlyaccess 3d freetoplay towerdefense saveanytime basebuilding automation coloralternatives strategy
Vestige,2022-01-22,0.4892366412165478,0.0,0,https://shared.akamai.steamstatic.com/store_item_assets/steam/apps/1862960/header.jpg?t=1642894152,0,"Single-player,Full controller support","Action,Adventure,Indie","Platformer,Action-Adventure,3D Platformer,3D Fighter,Exploration,Adventure,Singleplayer,Stylized,Dungeon Crawler,3D,Third Person,Controller,Action,Linear,Colorful,Fantasy,Magic,Mystery,Combat,Indie",4.28,https://store.steampowered.com/app/1862960/,0.0,0.8789153857162741,3dplatformer fantasy controller actionadventure combat adventure singleplayer colorful stylized action linear indie thirdperson 3dfighter 3d magic exploration mystery platformer dungeoncrawler
Port of Call,2015-08-28,0.6330768564718121,0.0,0,https://shared.akamai.steamstatic.com/store_item_assets/steam/apps/356520/header.jpg?t=1447370834,109,"Single-player,Steam Achievements,Partial Controller Support","Adventure,Indie","Indie,Adventure,Free to Play,Short,Experimental,Horror,Atmospheric,First-Person,Walking Simulator,Singleplayer,Psychological Horror,Mystery",10.69,https://store.steampowered.com/app/356520/,0.0,0.878848116772843,mystery singleplayer short psychologicalhorror walkingsimulator firstperson adventure indie atmospheric controller experimental freetoplay horror
Wakaru ver. beta,2018-06-18,0.5962588843196084,0.0,0,https://shared.akamai.steamstatic.com/store_item_assets/steam/apps/870820/header.jpg?t=1697542068,0,,"Animation & Modeling,Video Production","Animation & Modeling,Video Production,Anime,Software",7.88,https://store.steampowered.com/app/870820/,0.0,0.8788274958230722,software anime animationandmodeling
Raji: Prologue,2020-10-05,0.6330768564718121,0.0,0,https://shared.akamai.steamstatic.com/store_item_assets/steam/apps/1429740/header.jpg?t=1728281323,42,"Single-player,Full controller support","Action,Adventure,Indie,Free To Play","Atmospheric,Platformer,Adventure,Story Rich,Metroidvania,Fantasy,Singleplayer,Cute,Action,2D,Indie,Difficult,Puzzle-Platformer,Exploration,Puzzle,Free to Play,Side Scroller,Family Friendly,RPG,Open World",5.58,https://store.steampowered.com/app/1429740/,0.0,0.8788125910427306,fantasy controller openworld storyrich puzzle familyfriendly adventure singleplayer 2d metroidvania action sidescroller indie rpg freetoplay puzzleplatformer exploration platformer cute atmospheric difficult
Pinball FX3,2017-09-26,0.7185660793429937,0.0,34,https://shared.akamai.steamstatic.com/store_item_assets/steam/apps/442120/header.jpg?t=1727782816,38,"Single-player,Multi-player,Steam Achievements,Full controller support,Steam Cloud,Remote Play on Phone,Remote Play on Tablet,Remote Play on TV",Simulation,"Pinball,Free to Play,Simulation,Arcade,Casual,Retro,Physics,Score Attack,Family Friendly,Singleplayer,Multiplayer,Relaxing,1990's,Local Multiplayer,Top-Down,Replay Value,Colorful,Realistic,1980s,Sports",8.61,https://store.steampowered.com/app/442120/,0.0,0.8788024939055422,remoteplayontv casual controller remoteplayonphone localmultiplayer relaxing simulation multiplayer familyfriendly replayvalue singleplayer remoteplayontablet realistic colorful arcade scoreattack sports physics 1990s freetoplay pinball 1980s topdown retro
Space Pilgrim Episode I: Alpha Centauri,2015-12-21,0.7185660793429937,0.0,0,https://shared.akamai.steamstatic.com/store_item_assets/steam/apps/429470/header.jpg?t=1765028010,233,"Single-player,Steam Achievements,Steam Trading Cards","Adventure,Indie","Adventure,RPGMaker,Sci-fi,Space,Indie,Female Protagonist,Story Rich,Casual,Comedy,Point & Click,2D,Singleplayer,Atmospheric,Episodic,Pixel Graphics,RPG,Short,Free to Play,Colorful,JRPG",10.37,https://store.steampowered.com/app/429470/,0.0,0.8787517350041659,casual pixelgraphics femaleprotagonist jrpg storyrich adventure singleplayer colorful rpgmaker 2d short indie rpg freetoplay episodic pointandclick scifi atmospheric comedy space
pla_toon,2018-08-13,0.6330768564718121,0.0,1,https://shared.akamai.steamstatic.com/store_item_assets/steam/apps/891220/header.jpg?t=1575518260,0,"Single-player,Multi-player,PvP,Online PvP,Shared/Split Screen PvP,Remote Play Together","Action,Free To Play,Indie,Early Access","Free to Play,Action,Indie,Multiplayer,Violent,Early Access,Shooter,FPS,Funny,Psychological Horror,Physics,Memes",7.73,https://store.steampowered.com/app/891220/,0.0,0.8787157925902356,violent singleplayer psychologicalhorror onlinepvp fps action multiplayer pvp remoteplaytogether physics indie shooter funny earlyaccess freetoplay memes sharedsplitscreenpvp
Wheel of Innocence,2022-10-24,0.4892366412165478,0.0,0,https://shared.akamai.steamstatic.com/store_item_assets/steam/apps/2180010/header.jpg?t=1666997085,0,"Single-player,Steam Achievements,Partial Controller Support,Steam Cloud","Casual,Free To Play,Indie","Visual Novel,Female Protagonist,2D,Cute,Funny,LGBTQ+,Free to Play,Casual,Romance,Linear,Story Rich,Anime,Drama,Adventure,Dark,Indie,Singleplayer",3.53,https://store.steampowered.com/app/2180010/,0.0,0.8786269244706024,casual romance funny femaleprotagonist controller storyrich adventure singleplayer anime visualnovel 2d drama linear indie dark freetoplay lgbtq+ cute
Trenches of War,2017-07-06,0.4892366412165478,0.0,0,https://shared.akamai.steamstatic.com/store_item_assets/steam/apps/641860/header.jpg?t=1526859577,8,"Single-player,Steam Cloud","Action,Casual,Indie,Strategy","Strategy,Indie,Action,Casual,World War I,Free to Play",8.83,https://store.steampowered.com/app/641860/,0.0,0.8786269244706024,casual singleplayer worldwari action indie freetoplay strategy
Scream Collector,2017-10-26,0.5962588843196084,0.0,0,https://shared.akamai.steamstatic.com/store_item_assets/steam/apps/726390/header.jpg?t=1729029187,406,"Single-player,Steam Achievements,In-App Purchases","Casual,Free To Play","Free to Play,Casual,Clicker,Pixel Graphics,Horror,Idler,Singleplayer",8.53,https://store.steampowered.com/app/726390/,0.0,0.8785423078556566,casual singleplayer idler pixelgraphics clicker inapppurchases freetoplay horror
Cognizer,2018-05-30,0.4892366412165478,0.0,5,https://shared.akamai.steamstatic.com/store_item_assets/steam/apps/711690/header.jpg?t=1527682477,54,"Single-player,Steam Achievements,Steam Leaderboards","Casual,Free To Play,Indie","Free to Play,Indie,Casual,Difficult,Great Soundtrack",7.93,https://store.steampowered.com/app/711690/,0.0,0.8785398508235512,casual singleplayer greatsoundtrack indie freetoplay difficult
Seal: WHAT the FUN,2024-12-12,0.4892366412165478,0.0,0,https://shared.akamai.steamstatic.com/store_item_assets/steam/apps/2347910/header.jpg?t=1734054777,104,"Multi-player,PvP,Online PvP,Steam Achievements,Full controller support,In-App Purchases,Steam Leaderboards","Action,Adventure,Casual,Racing,Sports,Strategy,Free To Play","Multiplayer,Party Game,Family Friendly,Casual,Battle Royale,Action,Controller,Racing,3D Platformer,PvP,Arena Shooter,Puzzle-Platformer,Sports,Party,Funny,Cute,Colorful,3D,Adventure,Strategy",1.4,https://store.steampowered.com/app/2347910/,0.0,0.8784525772640576,casual 3dplatformer controller pvp partygame funny inapppurchases party multiplayer familyfriendly adventure colorful racing arenashooter sports action battleroyale 3d freetoplay puzzleplatformer onlinepvp cute strategy
City find all,2024-06-18,0.4892366412165478,0.0,0,https://shared.akamai.steamstatic.com/store_item_assets/steam/apps/3028600/header.jpg?t=1738668958,0,Single-player,"Casual,Indie,Free To Play","Hidden Object,Casual,Puzzle,Indie,Point & Click,Arcade,3D,Top-Down,Relaxing,Free to Play,Singleplayer",1.88,https://store.steampowered.com/app/3028600/,0.0,0.8784513400017528,casual singleplayer pointandclick puzzle indie relaxing arcade 3d freetoplay hiddenobject topdown
My Camp of Memories: Episode 1,2023-08-22,0.5962588843196084,0.0,0,https://shared.akamai.steamstatic.com/store_item_assets/steam/apps/2546640/header.jpg?t=1743521856,0,Single-player,"Adventure,Indie,RPG","Adventure,RPG,Visual Novel,Dating Sim,Choose Your Own Adventure,Clicker,CRPG,2D,Anime,Cute,Hand-drawn,Detective,Drama,Relaxing,Romance,Mystery,Fantasy,Conversation,Combat,Story Rich",2.7,https://store.steampowered.com/app/2546640/,0.0,0.8783424598062415,fantasy romance relaxing combat storyrich adventure conversation anime visualnovel 2d datingsim chooseyourownadventure crpg drama clicker indie rpg mystery singleplayer cute handdrawn detective
Pixel Puzzles Junior Jigsaw,2017-02-17,0.5557766305439302,0.0,0,https://shared.akamai.steamstatic.com/store_item_assets/steam/apps/455690/header.jpg?t=1713354763,241,"Single-player,Steam Achievements,Steam Trading Cards,Steam Cloud","Adventure,Casual,Indie,Simulation,Sports,Strategy,Free To Play","Casual,Simulation,Indie,Strategy,Adventure,Sports,Free to Play,Puzzle,Family Friendly",9.21,https://store.steampowered.com/app/455690/,0.0,0.8782992207384176,casual singleplayer puzzle familyfriendly adventure indie simulation freetoplay strategy sports
AdVenture Capitalist,2015-03-30,0.8408738480320119,0.0,1,https://shared.akamai.steamstatic.com/store_item_assets/steam/apps/346900/header.jpg?t=1721150731,350,"Single-player,Steam Achievements,Steam Trading Cards,Steam Cloud","Casual,Indie,Free To Play","Clicker,Idler,Management,Capitalism,Automation,Real-Time,Point & Click,Strategy,Character Customization,Relaxing,2D,Funny,Casual,Simulation,Family Friendly,Comedy,Adventure,Memes,Singleplayer,Free to Play",11.1,https://store.steampowered.com/app/346900/,0.0,0.8782990710442303,casual capitalism funny relaxing simulation charactercustomization familyfriendly adventure singleplayer 2d idler clicker indie freetoplay memes pointandclick management realtime automation comedy strategy
Enter The Lost Chamber,2024-04-16,0.4892366412165478,0.0,2,https://shared.akamai.steamstatic.com/store_item_assets/steam/apps/2839290/header.jpg?t=1762871335,0,"Single-player,Steam Achievements,Full controller support,Stats","Action,Adventure,Indie,Free To Play","Action Roguelike,Bullet Hell,Action,Top-Down Shooter,2D,Pixel Graphics,Rogue-like,Shooter,Top-Down,Adventure,Singleplayer,Twin Stick Shooter,Action-Adventure,Dungeon Crawler,Demons,Fantasy,Dark,Zombies,Multiple Endings,Indie",2.05,https://store.steampowered.com/app/2839290/,0.0,0.8782475321513081,fantasy controller pixelgraphics demons actionroguelike actionadventure roguelike adventure singleplayer 2d zombies action indie stats shooter bullethell twinstickshooter dark freetoplay topdownshooter multipleendings topdown dungeoncrawler
Disco Destruction,2019-12-12,0.4892366412165478,0.0,0,https://shared.akamai.steamstatic.com/store_item_assets/steam/apps/677380/header.jpg?t=1605220142,128,"Single-player,Tracked Controller Support,VR Only","Casual,Free To Play,Indie,Simulation","Indie,Casual,Simulation,VR,Free to Play,Music,First-Person",6.4,https://store.steampowered.com/app/677380/,0.0,0.8781294333367627,casual singleplayer controller firstperson indie vr music simulation freetoplay
Air Attack,2020-10-01,0.5962588843196084,0.0,0,https://shared.akamai.steamstatic.com/store_item_assets/steam/apps/1424900/header.jpg?t=1725813846,0,"Single-player,Multi-player,Co-op,Shared/Split Screen Co-op,Shared/Split Screen,Remote Play Together","Action,Casual,Indie,Free To Play","Action,Casual,Arcade,Pixel Graphics,Survival,Shooter,2D Platformer,Bullet Hell,Shoot 'Em Up,2D,Hand-drawn,Minimalist,Cartoon,Procedural Generation,Co-op,Local Multiplayer,Free to Play,Multiplayer,Indie",5.59,https://store.steampowered.com/app/1424900/,0.0,0.878099371820333,casual sharedsplitscreencoop pixelgraphics localmultiplayer multiplayer remoteplaytogether minimalist arcade 2d proceduralgeneration survival action indie shooter 2dplatformer bullethell freetoplay splitscreen shootemup singleplayer cartoon handdrawn coop
Dr. Frank's Build a Boyfriend,2018-05-30,0.5557766305439302,0.0,0,https://shared.akamai.steamstatic.com/store_item_assets/steam/apps/742170/header.jpg?t=1527727518,57,"Single-player,Steam Achievements","Nudity,Free To Play,Indie,Simulation","Free to Play,Indie,Visual Novel,Nudity,Simulation,LGBTQ+,Comedy,Singleplayer,Point & Click",7.93,https://store.steampowered.com/app/742170/,0.0,0.8778219157726062,lgbtq+ singleplayer pointandclick indie visualnovel comedy simulation freetoplay nudity
Splat the Blob,2017-10-05,0.6780830971139326,0.0,0,https://shared.akamai.steamstatic.com/store_item_assets/steam/apps/701900/header.jpg?t=1524893083,85,"Single-player,Partial Controller Support",Adventure,"Adventure,3D Platformer",8.58,https://store.steampowered.com/app/701900/,0.0,0.8777058007955288,singleplayer adventure 3dplatformer controller
Perspectives: Paradise,2019-09-09,0.5962588843196084,0.0,0,https://shared.akamai.steamstatic.com/store_item_assets/steam/apps/1016390/header.jpg?t=1568374699,0,"Single-player,Tracked Controller Support,VR Only","Adventure,Casual,Simulation","Simulation,Casual,Adventure,VR,Free to Play",6.66,https://store.steampowered.com/app/1016390/,0.0,0.8775460704930963,casual singleplayer adventure vr simulation controller freetoplay
Re-O-Ri,2019-11-27,0.4892366412165478,0.0,0,https://shared.akamai.steamstatic.com/store_item_assets/steam/apps/958750/header.jpg?t=1593644452,0,"Single-player,Multi-player,PvP,Online PvP,Tracked Controller Support,VR Only","Free To Play,Indie,Strategy,Early Access","Free to Play,Indie,Strategy,Early Access,VR,Card Game",6.44,https://store.steampowered.com/app/958750/,0.0,0.8775403635321957,singleplayer onlinepvp controller multiplayer pvp indie vr earlyaccess freetoplay strategy cardgame
The Pepper Prince: Episode 1 - Red Hot Chili Wedding,2019-01-03,0.5557766305439302,0.0,5,https://shared.akamai.steamstatic.com/store_item_assets/steam/apps/975290/header.jpg?t=1744756925,0,"Single-player,Steam Achievements","Adventure,Casual,Indie","LGBTQ+,Point & Click,Adventure,Minimalist,Abstract,Retro,2D,Emotional,Drama,Comedy,Fantasy,Romance,Episodic,Indie,Free to Play,Singleplayer,Female Protagonist,Exploration,Conversation,Text-Based",7.34,https://store.steampowered.com/app/975290/,0.0,0.8775258583399064,casual fantasy abstract romance femaleprotagonist emotional adventure singleplayer conversation minimalist 2d textbased drama indie freetoplay exploration episodic lgbtq+ pointandclick comedy retro
ParryRobot,2023-12-04,0.5557766305439302,0.0,0,https://shared.akamai.steamstatic.com/store_item_assets/steam/apps/2467400/header.jpg?t=1763467411,0,"Single-player,Partial Controller Support","Action,Indie,Free To Play","Action,PvE,3D,Souls-like,3D Fighter,Third Person,Cyberpunk,Steampunk,Free to Play,Indie,Retro,Singleplayer",2.42,https://store.steampowered.com/app/2467400/,0.0,0.8775258583399064,cyberpunk singleplayer pve action indie thirdperson 3dfighter controller 3d freetoplay retro soulslike steampunk
Necrosphere64,2024-08-13,0.4892366412165478,0.0,0,https://shared.akamai.steamstatic.com/store_item_assets/steam/apps/2836010/header.jpg?t=1738240678,0,"Single-player,Steam Achievements,Full controller support","Action,Adventure,Free To Play","Metroidvania,Precision Platformer,Action,2D Platformer,Adventure,Platformer,Arcade,2D,Controller,Multiple Endings,Pixel Graphics,Free to Play,Old School,Retro,Singleplayer",1.73,https://store.steampowered.com/app/2836010/,0.0,0.8775258583399064,singleplayer platformer oldschool controller action pixelgraphics adventure 2dplatformer multipleendings precisionplatformer arcade 2d freetoplay retro metroidvania
The Rose and I,2016-04-05,0.5557766305439302,0.0,0,https://shared.akamai.steamstatic.com/store_item_assets/steam/apps/396060/header.jpg?t=1477448823,10,"Single-player,Full controller support,VR Only,VR Supported","Casual,Indie","Indie,Casual,VR,Free to Play,Movie",10.08,https://store.steampowered.com/app/396060/,0.0,0.8774394287970504,casual singleplayer vr controller indie movie freetoplay
The Walking Fish 2: Final Frontier,2020-06-01,0.5557766305439302,0.0,0,https://shared.akamai.steamstatic.com/store_item_assets/steam/apps/1281200/header.jpg?t=1649339265,30,Single-player,"Adventure,Indie","Adventure,Indie,Horror,Surreal,Comedy,Experimental,Multiplayer,Singleplayer,Atmospheric",5.93,https://store.steampowered.com/app/1281200/,0.0,0.8774304361278515,singleplayer adventure surreal indie atmospheric comedy experimental multiplayer horror
Nemesis Perspective,2016-12-21,0.4892366412165478,0.0,0,https://shared.akamai.steamstatic.com/store_item_assets/steam/apps/537140/header.jpg?t=1745491468,31,"Single-player,Multi-player,PvP,Shared/Split Screen PvP,Full controller support,Tracked Controller Support,VR Only,Remote Play Together","Action,Indie","Action,Indie,VR,Asymmetric VR,Local Multiplayer",9.37,https://store.steampowered.com/app/537140/,0.0,0.8774009218326523,singleplayer controller action multiplayer pvp remoteplaytogether asymmetricvr indie vr localmultiplayer sharedsplitscreenpvp
Hyper Dash,2021-02-25,0.5557766305439302,0.0,7,https://shared.akamai.steamstatic.com/store_item_assets/steam/apps/1386890/cec50a8dae285665551c1efb1dce004faba39d1a/header.jpg?t=1760619104,70,"Single-player,Multi-player,PvP,Online PvP,Cross-Platform Multiplayer,Steam Achievements,Tracked Controller Support,VR Supported,In-App Purchases",Action,"Arena Shooter,FPS,PvP,VR,Competitive,Shooter,Arcade,e-sports,First-Person,Controller,Team-Based,Gun Customization,Action,Robots,Futuristic,Multiplayer,Combat,Singleplayer,Fast-Paced,Indie",5.19,https://store.steampowered.com/app/1386890/,0.0,0.8773755110176176,esports vr pvp inapppurchases controller multiplayer combat guncustomization singleplayer arcade arenashooter fps action indie teambased shooter futuristic fastpaced onlinepvp firstperson competitive crossplatformmultiplayer robots
Figment 2: Creed Valley - Prologue,2021-01-15,0.4892366412165478,0.0,0,https://shared.akamai.steamstatic.com/store_item_assets/steam/apps/1502260/header.jpg?t=1667821557,0,"Single-player,Full controller support","Action,Adventure,Indie","Action,Adventure,Puzzle,Comedy,Soundtrack,Surreal,Story Rich,Combat,Action-Adventure,Controller,Relaxing,2.5D,Singleplayer,Linear,Lore-Rich,Abstract,Colorful,Hand-drawn,Stylized,Family Friendly",5.3,https://store.steampowered.com/app/1502260/,0.0,0.8772728726682442,controller abstract surreal relaxing actionadventure combat storyrich puzzle familyfriendly adventure singleplayer colorful stylized lorerich action linear indie 2.5d handdrawn comedy soundtrack
Walking Zombie 2,2019-10-11,0.7185660793429937,0.0,1,https://shared.akamai.steamstatic.com/store_item_assets/steam/apps/965200/header.jpg?t=1667495379,109,"Single-player,Steam Achievements,Steam Trading Cards,In-App Purchases,Steam Cloud","Action,Adventure,Indie,RPG","FPS,Zombies,Open World Survival Craft,Multiplayer,Shooter,Open World,Survival,Sandbox,Post-apocalyptic,First-Person,Action RPG,RPG,Dark Humor,Story Rich,Gun Customization,Action,Pixel Graphics,Stylized,Crafting,Adventure",6.57,https://store.steampowered.com/app/965200/,0.0,0.8772233613560323,pixelgraphics inapppurchases postapocalyptic multiplayer openworld storyrich openworldsurvivalcraft guncustomization adventure stylized survival zombies actionrpg fps action indie rpg shooter sandbox darkhumor singleplayer firstperson crafting
Long Live Santa!,2017-12-19,0.6780830971139326,0.0,0,https://shared.akamai.steamstatic.com/store_item_assets/steam/apps/763410/header.jpg?t=1608144364,29,"Multi-player,PvP,Online PvP","Action,Free To Play,Indie","Free to Play,Multiplayer,Funny,Action,Indie,Fighting,Survival,Memes,Swordplay,Psychological Horror,Battle Royale,Voxel,Pixel Graphics,Gore,Combat,Great Soundtrack,Violent,Controller,Horror",8.38,https://store.steampowered.com/app/763410/,0.0,0.8772024890213255,pixelgraphics pvp funny multiplayer combat violent voxel greatsoundtrack gore swordplay survival psychologicalhorror action indie battleroyale freetoplay memes fighting horror onlinepvp controller
The Mirror Lied,2018-10-25,0.5962588843196084,0.0,0,https://shared.akamai.steamstatic.com/store_item_assets/steam/apps/828050/header.jpg?t=1684897927,35,"Single-player,Partial Controller Support","Adventure,Indie","Indie,Adventure,RPGMaker,Free to Play,Horror,Psychological Horror,Pixel Graphics,Female Protagonist,Puzzle,2D,Singleplayer,Short",7.53,https://store.steampowered.com/app/828050/,0.0,0.8771675092615618,singleplayer psychologicalhorror short puzzle pixelgraphics adventure indie rpgmaker femaleprotagonist controller 2d freetoplay horror
Arcus,2020-12-31,0.5962588843196084,0.0,0,https://shared.akamai.steamstatic.com/store_item_assets/steam/apps/1479960/header.jpg?t=1609425195,0,Single-player,Action,"Action,Shooter,Third-Person Shooter,3D,Anime,Colorful,Stylized,Third Person,Fantasy,Medieval,Archery,Swordplay,Singleplayer,Hack and Slash,Female Protagonist,Tower Defense,Free to Play",5.34,https://store.steampowered.com/app/1479960/,0.0,0.8771379297053131,singleplayer fantasy thirdpersonshooter action archery anime shooter colorful thirdperson towerdefense femaleprotagonist 3d freetoplay swordplay medieval hackandslash stylized
School of Magic: Deck and Slash Prologue,2020-08-31,0.4892366412165478,0.0,0,https://shared.akamai.steamstatic.com/store_item_assets/steam/apps/1384550/c2caf81549dd3112be94b61b7857918ffa4a5b68/header.jpg?t=1762100331,0,Single-player,"RPG,Strategy,Free To Play","Roguelike Deckbuilder,Hack and Slash,Rogue-like,RPG,Strategy,Dungeon Crawler,Card Game,Board Game,Action RPG,3D,Isometric,Perma Death,Top-Down,Rogue-lite,Choices Matter,Deckbuilding,Stylized,Fantasy,Loot,Magic",5.68,https://store.steampowered.com/app/1384550/,0.0,0.8770666113690143,fantasy boardgame deckbuilding roguelikedeckbuilder loot roguelite roguelike permadeath cardgame stylized actionrpg isometric rpg 3d freetoplay magic singleplayer choicesmatter topdown strategy hackandslash dungeoncrawler
Bad Credit,2022-02-17,0.4892366412165478,0.0,0,https://shared.akamai.steamstatic.com/store_item_assets/steam/apps/1857550/header.jpg?t=1714023532,0,"Single-player,Steam Achievements","Indie,RPG","RPG,Visual Novel,Choose Your Own Adventure,Pixel Graphics,Comedy,Dark Humor,Drama,Choices Matter,Conversation,Multiple Endings,Nonlinear,Text-Based,Singleplayer,America,Political,Indie,Western,Dark Comedy",4.21,https://store.steampowered.com/app/1857550/,0.0,0.8770666113690143,pixelgraphics america western political singleplayer conversation nonlinear visualnovel textbased chooseyourownadventure drama indie rpg darkhumor choicesmatter darkcomedy multipleendings comedy
Rival Rides,2023-06-11,0.4892366412165478,0.0,0,https://shared.akamai.steamstatic.com/store_item_assets/steam/apps/1978380/header.jpg?t=1697197524,0,"Single-player,Multi-player,PvP,Online PvP,Cross-Platform Multiplayer,Tracked Controller Support,VR Only","Action,Casual,Indie","VR,Party Game,Funny,Multiplayer,Colorful,Casual,Action,PvP,Comedy,Family Friendly,Character Customization,Beat 'em up,Runner,Team-Based,Cartoon,Cute,Combat Racing,Singleplayer,Indie,Racing",2.9,https://store.steampowered.com/app/1978380/,0.0,0.8770666113690143,casual combatracing pvp partygame funny controller charactercustomization multiplayer runner familyfriendly singleplayer vr colorful racing beatemup action indie teambased cartoon onlinepvp cute crossplatformmultiplayer comedy
Jet-Story 2018,2018-07-03,0.5557766305439302,0.0,1,https://shared.akamai.steamstatic.com/store_item_assets/steam/apps/872700/header.jpg?t=1530603055,0,"Single-player,Partial Controller Support","Action,Free To Play,Indie","Action,Free to Play,Indie,2D",7.84,https://store.steampowered.com/app/872700/,0.0,0.8770666113690143,singleplayer action indie controller 2d freetoplay
Nebula Within,2020-10-20,0.4892366412165478,0.0,1,https://shared.akamai.steamstatic.com/store_item_assets/steam/apps/1302730/header.jpg?t=1759452600,0,"Single-player,Multi-player,Co-op,Shared/Split Screen Co-op,Shared/Split Screen,Steam Achievements,Full controller support,Steam Cloud,Stats,Remote Play Together","Action,Indie","Indie,Emotional,Twin Stick Shooter,Experimental,Philosophical,Psychological,Colorful,Stylized,Abstract,Minimalist,Retro,Atmospheric,Relaxing,Space,Local Co-Op,Shooter,Psychedelic,Procedural Generation,4 Player Local,Controller",5.54,https://store.steampowered.com/app/1302730/,0.0,0.8770666113690143,sharedsplitscreencoop controller abstract psychedelic relaxing emotional multiplayer remoteplaytogether minimalist colorful psychological proceduralgeneration 4playerlocal stylized coop action indie stats shooter twinstickshooter splitscreen philosophical singleplayer atmospheric experimental space retro
Pirates Vikings & Knights II,2010-02-12,0.755384370197392,0.0,0,https://shared.akamai.steamstatic.com/store_item_assets/steam/apps/17570/header.jpg?t=1755116237,60,"Multi-player,PvP,Online PvP,Cross-Platform Multiplayer,Mods,Steam Achievements,Steam Workshop,Steam Cloud,Valve Anti-Cheat enabled,Stats,Includes level editor,Includes Source SDK","Action,Indie,Free To Play","Free to Play,Multiplayer,Action,Medieval,Pirates,FPS,Swordplay,Funny,First-Person,Hack and Slash,Indie,Mod,Historical,Vikings,PvP,Fast-Paced,Singleplayer,Shooter,Massively Multiplayer,Memes",16.23,https://store.steampowered.com/app/17570/,0.0,0.877027319064426,includessourcesdk pvp funny medieval multiplayer massivelymultiplayer includesleveleditor singleplayer swordplay mod fps action indie stats shooter freetoplay memes fastpaced onlinepvp pirates firstperson crossplatformmultiplayer historical vikings hackandslash
Polychromatic,2015-10-02,0.4892366412165478,0.0,1,https://shared.akamai.steamstatic.com/store_item_assets/steam/apps/384590/header.jpg?t=1712428465,0,"Single-player,Steam Achievements,Full controller support,Steam Trading Cards,Stats,Steam Leaderboards,Remote Play on TV","Action,Indie,Free To Play","Indie,Action,Twin Stick Shooter,Arena Shooter,Great Soundtrack,Arcade,Colorful,Free to Play",10.59,https://store.steampowered.com/app/384590/,0.0,0.8767486711583967,singleplayer remoteplayontv greatsoundtrack controller action indie stats arenashooter colorful twinstickshooter arcade freetoplay
Knight Club +,2020-10-09,0.5557766305439302,0.0,0,https://shared.akamai.steamstatic.com/store_item_assets/steam/apps/1056720/header.jpg?t=1734547660,0,"Multi-player,PvP,Online PvP,Shared/Split Screen PvP,Steam Achievements,Full controller support,Remote Play Together","Action,Casual,Indie","2D Fighter,Casual,PvP,Competitive,Platformer,Fighting,2D,Action,Cute,Pixel Graphics,Colorful,Fantasy,Medieval,Multiplayer,Family Friendly,Combat,4 Player Local,Local Multiplayer,Indie,2D Platformer",5.57,https://store.steampowered.com/app/1056720/,0.0,0.8767178223844088,casual fantasy controller pixelgraphics localmultiplayer pvp medieval multiplayer combat familyfriendly remoteplaytogether colorful 2d sharedsplitscreenpvp 4playerlocal action indie 2dplatformer fighting platformer onlinepvp 2dfighter competitive cute
Moe Era,2020-02-04,0.6780830971139326,0.0,1,https://shared.akamai.steamstatic.com/store_item_assets/steam/apps/1159660/header.jpg?t=1595371339,0,"Single-player,Steam Achievements,Partial Controller Support,Remote Play on Phone,Remote Play on Tablet","Casual,Free To Play,Indie","Free to Play,Visual Novel,Anime,Sexual Content,Psychological Horror,Dating Sim,Cute,Indie,Romance,Nudity,Casual,Choices Matter,Singleplayer,2D,Multiple Endings,Story Rich,First-Person,Atmospheric,Memes,Replay Value",6.25,https://store.steampowered.com/app/1159660/,0.0,0.8765428664807267,casual remoteplayonphone romance controller nudity storyrich replayvalue singleplayer remoteplayontablet anime visualnovel 2d psychologicalhorror datingsim indie freetoplay memes choicesmatter firstperson sexualcontent cute multipleendings atmospheric
さよならナイト・キャップ,2023-08-25,0.4892366412165478,0.0,0,https://shared.akamai.steamstatic.com/store_item_assets/steam/apps/2490020/header.jpg?t=1694145533,0,Single-player,"Adventure,Casual,Indie","Adventure,Atmospheric,Visual Novel,Choose Your Own Adventure,Casual,Fantasy,Puzzle,Design & Illustration,Collectathon,2D,Anime,Pixel Graphics,Sci-fi,Retro,Puzzle-Platformer,Surreal,Female Protagonist,Choices Matter,Singleplayer,Indie",2.7,https://store.steampowered.com/app/2490020/,0.0,0.8765155150039438,casual fantasy pixelgraphics surreal designandillustration femaleprotagonist puzzle adventure singleplayer anime visualnovel 2d chooseyourownadventure indie collectathon puzzleplatformer choicesmatter scifi atmospheric retro
Glare fall,2020-04-20,0.4892366412165478,0.0,0,https://shared.akamai.steamstatic.com/store_item_assets/steam/apps/1279000/header.jpg?t=1598058097,0,"Single-player,Partial Controller Support","Free To Play,Indie","Free to Play,Indie,Pixel Graphics,Bullet Hell,Shoot 'Em Up,Cute",6.04,https://store.steampowered.com/app/1279000/,0.0,0.8765155150039438,singleplayer pixelgraphics indie cute bullethell controller freetoplay shootemup
"(val)iant: or, val's guide to having a broken vag",2023-06-01,0.5557766305439302,0.0,0,https://shared.akamai.steamstatic.com/store_item_assets/steam/apps/2388360/header.jpg?t=1685668474,0,Single-player,"Casual,Indie,Simulation","Casual,Education,Software,Point & Click,Puzzle,Rhythm,Visual Novel,Clicker,Story Rich,Sexual Content,Dynamic Narration,Cartoony,Colorful,Stylized,Comic Book,Emotional,LGBTQ+,Singleplayer,Romance,Abstract",2.93,https://store.steampowered.com/app/2388360/,0.0,0.8765155150039438,casual abstract romance simulation emotional education storyrich puzzle singleplayer colorful visualnovel cartoon stylized clicker indie rhythm lgbtq+ pointandclick dynamicnarration sexualcontent software comicbook
Hell Shuffle,2021-02-04,0.4892366412165478,0.0,0,https://shared.akamai.steamstatic.com/store_item_assets/steam/apps/1334650/header.jpg?t=1731847615,0,"Single-player,Steam Achievements,Steam Cloud","Adventure,Indie,RPG,Strategy,Free To Play,Early Access","Early Access,Rogue-lite,Deckbuilding,Turn-Based Combat,Card Game,RPG,Rogue-like,Turn-Based Strategy,Strategy,Card Battler,Trading Card Game,Colorful,Hand-drawn,Fantasy,Indie,Narration,Singleplayer,Party-Based RPG,Tactical RPG,Turn-Based Tactics",5.25,https://store.steampowered.com/app/1334650/,0.0,0.8765155150039438,fantasy deckbuilding turnbasedtactics roguelite turnbasedcombat roguelike adventure singleplayer tradingcardgame colorful narration cardgame tacticalrpg indie rpg earlyaccess turnbasedstrategy freetoplay partybasedrpg handdrawn strategy cardbattler
Lapso: NIMBO,2020-07-31,0.5557766305439302,0.0,0,https://shared.akamai.steamstatic.com/store_item_assets/steam/apps/1360430/header.jpg?t=1740826073,0,"Single-player,Steam Achievements,Partial Controller Support",Adventure,"Exploration,Sci-fi,Puzzle,Mystery,Atmospheric,Immersive,Adventure,First-Person,Singleplayer,Free to Play,Horror,Indie",5.76,https://store.steampowered.com/app/1360430/,0.0,0.876449200672729,mystery singleplayer scifi puzzle immersive firstperson adventure indie atmospheric controller freetoplay exploration horror
Missing Translation,2015-09-24,0.6780830971139326,0.0,1,https://shared.akamai.steamstatic.com/store_item_assets/steam/apps/395520/header.jpg?t=1447377587,40,"Single-player,Steam Achievements,Steam Trading Cards","Adventure,Casual,Free To Play,Indie","Free to Play,Pixel Graphics,Indie,Puzzle,Adventure,Casual,Great Soundtrack,Point & Click,Singleplayer,2D,Short,Atmospheric,Multiplayer",10.61,https://store.steampowered.com/app/395520/,0.0,0.8762518148409537,casual singleplayer short pointandclick greatsoundtrack puzzle pixelgraphics adventure indie atmospheric 2d freetoplay multiplayer
白昼梦 · 心象病院,2024-01-06,0.5557766305439302,0.0,3,https://shared.akamai.steamstatic.com/store_item_assets/steam/apps/1465710/header.jpg?t=1747780963,0,"Single-player,Steam Achievements,Steam Cloud","Adventure,Indie,RPG,Free To Play","Atmospheric,Psychological Horror,Emotional,Pixel Graphics,Story Rich,Puzzle,Mystery,Surreal,Futuristic,Psychological,Adventure,Horror,2D,RPG,JRPG,Drama,Multiple Endings,Singleplayer,Sci-fi,Gore",2.33,https://store.steampowered.com/app/1465710/,0.0,0.8761424915356435,pixelgraphics surreal jrpg emotional storyrich puzzle adventure singleplayer gore psychological 2d psychologicalhorror drama indie rpg futuristic freetoplay horror mystery scifi multipleendings atmospheric
Relentless Expanse,2025-01-14,0.5557766305439302,0.0,0,https://shared.akamai.steamstatic.com/store_item_assets/steam/apps/3229480/header.jpg?t=1750016462,0,"Single-player,Multi-player,PvP,Online PvP","Indie,Strategy,Free To Play,Early Access","Strategy,RTS,Multiplayer,Sci-fi,Space,Grand Strategy,Real Time Tactics,PvP,2D,Top-Down,Diplomacy,Economy,Futuristic,Tactical,War,Trading,PvE,Singleplayer,Management,Early Access",1.31,https://store.steampowered.com/app/3229480/,0.0,0.8760825107171027,war tactical pvp multiplayer pve diplomacy singleplayer rts 2d trading realtimetactics economy indie futuristic earlyaccess freetoplay onlinepvp scifi management grandstrategy space topdown strategy
Poker Night 2,2013-04-26,0.755384370197392,0.0,0,https://shared.akamai.steamstatic.com/store_item_assets/steam/apps/234710/header.jpg?t=1567209058,234,"Single-player,Full controller support,Remote Play on Phone,Remote Play on Tablet,Remote Play on TV,Family Sharing","Casual,Sports","Card Game,Comedy,Casual,Singleplayer,Gambling,Funny,Strategy,Sports,Point & Click,Atmospheric,Board Game,Simulation,Controller",13.03,https://store.steampowered.com/app/234710/,0.0,0.8760142209035972,casual remoteplayontv controller remoteplayonphone boardgame funny simulation singleplayer remoteplayontablet sports cardgame pointandclick atmospheric comedy strategy gambling
Sang-Froid - Tales of Werewolves,2013-04-05,0.6780830971139326,0.0,0,https://shared.akamai.steamstatic.com/store_item_assets/steam/apps/227220/header.jpg?t=1726588248,87,"Single-player,Steam Achievements,Steam Trading Cards","Action,Adventure,Indie,RPG,Strategy","Strategy,Werewolves,Tower Defense,Action,Indie,RPG,Adventure,Great Soundtrack,Singleplayer,Atmospheric,Third Person,Free to Play",13.08,https://store.steampowered.com/app/227220/,0.0,0.8759538502073765,singleplayer greatsoundtrack action werewolves adventure indie rpg thirdperson atmospheric freetoplay strategy towerdefense
Touhou : Shooting Star | 東方流星譚,2020-06-15,0.4892366412165478,0.0,0,https://shared.akamai.steamstatic.com/store_item_assets/steam/apps/1299420/header.jpg?t=1677780786,561,"Single-player,Full controller support",Indie,"Indie,Faith,Bullet Hell,Shoot 'Em Up,RPG,Anime",5.89,https://store.steampowered.com/app/1299420/,0.0,0.8756495064302616,singleplayer controller indie rpg anime bullethell faith shootemup
Perseverance: Part 1,2018-07-23,0.4892366412165478,0.0,0,https://shared.akamai.steamstatic.com/store_item_assets/steam/apps/854870/header.jpg?t=1662583284,7,"Single-player,Steam Achievements,Full controller support,Steam Cloud","Adventure,Indie","Adventure,Indie,Visual Novel,Horror,Zombies,Drama,Story Rich,Violent,Choices Matter,Mature,Comic Book,Stylized,2D,Anime,Dark,Mystery,Atmospheric,Linear,Narration,Conversation",7.79,https://store.steampowered.com/app/854870/,0.0,0.8756143979745719,controller storyrich violent adventure conversation anime visualnovel narration 2d stylized zombies drama mature indie linear dark horror mystery singleplayer choicesmatter atmospheric comicbook
Ghosts'n DJs,2020-02-06,0.5557766305439302,0.0,0,https://shared.akamai.steamstatic.com/store_item_assets/steam/apps/1207390/header.jpg?t=1581019279,0,"Single-player,Steam Achievements,Full controller support","Action,Free To Play,Indie","Free to Play,Action,Indie,Pixel Graphics,Satire,2D,Platformer",6.25,https://store.steampowered.com/app/1207390/,0.0,0.8756143979745719,singleplayer platformer controller action pixelgraphics indie 2d freetoplay satire
Desert Bus VR,2017-11-27,0.5557766305439302,0.0,0,https://shared.akamai.steamstatic.com/store_item_assets/steam/apps/638110/header.jpg?t=1513708518,28,"Single-player,Multi-player,PvP,Online PvP,Steam Achievements,Tracked Controller Support,VR Supported,Partial Controller Support","Casual,Free To Play,Simulation","Psychological Horror,Free to Play,Automobile Sim,VR,Simulation,Casual,Driving,Memes,Multiplayer,Survival Horror,Open World,Horror,Story Rich,Strategy,Action,Cold War,FPS,Anime,Funny,Gore",8.44,https://store.steampowered.com/app/638110/,0.0,0.8755632250147152,casual vr pvp funny controller simulation multiplayer openworld storyrich automobilesim survivalhorror anime gore psychologicalhorror fps action freetoplay coldwar memes driving horror singleplayer onlinepvp strategy
The Red Stare,2017-07-31,0.6330768564718121,0.0,0,https://shared.akamai.steamstatic.com/store_item_assets/steam/apps/625470/header.jpg?t=1572544837,35,"Single-player,Steam Achievements,Tracked Controller Support,VR Only","Action,Free To Play,Indie","Free to Play,Action,Indie,VR",8.76,https://store.steampowered.com/app/625470/,0.0,0.8754526853254436,singleplayer controller action indie vr freetoplay
Fruity Smoothie,2017-12-21,0.5557766305439302,0.0,0,https://shared.akamai.steamstatic.com/store_item_assets/steam/apps/763230/header.jpg?t=1516469298,21,"Single-player,Multi-player,PvP,Shared/Split Screen PvP,Co-op,Shared/Split Screen Co-op,Shared/Split Screen,Partial Controller Support,Remote Play Together","Casual,Free To Play,Indie","Free to Play,Indie,Casual,Co-op,Local Co-Op,Multiplayer,Psychological Horror",8.37,https://store.steampowered.com/app/763230/,0.0,0.8753988197378799,casual singleplayer sharedsplitscreencoop psychologicalhorror multiplayer coop pvp remoteplaytogether indie controller freetoplay splitscreen sharedsplitscreenpvp
契灵之约,2021-08-11,0.4892366412165478,0.0,2,https://shared.akamai.steamstatic.com/store_item_assets/steam/apps/1676880/header.jpg?t=1644904380,0,"Multi-player,MMO,PvP,Online PvP,Co-op,Online Co-op,In-App Purchases","Action,Adventure,Free To Play,Massively Multiplayer,RPG","Spectacle fighter,CRPG,RPG,Real Time Tactics,PvP,MMORPG,3D,Cute,Third Person,Action,Steampunk,Cyberpunk,Colorful,Adventure,Sci-fi,Modern,Combat,Co-op,Online Co-Op,Massively Multiplayer",4.73,https://store.steampowered.com/app/1676880/,0.0,0.8753853004247315,modern pvp inapppurchases massivelymultiplayer combat cyberpunk multiplayer adventure colorful steampunk realtimetactics crpg action rpg thirdperson coop 3d freetoplay onlinepvp scifi spectaclefighter mmorpg mmo cute
奕剑江湖,2024-08-06,0.6330768564718121,0.0,0,https://shared.akamai.steamstatic.com/store_item_assets/steam/apps/2701510/header.jpg?t=1733219605,2760,"Multi-player,MMO,PvP,Online PvP,In-App Purchases",,"Strategy,Action,Battle Royale,PvP,Multiplayer,Auto Battler,MOBA,Top-Down,Rogue-like,Action RTS,Rogue-lite,2.5D,Magic,Dark Fantasy,Free to Play",1.75,https://store.steampowered.com/app/2701510/,0.0,0.8751284334749104,pvp inapppurchases multiplayer roguelite roguelike action moba actionrts battleroyale freetoplay magic darkfantasy 2.5d autobattler onlinepvp mmo topdown strategy
Time Clickers,2015-07-23,0.7185660793429937,0.0,0,https://shared.akamai.steamstatic.com/store_item_assets/steam/apps/385770/header.jpg?t=1595729803,123,"Single-player,Steam Achievements","Action,Casual,Free To Play,Indie","Clicker,Free to Play,Casual,Indie,Action,Shooter,Singleplayer,FPS,Time Travel,Multiplayer,Voxel,Strategy,Simulation,Relaxing,First-Person,Adventure,RPG,Idler,Tower Defense,Point & Click",10.79,https://store.steampowered.com/app/385770/,0.0,0.8750921722849132,casual timetravel relaxing simulation multiplayer voxel adventure singleplayer idler fps action clicker indie rpg shooter freetoplay towerdefense pointandclick firstperson strategy
The Monster Inside,2017-08-01,0.6330768564718121,0.0,0,https://shared.akamai.steamstatic.com/store_item_assets/steam/apps/665490/header.jpg?t=1601827500,32,"Single-player,Steam Achievements","Free To Play,Indie","Free to Play,Indie,Visual Novel,Detective,Noir,Mystery,Short,Horror,Singleplayer,Atmospheric,Great Soundtrack",8.76,https://store.steampowered.com/app/665490/,0.0,0.8748563130501955,mystery singleplayer short greatsoundtrack indie atmospheric visualnovel detective noir freetoplay horror
Presidents Tower Defense,2024-10-18,0.4892366412165478,0.0,0,https://shared.akamai.steamstatic.com/store_item_assets/steam/apps/2761240/header.jpg?t=1729302456,0,"Single-player,Multi-player,Co-op,Online Co-op,Steam Achievements,Full controller support,In-App Purchases,Steam Cloud","Action,Casual,Indie,Free To Play","Online Co-Op,Tower Defense,Political,Hero Shooter,Action,Dark Humor,PvE,Third-Person Shooter,Perma Death,Funny,Third Person,Casual,Historical,Cartoony,Aliens,Combat,Singleplayer,Controller,Co-op,Multiplayer",1.55,https://store.steampowered.com/app/2761240/,0.0,0.8748007654984599,casual controller funny inapppurchases multiplayer combat pve permadeath political singleplayer cartoon action aliens indie thirdperson coop darkhumor freetoplay towerdefense heroshooter thirdpersonshooter historical
4 Elements,2010-07-12,0.5962588843196084,0.0,0,https://shared.akamai.steamstatic.com/store_item_assets/steam/apps/47000/header.jpg?t=1531770821,513,"Single-player,Steam Achievements,Steam Leaderboards,Family Sharing","Adventure,Casual","Casual,Puzzle,Match 3,Adventure,Hidden Object,Singleplayer,Fantasy",15.82,https://store.steampowered.com/app/47000/,0.0,0.8747890330241864,match3 casual singleplayer fantasy puzzle adventure hiddenobject
"Happy New Year, Zeliria!",2020-12-25,0.4892366412165478,0.0,2,https://shared.akamai.steamstatic.com/store_item_assets/steam/apps/1490190/header.jpg?t=1645033695,0,"Single-player,Steam Achievements,Steam Cloud","Adventure,Casual,Free To Play,Indie","Casual,Adventure,Visual Novel,Anime,2D,Free to Play,Cute,Hand-drawn,Atmospheric,Funny,Singleplayer,Indie,Sexual Content,Comedy,Multiple Endings,Nonlinear,Nudity",5.36,https://store.steampowered.com/app/1490190/,0.0,0.8747230154490783,casual funny nudity adventure singleplayer anime nonlinear visualnovel 2d indie freetoplay sexualcontent cute handdrawn atmospheric multipleendings comedy
Microsoft Maquette,2019-01-15,0.6330768564718121,0.0,0,https://shared.akamai.steamstatic.com/store_item_assets/steam/apps/967490/header.jpg?t=1574797726,14,"Single-player,Tracked Controller Support,VR Only","Casual,Free To Play","Free to Play,Casual,VR,Design & Illustration,Animation & Modeling,Beautiful",7.3,https://store.steampowered.com/app/967490/,0.0,0.8746558676791578,casual singleplayer controller beautiful vr animationandmodeling designandillustration freetoplay
Mini Drift Car,2024-02-23,0.4892366412165478,0.0,2,https://shared.akamai.steamstatic.com/store_item_assets/steam/apps/2821810/f30a5e03452112c59bf9f4920890b44b85193489/header.jpg?t=1755524447,0,"Single-player,Steam Achievements,Full controller support,In-App Purchases,Stats,Steam Leaderboards","Casual,Indie,Racing,Simulation,Sports,Free To Play","Racing,Driving,Automobile Sim,Sports,Rhythm,Simulation,Casual,Match 3,Realistic,Score Attack,Quick-Time Events,Indie,Idler,Runner,Combat Racing,3D Platformer,Immersive Sim,3D,3D Vision,Top-Down",2.2,https://store.steampowered.com/app/2821810/,0.0,0.8745457453364884,casual 3dplatformer combatracing controller inapppurchases simulation match3 runner automobilesim immersivesim realistic racing scoreattack sports idler indie stats 3d rhythm freetoplay driving singleplayer 3dvision quicktimeevents topdown
Halo Beats!,2020-01-30,0.4892366412165478,0.0,0,https://shared.akamai.steamstatic.com/store_item_assets/steam/apps/1224900/header.jpg?t=1589644916,0,Single-player,"Indie,Early Access","Indie,Early Access,Rhythm,Cute,Music,Music-Based Procedural Generation,Anime",6.26,https://store.steampowered.com/app/1224900/,0.0,0.8745457453364884,singleplayer indie anime music cute musicbasedproceduralgeneration earlyaccess rhythm
Cat Colony Crisis,2021-02-08,0.4892366412165478,0.0,0,https://shared.akamai.steamstatic.com/store_item_assets/steam/apps/1516760/header.jpg?t=1615992910,0,Single-player,"Casual,Free To Play,Indie,Simulation","Casual,Free to Play,Management,Singleplayer,Cats,Space,2D,Indie,Simulation,Colony Sim,Outbreak Sim,Cute,Cartoony,Hand-drawn,Top-Down,Artificial Intelligence,Resource Management,Anime",5.24,https://store.steampowered.com/app/1516760/,0.0,0.8744225576311293,casual artificialintelligence simulation outbreaksim singleplayer anime cartoon 2d colonysim resourcemanagement indie freetoplay management cats cute handdrawn space topdown
DragonLoop: Prologue,2025-05-20,0.4892366412165478,0.0,0,https://shared.akamai.steamstatic.com/store_item_assets/steam/apps/2781190/header.jpg?t=1747829601,0,"Single-player,Steam Achievements,Full controller support,Steam Cloud","Action,Adventure,Indie,RPG,Free To Play","Time Manipulation,Time Travel,Action,Metroidvania,Dragons,Female Protagonist,Cute,2D Platformer,Action-Adventure,Adventure,RPG,Indie,Free to Play,Hand-drawn,Singleplayer,2D",0.96,https://store.steampowered.com/app/2781190/,0.0,0.8743319784360123,timetravel controller femaleprotagonist actionadventure adventure singleplayer 2d metroidvania dragons action indie rpg 2dplatformer freetoplay timemanipulation cute handdrawn
Mutant Gate,2015-12-14,0.5557766305439302,0.0,0,https://shared.akamai.steamstatic.com/store_item_assets/steam/apps/406920/header.jpg?t=1756518532,225,"Single-player,Steam Achievements,Captions available,Steam Cloud","Action,Adventure,Indie,Free To Play","Shoot 'Em Up,Top-Down Shooter,Difficult,Real-Time,Shooter,Arcade,Rogue-like,2D,Text-Based,Story Rich,Action,Minimalist,Sci-fi,Atmospheric,Adventure,Retro,Dark,Singleplayer,Indie,Violent",10.39,https://store.steampowered.com/app/406920/,0.0,0.8743319784360123,storyrich violent roguelike adventure singleplayer minimalist arcade 2d textbased action indie shooter dark freetoplay topdownshooter shootemup scifi realtime atmospheric retro difficult
Machizzle,2021-01-07,0.4892366412165478,0.0,0,https://shared.akamai.steamstatic.com/store_item_assets/steam/apps/1301770/header.jpg?t=1703177942,0,"Single-player,Tracked Controller Support,VR Only","Casual,Indie,Simulation,Free To Play","Simulation,Casual,Physics,Puzzle,VR,3D,Indie,Building,Stylized,Fantasy,Level Editor,Singleplayer,Free to Play",5.33,https://store.steampowered.com/app/1301770/,0.0,0.8743319784360123,casual singleplayer leveleditor controller puzzle fantasy physics indie vr building simulation freetoplay 3d stylized
Russian Mailman Simulator,2021-05-05,0.4892366412165478,0.0,0,https://shared.akamai.steamstatic.com/store_item_assets/steam/apps/1584420/header.jpg?t=1669781418,0,"Single-player,Stats","Action,Casual,Simulation","Action,Simulation,Arcade,Shooter,FPS,Hero Shooter,Shoot 'Em Up,3D,First-Person,Violent,Cold War,Casual,Foreign,Combat,PvE,Singleplayer",5.0,https://store.steampowered.com/app/1584420/,0.0,0.8743319784360123,violent casual singleplayer pve fps heroshooter action firstperson stats shooter arcade simulation coldwar foreign 3d shootemup combat
System Invaders,2020-03-27,0.4892366412165478,0.0,1,https://shared.akamai.steamstatic.com/store_item_assets/steam/apps/1253110/header.jpg?t=1686673427,0,"Single-player,Multi-player,Co-op,Shared/Split Screen Co-op,Shared/Split Screen,Steam Achievements,Partial Controller Support,Steam Cloud,Stats,Steam Leaderboards,Remote Play Together","Action,Casual,Indie","Action,Indie,Casual,Shoot 'Em Up,Retro",6.11,https://store.steampowered.com/app/1253110/,0.0,0.8743319784360123,casual singleplayer sharedsplitscreencoop action multiplayer remoteplaytogether indie stats retro controller coop splitscreen shootemup
Cooking Companions: Appetizer Edition,2020-10-06,0.4892366412165478,0.0,1,https://shared.akamai.steamstatic.com/store_item_assets/steam/apps/1419370/header.jpg?t=1668706547,0,"Single-player,Steam Achievements","Casual,Free To Play,Indie","Visual Novel,Psychological Horror,Anime,Cute,Horror,Free to Play,Casual,Choose Your Own Adventure,Interactive Fiction,Multiple Endings,Story Rich,Narration,Singleplayer,Dating Sim,Fantasy,Indie,Sexual Content,Nudity,Choices Matter,Text-Based",5.58,https://store.steampowered.com/app/1419370/,0.0,0.8742915982549542,casual fantasy nudity interactivefiction storyrich singleplayer anime visualnovel narration textbased psychologicalhorror chooseyourownadventure datingsim indie freetoplay horror choicesmatter sexualcontent cute multipleendings
UNDEFEATED,2019-08-02,0.7185660793429937,0.0,0,https://shared.akamai.steamstatic.com/store_item_assets/steam/apps/1116960/header.jpg?t=1727686459,0,"Single-player,Full controller support","Action,Indie,Free To Play","Free to Play,Superhero,Open World,Multiplayer,Action,Indie,Singleplayer,Sandbox,Third Person,Fighting,Funny,Online Co-Op,Controller,Nudity,Hentai,Flight",6.76,https://store.steampowered.com/app/1116960/,0.0,0.8742183426156411,singleplayer controller action indie sandbox superhero multiplayer thirdperson funny coop hentai freetoplay flight fighting openworld nudity
Heroine's Quest: The Herald of Ragnarok,2014-03-20,0.6780830971139326,0.0,1,https://shared.akamai.steamstatic.com/store_item_assets/steam/apps/283880/header.jpg?t=1745510196,45,"Single-player,Steam Achievements,Steam Trading Cards,Captions available,Camera Comfort,Color Alternatives,Custom Volume Controls,Adjustable Difficulty,Mouse Only Option,Playable without Timed Input,Save Anytime,Subtitle Options,Touch Only Option,Steam Cloud,Stats,Steam Leaderboards,Commentary available","Adventure,Indie,RPG,Free To Play","Adventure,RPG,Free to Play,Female Protagonist,Point & Click,Indie,Retro,Singleplayer,Fantasy,Pixel Graphics,Mythology,Magic,Story Rich,Exploration,Hand-drawn,Lore-Rich,Character Customization,Replay Value,Nonlinear,Family Friendly",12.13,https://store.steampowered.com/app/283880/,0.0,0.8741539641607566,playablewithouttimedinput fantasy pixelgraphics mythology femaleprotagonist charactercustomization customvolumecontrols storyrich replayvalue familyfriendly adventure singleplayer nonlinear commentaryavailable lorerich indie rpg stats touchonlyoption freetoplay magic exploration saveanytime pointandclick mouseonly handdrawn coloralternatives retro
Grand Theft Auto V Legacy,2015-04-13,0.96318167408801,0.0,0,https://shared.akamai.steamstatic.com/store_item_assets/steam/apps/271590/header.jpg?t=1765387725,5846,"Single-player,Multi-player,PvP,Online PvP,Co-op,Online Co-op,Steam Achievements,Full controller support,Remote Play on Phone,Remote Play on Tablet,Remote Play on TV","Action,Adventure","Open World,Action,Multiplayer,Crime,Automobile Sim,Third Person,First-Person,Mature,Shooter,Adventure,Singleplayer,Third-Person Shooter,Racing,Co-op,Sandbox,Atmospheric,Funny,Great Soundtrack,Comedy,Moddable",11.06,https://store.steampowered.com/app/271590/,0.0,0.8741163132897076,remoteplayontv controller remoteplayonphone pvp funny crime multiplayer openworld greatsoundtrack automobilesim adventure singleplayer remoteplayontablet racing action mature thirdperson coop shooter sandbox moddable onlinepvp thirdpersonshooter firstperson atmospheric comedy
